group_id	pair_count	categories	top_ratio	primary_name	example_other_name
5735	15	default_camera:same_core,default_embedded:adjacent_id,default_embedded:other,default_embedded:same_core,default_shotwell:adjacent_id,default_shotwell:other,default_shotwell:same_core	42.57	img_7460_cr2_embedded.jpg	defaultimg_7461_cr2_shotwell.jpg
5782	6	default_camera:same_core,default_embedded:adjacent_id,default_embedded:same_core,default_shotwell:adjacent_id,default_shotwell:same_core	53.92	img_7497_cr2_shotwell.jpg	defaultimg_7497_cr2_shotwell.jpg
5771	6	default_camera:same_core,default_embedded:adjacent_id,default_embedded:same_core,default_shotwell:adjacent_id,default_shotwell:same_core	60.98	img_7482_cr2_shotwell.jpg	defaultimg_7482_cr2_shotwell.jpg
5738	9	default_camera:same_core,default_embedded:adjacent_id,default_embedded:same_core,default_shotwell:adjacent_id,default_shotwell:same_core	46.26	img_7464_cr2_embedded.jpg	defaultimg_7466_cr2_shotwell.jpg
5732	6	default_camera:same_core,default_embedded:adjacent_id,default_embedded:same_core,default_shotwell:adjacent_id,default_shotwell:same_core	43.47	img_7455_cr2_embedded_1.jpg	defaultimg_7454_cr2_shotwell.jpg
5723	9	default_camera:same_core,default_embedded:adjacent_id,default_embedded:same_core,default_shotwell:adjacent_id,default_shotwell:same_core	50.71	img_7445_cr2_embedded.jpg	defaultimg_7447_cr2_shotwell.jpg
5094	9	default_camera:same_core,default_embedded:adjacent_id,default_embedded:same_core,default_shotwell:adjacent_id,default_shotwell:same_core	40.29	img_7426_cr2_embedded.jpg	defaultimg_7424_cr2_shotwell.jpg
5042	6	default_camera:same_core,default_embedded:adjacent_id,default_embedded:same_core,default_shotwell:adjacent_id,default_shotwell:same_core	43.11	img_7422_cr2_shotwell.jpg	defaultimg_7421_cr2_shotwell.jpg
4806	6	default_camera:same_core,default_embedded:adjacent_id,default_embedded:same_core,default_shotwell:adjacent_id,default_shotwell:same_core	50.16	img_5586_cr2_embedded.jpg	defaultimg_5585_cr2_shotwell.jpg
4793	6	default_camera:same_core,default_embedded:other,default_embedded:same_core,default_shotwell:other,default_shotwell:same_core	40.47	img_5575_cr2_embedded.jpg	defaultimg_5578_cr2_shotwell.jpg
2182	7	default_camera:same_core,default_embedded:adjacent_id,default_embedded:same_core,default_shotwell:adjacent_id,default_shotwell:same_core	305.21	img_2015_cr2_shotwell.jpg	defaultimg_2014_cr2_shotwell.jpg
6681	3	default_camera:same_core,default_embedded:same_core,default_shotwell:same_core	41.56	img_9773_cr2_embedded.jpg	defaultimg_9773_cr2_shotwell.jpg
6679	3	default_camera:same_core,default_embedded:same_core,default_shotwell:same_core	552.44	img_9772.cr2	defaultimg_9772_cr2_shotwell.jpg
6149	3	default_camera:same_core,default_embedded:same_core,default_shotwell:same_core	49.52	img_8279_cr2_embedded.jpg	defaultimg_8279_cr2_shotwell.jpg
6148	3	default_camera:same_core,default_embedded:same_core,default_shotwell:same_core	289.67	img_8281.cr2	defaultimg_8281_cr2_shotwell.jpg
6146	3	default_camera:same_core,default_embedded:same_core,default_shotwell:same_core	294.96	img_8277.cr2	defaultimg_8277_cr2_shotwell.jpg
6145	3	default_camera:same_core,default_embedded:same_core,default_shotwell:same_core	259.72	img_8276.cr2	defaultimg_8276_cr2_shotwell.jpg
6140	3	default_camera:same_core,default_embedded:same_core,default_shotwell:same_core	830.15	img_8253.cr2	defaultimg_8253_cr2_shotwell.jpg
6139	3	default_camera:same_core,default_embedded:same_core,default_shotwell:same_core	658.79	img_8270.cr2	defaultimg_8270_cr2_shotwell.jpg
6137	3	default_camera:same_core,default_embedded:same_core,default_shotwell:same_core	318.16	img_8250.cr2	defaultimg_8250_cr2_shotwell.jpg
6110	3	default_camera:same_core,default_embedded:same_core,default_shotwell:same_core	45.29	img_8224_cr2_embedded.jpg	defaultimg_8224_cr2_shotwell.jpg
6108	3	default_camera:same_core,default_embedded:same_core,default_shotwell:same_core	426.13	img_8223.cr2	defaultimg_8223_cr2_shotwell.jpg
6098	6	default_camera:same_core,default_embedded:same_core,default_shotwell:same_core	351.93	img_8124.cr2	defaultimg_8123_cr2_shotwell.jpg
6089	3	default_camera:same_core,default_embedded:same_core,default_shotwell:same_core	369.13	img_8109.cr2	defaultimg_8109_cr2_shotwell.jpg
6084	3	default_camera:same_core,default_embedded:same_core,default_shotwell:same_core	542.61	img_8097.cr2	defaultimg_8097.cr2
5919	3	default_camera:same_core,default_embedded:same_core,default_shotwell:same_core	119.47	img_7739_cr2_embedded.jpg	defaultimg_7739_cr2_shotwell.jpg
5897	3	default_camera:same_core,default_embedded:same_core,default_shotwell:same_core	345.78	img_7586.cr2	defaultimg_7586_cr2_shotwell.jpg
5875	3	default_camera:same_core,default_embedded:same_core,default_shotwell:same_core	34.49	img_7579_cr2_embedded.jpg	defaultimg_7579_cr2_shotwell.jpg
5873	3	default_camera:same_core,default_embedded:same_core,default_shotwell:same_core	37.67	img_7578_cr2_embedded.jpg	defaultimg_7578_cr2_shotwell.jpg
5871	3	default_camera:same_core,default_embedded:same_core,default_shotwell:same_core	38.97	img_7571_cr2_embedded.jpg	defaultimg_7571_cr2_shotwell.jpg
5868	3	default_camera:same_core,default_embedded:same_core,default_shotwell:same_core	35.39	img_7572_cr2_embedded.jpg	defaultimg_7572_cr2_shotwell.jpg
5867	3	default_camera:same_core,default_embedded:same_core,default_shotwell:same_core	42.36	img_7567_cr2_embedded.jpg	defaultimg_7567_cr2_shotwell.jpg
5866	3	default_camera:same_core,default_embedded:same_core,default_shotwell:same_core	49.61	img_7566_cr2_embedded.jpg	defaultimg_7566_cr2_shotwell.jpg
5865	3	default_camera:same_core,default_embedded:same_core,default_shotwell:same_core	43.85	img_7568_cr2_embedded.jpg	defaultimg_7568_cr2_shotwell.jpg
5864	3	default_camera:same_core,default_embedded:same_core,default_shotwell:same_core	350.27	img_7563.cr2	defaultimg_7563_cr2_shotwell.jpg
5862	3	default_camera:same_core,default_embedded:same_core,default_shotwell:same_core	37.6	img_7562_cr2_embedded.jpg	defaultimg_7562_cr2_shotwell.jpg
5860	3	default_camera:same_core,default_embedded:same_core,default_shotwell:same_core	461.0	img_7561.cr2	defaultimg_7561_cr2_shotwell.jpg
5859	3	default_camera:same_core,default_embedded:same_core,default_shotwell:same_core	43.04	img_7560_cr2_embedded.jpg	defaultimg_7560_cr2_shotwell.jpg
5856	3	default_camera:same_core,default_embedded:same_core,default_shotwell:same_core	49.74	img_7556_cr2_embedded.jpg	defaultimg_7556_cr2_shotwell.jpg
5854	3	default_camera:same_core,default_embedded:same_core,default_shotwell:same_core	43.87	img_7554_cr2_embedded.jpg	defaultimg_7554_cr2_shotwell.jpg
5851	4	default_camera:same_core,default_embedded:same_core,default_shotwell:same_core	449.48	img_7550.cr2	defaultimg_7551_cr2_shotwell.jpg
5848	3	default_camera:same_core,default_embedded:same_core,default_shotwell:same_core	54.89	img_7548_cr2_embedded.jpg	defaultimg_7548_cr2_shotwell.jpg
5846	3	default_camera:same_core,default_embedded:same_core,default_shotwell:same_core	53.84	img_7547_cr2_embedded.jpg	defaultimg_7547_cr2_shotwell.jpg
5845	3	default_camera:same_core,default_embedded:same_core,default_shotwell:same_core	470.35	img_7546.cr2	defaultimg_7546_cr2_shotwell.jpg
5844	3	default_camera:same_core,default_embedded:same_core,default_shotwell:same_core	282.61	img_7544.cr2	defaultimg_7544_cr2_shotwell.jpg
5841	3	default_camera:same_core,default_embedded:same_core,default_shotwell:same_core	223.15	img_7541.cr2	defaultimg_7541_cr2_shotwell.jpg
5840	3	default_camera:same_core,default_embedded:same_core,default_shotwell:same_core	417.21	img_7543.cr2	defaultimg_7543_cr2_shotwell.jpg
5838	3	default_camera:same_core,default_embedded:same_core,default_shotwell:same_core	255.11	img_7539.cr2	defaultimg_7539_cr2_shotwell.jpg
5836	3	default_camera:same_core,default_embedded:same_core,default_shotwell:same_core	913.41	img_7535.cr2	defaultimg_7533_cr2_shotwell.jpg
5813	3	default_camera:same_core,default_embedded:same_core,default_shotwell:same_core	54.6	img_7513_cr2_embedded.jpg	defaultimg_7513_cr2_shotwell.jpg
5801	3	default_camera:same_core,default_embedded:same_core,default_shotwell:same_core	466.11	img_7504.cr2	defaultimg_7504_cr2_shotwell.jpg
5795	12	default_camera:same_core,default_embedded:same_core,default_shotwell:same_core	452.5	img_7505.cr2	defaultimg_7505_cr2_shotwell.jpg
5794	3	default_camera:same_core,default_embedded:same_core,default_shotwell:same_core	492.58	img_7503.cr2	defaultimg_7503_cr2_shotwell.jpg
5790	3	default_camera:same_core,default_embedded:same_core,default_shotwell:same_core	52.42	img_7499_cr2_shotwell.jpg	defaultimg_7499_cr2_shotwell.jpg
5789	7	default_camera:same_core,default_embedded:same_core,default_shotwell:same_core	468.59	img_7502.cr2	defaultimg_7500_cr2_shotwell.jpg
5784	3	default_camera:same_core,default_embedded:same_core,default_shotwell:same_core	488.33	img_7496.cr2	defaultimg_7496_cr2_shotwell.jpg
5769	3	default_camera:same_core,default_embedded:same_core,default_shotwell:same_core	56.9	img_7481_cr2_shotwell.jpg	defaultimg_7481_cr2_shotwell.jpg
5768	3	default_camera:same_core,default_embedded:same_core,default_shotwell:same_core	53.26	img_7480_cr2_shotwell.jpg	defaultimg_7480_cr2_shotwell.jpg
5764	3	default_camera:same_core,default_embedded:same_core,default_shotwell:same_core	473.56	img_7478.cr2	defaultimg_7478_cr2_shotwell.jpg
5746	5	default_camera:same_core,default_embedded:same_core,default_shotwell:same_core	330.98	img_7472.cr2	defaultimg_7471_cr2_shotwell.jpg
5743	13	default_camera:same_core,default_embedded:same_core,default_shotwell:same_core	348.09	img_7470.cr2	defaultimg_7469_cr2_shotwell.jpg
5739	3	default_camera:same_core,default_embedded:same_core,default_shotwell:same_core	44.81	img_7463_cr2_embedded.jpg	defaultimg_7463_cr2_shotwell.jpg
5728	15	default_camera:same_core,default_embedded:same_core,default_shotwell:same_core	363.73	img_7451.cr2	defaultimg_7453_cr2_shotwell.jpg
5727	3	default_camera:same_core,default_embedded:same_core,default_shotwell:same_core	50.85	img_7448_cr2_shotwell.jpg	defaultimg_7448_cr2_shotwell.jpg
5726	3	default_camera:same_core,default_embedded:same_core,default_shotwell:same_core	48.95	img_7446_cr2_shotwell.jpg	defaultimg_7446_cr2_shotwell.jpg
5713	3	default_camera:same_core,default_embedded:same_core,default_shotwell:same_core	406.71	img_7442.cr2	defaultimg_7442_cr2_shotwell.jpg
5700	3	default_camera:same_core,default_embedded:same_core,default_shotwell:same_core	336.33	img_7441.cr2	defaultimg_7441_cr2_shotwell.jpg
5680	3	default_camera:same_core,default_embedded:same_core,default_shotwell:same_core	47.77	img_7440_cr2_embedded.jpg	defaultimg_7440_cr2_shotwell.jpg
5599	3	default_camera:same_core,default_embedded:same_core,default_shotwell:same_core	40.18	img_7436_cr2_embedded.jpg	defaultimg_7436_cr2_shotwell.jpg
5562	3	default_camera:same_core,default_embedded:same_core,default_shotwell:same_core	501.85	img_7435.cr2	defaultimg_7435_cr2_shotwell.jpg
5524	3	default_camera:same_core,default_embedded:same_core,default_shotwell:same_core	48.09	img_7434_cr2_shotwell.jpg	defaultimg_7434_cr2_shotwell.jpg
5479	3	default_camera:same_core,default_embedded:same_core,default_shotwell:same_core	309.0	img_7433.cr2	defaultimg_7433_cr2_shotwell.jpg
5346	3	default_camera:same_core,default_embedded:same_core,default_shotwell:same_core	45.52	img_7430_cr2_embedded.jpg	defaultimg_7430_cr2_shotwell.jpg
5165	3	default_camera:same_core,default_embedded:same_core,default_shotwell:same_core	46.03	img_7429_cr2_embedded.jpg	defaultimg_7429_cr2_shotwell.jpg
5003	4	default_camera:same_core,default_embedded:same_core,default_shotwell:same_core	345.75	img_5853.cr2	defaultimg_5853_cr2_embedded_1_1.jpg
5002	3	default_camera:same_core,default_embedded:same_core,default_shotwell:same_core	33.81	img_7419_cr2_shotwell.jpg	defaultimg_7419_cr2_shotwell.jpg
4999	4	default_camera:same_core,default_embedded:same_core,default_shotwell:same_core	1081.96	img_5843.cr2	defaultimg_5843_cr2_shotwell.jpg
4996	4	default_camera:same_core,default_embedded:same_core,default_shotwell:same_core	571.65	img_5841.cr2	defaultimg_5841_cr2_shotwell.jpg
4983	3	default_camera:same_core,default_embedded:same_core,default_shotwell:same_core	39.68	img_7418_cr2_shotwell.jpg	defaultimg_7418_cr2_shotwell.jpg
4969	4	default_camera:same_core,default_embedded:same_core,default_shotwell:same_core	106.27	img_5792_cr2_shotwell.jpg	defaultimg_5792_cr2_shotwell.jpg
4957	4	default_camera:same_core,default_embedded:same_core,default_shotwell:same_core	566.48	img_5781.cr2	defaultimg_5781_cr2_shotwell.jpg
4939	3	default_camera:same_core,default_embedded:same_core,default_shotwell:same_core	324.9	img_7417.cr2	defaultimg_7417_cr2_shotwell.jpg
4937	4	default_camera:same_core,default_embedded:same_core,default_shotwell:same_core	604.58	img_5761.cr2	defaultimg_5761_cr2_shotwell.jpg
4934	3	default_camera:same_core,default_embedded:same_core,default_shotwell:same_core	44.46	img_7416_cr2_shotwell.jpg	defaultimg_7416_cr2_shotwell.jpg
4930	4	default_camera:same_core,default_embedded:same_core,default_shotwell:same_core	60.17	img_5754_cr2_shotwell.jpg	defaultimg_5754_cr2_shotwell.jpg
4929	3	default_camera:same_core,default_embedded:same_core,default_shotwell:same_core	44.28	img_7415_cr2_embedded.jpg	defaultimg_7415_cr2_shotwell.jpg
4927	8	default_camera:adjacent_id,default_camera:other,default_camera:same_core	52.03	img_5751_cr2_embedded.jpg	defaultimg_5757-2.cr2
4914	4	default_camera:same_core,default_embedded:same_core,default_shotwell:same_core	161.87	img_5734_cr2_shotwell_1.jpg	defaultimg_5734_cr2_shotwell_1.jpg
4907	4	default_camera:same_core,default_embedded:same_core,default_shotwell:same_core	161.41	img_5729_cr2_shotwell.jpg	defaultimg_5729_cr2_shotwell.jpg
4906	4	default_camera:same_core,default_embedded:same_core,default_shotwell:same_core	180.57	img_5728_cr2_shotwell.jpg	defaultimg_5728_cr2_shotwell.jpg
4898	4	default_camera:same_core,default_embedded:same_core,default_shotwell:same_core	681.23	img_5724.cr2	defaultimg_5724_cr2_shotwell.jpg
4897	4	default_camera:same_core,default_embedded:same_core,default_shotwell:same_core	294.59	img_5721.cr2	defaultimg_5721_cr2_shotwell.jpg
4896	4	default_camera:same_core,default_embedded:same_core,default_shotwell:same_core	40.73	img_5720_cr2_shotwell.jpg	defaultimg_5720_cr2_shotwell.jpg
4895	4	default_camera:same_core,default_embedded:same_core,default_shotwell:same_core	88.91	img_5714_cr2_shotwell.jpg	defaultimg_5714_cr2_shotwell.jpg
4886	3	default_camera:same_core,default_embedded:same_core,default_shotwell:same_core	368.85	img_7413.cr2	defaultimg_7413_cr2_shotwell.jpg
4882	4	default_camera:same_core,default_embedded:same_core,default_shotwell:same_core	112.08	img_5699_cr2_shotwell.jpg	defaultimg_5699_cr2_shotwell.jpg
4874	3	default_camera:same_core,default_embedded:same_core,default_shotwell:same_core	1257.62	img_5691.cr2	defaultimg_5691_cr2_shotwell.jpg
4872	3	default_camera:same_core,default_embedded:same_core,default_shotwell:same_core	1178.54	img_5690.cr2	defaultimg_5690_cr2_shotwell.jpg
4871	3	default_camera:same_core,default_embedded:same_core,default_shotwell:same_core	740.99	img_5687.cr2	defaultimg_5687_cr2_embedded.jpg
4865	3	default_camera:same_core,default_embedded:same_core,default_shotwell:same_core	939.88	img_5680.cr2	defaultimg_5680_cr2_shotwell.jpg
4857	3	default_camera:same_core,default_embedded:same_core,default_shotwell:same_core	507.63	img_5669.cr2	defaultimg_5669_cr2_embedded.jpg
4833	3	default_camera:same_core,default_embedded:same_core,default_shotwell:same_core	49.87	img_7411_cr2_embedded.jpg	defaultimg_7411_cr2_shotwell.jpg
4810	3	default_camera:same_core,default_embedded:same_core,default_shotwell:same_core	38.38	img_5587_cr2_embedded.jpg	defaultimg_5587_cr2_shotwell.jpg
4809	3	default_camera:same_core,default_embedded:same_core,default_shotwell:same_core	445.65	img_5588.cr2	defaultimg_5588_cr2_shotwell.jpg
4805	3	default_camera:same_core,default_embedded:same_core,default_shotwell:same_core	37.07	img_5584_cr2_embedded.jpg	defaultimg_5584_cr2_shotwell.jpg
4804	3	default_camera:same_core,default_embedded:same_core,default_shotwell:same_core	38.05	img_5583_cr2_shotwell.jpg	defaultimg_5583_cr2_shotwell.jpg
4801	3	default_camera:same_core,default_embedded:same_core,default_shotwell:same_core	39.01	img_5581_cr2_embedded.jpg	defaultimg_5581_cr2_shotwell.jpg
4800	3	default_camera:same_core,default_embedded:same_core,default_shotwell:same_core	37.88	img_7410_cr2_shotwell.jpg	defaultimg_7410_cr2_shotwell.jpg
4798	3	default_camera:same_core,default_embedded:same_core,default_shotwell:same_core	36.92	img_5577_cr2_shotwell.jpg	defaultimg_5577_cr2_shotwell.jpg
4796	3	default_camera:same_core,default_embedded:same_core,default_shotwell:same_core	35.78	img_5572_cr2_shotwell.jpg	defaultimg_5572_cr2_shotwell.jpg
4795	3	default_camera:same_core,default_embedded:same_core,default_shotwell:same_core	35.71	img_5574_cr2_embedded.jpg	defaultimg_5574_cr2_shotwell.jpg
4794	3	default_camera:same_core,default_embedded:same_core,default_shotwell:same_core	39.85	img_5573_cr2_embedded.jpg	defaultimg_5573_cr2_shotwell.jpg
4792	3	default_camera:same_core,default_embedded:same_core,default_shotwell:same_core	46.99	img_5571_cr2_embedded.jpg	defaultimg_5571_cr2_shotwell.jpg
4784	3	default_camera:same_core,default_embedded:same_core,default_shotwell:same_core	400.17	img_5564.cr2	defaultimg_5564_cr2_shotwell.jpg
4783	3	default_camera:same_core,default_embedded:same_core,default_shotwell:same_core	395.92	img_5563.cr2	defaultimg_5563_cr2_shotwell.jpg
4782	3	default_camera:same_core,default_embedded:same_core,default_shotwell:same_core	400.4	img_5562.cr2	defaultimg_5562_cr2_shotwell.jpg
4778	3	default_camera:same_core,default_embedded:same_core,default_shotwell:same_core	43.48	img_7409_cr2_shotwell.jpg	defaultimg_7409_cr2_shotwell.jpg
4777	3	default_camera:same_core,default_embedded:same_core,default_shotwell:same_core	72.48	img_5555_cr2_shotwell.jpg	defaultimg_5555_cr2_shotwell.jpg
4773	3	default_camera:same_core,default_embedded:same_core,default_shotwell:same_core	53.39	img_5554_cr2_shotwell.jpg	defaultimg_5554_cr2_shotwell.jpg
4770	3	default_camera:same_core,default_embedded:same_core,default_shotwell:same_core	407.12	img_5549.cr2	defaultimg_5549_cr2_shotwell.jpg
4769	3	default_camera:same_core,default_embedded:same_core,default_shotwell:same_core	401.55	img_5550.cr2	defaultimg_5550_cr2_shotwell.jpg
4768	3	default_camera:same_core,default_embedded:same_core,default_shotwell:same_core	615.34	img_5546.cr2	defaultimg_5546_cr2_shotwell.jpg
4766	3	default_camera:same_core,default_embedded:same_core,default_shotwell:same_core	565.98	img_5544.cr2	defaultimg_5544_cr2_shotwell.jpg
4760	3	default_camera:same_core,default_embedded:same_core,default_shotwell:same_core	459.9	img_5536.cr2	defaultimg_5536_cr2_shotwell.jpg
4759	3	default_camera:same_core,default_embedded:same_core,default_shotwell:same_core	42.43	img_7408_cr2_shotwell.jpg	defaultimg_7408_cr2_shotwell.jpg
4758	3	default_camera:same_core,default_embedded:same_core,default_shotwell:same_core	432.18	img_5535.cr2	defaultimg_5535_cr2_shotwell.jpg
4757	3	default_camera:same_core,default_embedded:same_core,default_shotwell:same_core	461.07	img_5533.cr2	defaultimg_5533_cr2_shotwell.jpg
4756	3	default_camera:same_core,default_embedded:same_core,default_shotwell:same_core	37.84	img_5532_cr2_shotwell.jpg	defaultimg_5532_cr2_shotwell.jpg
4745	3	default_camera:same_core,default_embedded:same_core,default_shotwell:same_core	413.05	img_5516.cr2	defaultimg_5516_cr2_shotwell.jpg
4743	3	default_camera:same_core,default_embedded:same_core,default_shotwell:same_core	421.38	img_5502.cr2	defaultimg_5502_cr2_shotwell.jpg
4740	3	default_camera:same_core,default_embedded:same_core,default_shotwell:same_core	491.08	img_5501.cr2	defaultimg_5501_cr2_shotwell.jpg
4736	3	default_camera:same_core,default_embedded:same_core,default_shotwell:same_core	66.86	img_5498_cr2_shotwell.jpg	defaultimg_5498_cr2_shotwell.jpg
4735	3	default_camera:same_core,default_embedded:same_core,default_shotwell:same_core	41.15	img_7407_cr2_shotwell.jpg	defaultimg_7407_cr2_shotwell.jpg
4733	3	default_camera:same_core,default_embedded:same_core,default_shotwell:same_core	714.55	img_5496.cr2	defaultimg_5496_cr2_shotwell.jpg
4732	3	default_camera:same_core,default_embedded:same_core,default_shotwell:same_core	37.0	img_5494_cr2_shotwell.jpg	defaultimg_5494_cr2_shotwell.jpg
4724	3	default_camera:same_core,default_embedded:same_core,default_shotwell:same_core	638.13	img_5492.cr2	defaultimg_5492_cr2_shotwell.jpg
4713	3	default_camera:same_core,default_embedded:same_core,default_shotwell:same_core	55.31	img_5475_cr2_embedded_1.jpg	defaultimg_5475_cr2_shotwell.jpg
4712	3	default_camera:same_core,default_embedded:same_core,default_shotwell:same_core	1012.01	img_5472.cr2	defaultimg_5472_cr2_embedded.jpg
4701	3	default_camera:same_core,default_embedded:same_core,default_shotwell:same_core	67.5	img_5470_cr2_shotwell.jpg	defaultimg_5470_cr2_shotwell.jpg
4689	3	default_camera:same_core,default_embedded:same_core,default_shotwell:same_core	44.74	img_7406_cr2_shotwell.jpg	defaultimg_7406_cr2_shotwell.jpg
4685	3	default_camera:same_core,default_embedded:same_core,default_shotwell:same_core	824.33	img_5453.cr2	defaultimg_5453_cr2_shotwell.jpg
4682	3	default_camera:same_core,default_embedded:same_core,default_shotwell:same_core	132.78	img_5450_cr2_shotwell.jpg	defaultimg_5450_cr2_shotwell.jpg
4680	3	default_camera:same_core,default_embedded:same_core,default_shotwell:same_core	73.84	img_5451_cr2_shotwell.jpg	defaultimg_5451_cr2_shotwell.jpg
4630	3	default_camera:same_core,default_embedded:same_core,default_shotwell:same_core	37.78	img_7405_cr2_embedded.jpg	defaultimg_7405_cr2_shotwell.jpg
4551	3	default_camera:same_core,default_embedded:same_core,default_shotwell:same_core	44.71	img_7403_cr2_shotwell.jpg	defaultimg_7403_cr2_shotwell.jpg
4515	3	default_camera:same_core,default_embedded:same_core,default_shotwell:same_core	40.39	img_7404_cr2_shotwell.jpg	defaultimg_7404_cr2_shotwell.jpg
4454	3	default_camera:same_core,default_embedded:same_core,default_shotwell:same_core	309.09	img_7402.cr2	defaultimg_7402_cr2_shotwell.jpg
4453	4	default_camera:same_core,default_shotwell:adjacent_id,default_shotwell:same_core	53.86	img_5145_cr2_shotwell.jpg	defaultimg_5146_cr2_shotwell.jpg
4410	7	default_camera:same_core,default_shotwell:adjacent_id,default_shotwell:same_core	51.92	img_5094_cr2_shotwell.jpg	defaultimg_5093_cr2_shotwell.jpg
4351	3	default_camera:same_core,default_embedded:same_core,default_shotwell:same_core	47.73	img_7399_cr2_embedded.jpg	defaultimg_7399_cr2_shotwell.jpg
4277	3	default_camera:same_core,default_embedded:same_core,default_shotwell:same_core	410.5	img_7398.cr2	defaultimg_7398_cr2_shotwell.jpg
4261	3	default_camera:same_core,default_embedded:same_core,default_shotwell:same_core	456.85	img_7397.cr2	defaultimg_7397_cr2_shotwell.jpg
4172	3	default_camera:same_core,default_embedded:same_core,default_shotwell:same_core	52.52	img_7395_cr2_shotwell.jpg	defaultimg_7395_cr2_shotwell.jpg
4114	3	default_camera:same_core,default_embedded:same_core,default_shotwell:same_core	39.26	img_7394_cr2_embedded.jpg	defaultimg_7394_cr2_shotwell.jpg
4054	3	default_camera:same_core,default_embedded:same_core,default_shotwell:same_core	36.64	img_7393_cr2_embedded.jpg	defaultimg_7393_cr2_shotwell.jpg
4003	3	default_camera:same_core,default_embedded:same_core,default_shotwell:same_core	317.45	img_7392.cr2	defaultimg_7392_cr2_shotwell.jpg
3994	3	default_camera:same_core,default_embedded:same_core,default_shotwell:same_core	337.69	img_7391.cr2	defaultimg_7391_cr2_shotwell.jpg
3969	3	default_camera:same_core,default_embedded:same_core,default_shotwell:same_core	439.75	img_7390.cr2	defaultimg_7390_cr2_shotwell.jpg
3940	3	default_camera:same_core,default_embedded:same_core,default_shotwell:same_core	41.56	img_7389_cr2_shotwell.jpg	defaultimg_7389_cr2_shotwell.jpg
3913	3	default_camera:same_core,default_embedded:same_core,default_shotwell:same_core	452.92	img_7387.cr2	defaultimg_7387_cr2_shotwell.jpg
3733	3	default_camera:same_core,default_embedded:same_core,default_shotwell:same_core	45.1	img_7385_cr2_embedded.jpg	defaultimg_7385_cr2_shotwell.jpg
3704	3	default_camera:same_core,default_embedded:same_core,default_shotwell:same_core	46.12	img_7384_cr2_shotwell.jpg	defaultimg_7384_cr2_shotwell.jpg
3641	3	default_camera:same_core,default_embedded:same_core,default_shotwell:same_core	48.04	img_7382_cr2_embedded.jpg	defaultimg_7382_cr2_shotwell.jpg
3554	3	default_camera:same_core,default_embedded:same_core,default_shotwell:same_core	41.1	img_7381_cr2_shotwell.jpg	defaultimg_7381_cr2_shotwell.jpg
3487	3	default_camera:same_core,default_embedded:same_core,default_shotwell:same_core	46.67	img_7379_cr2_embedded.jpg	defaultimg_7379_cr2_shotwell.jpg
3472	3	default_camera:same_core,default_embedded:same_core,default_shotwell:same_core	423.16	img_7380.cr2	defaultimg_7380_cr2_shotwell.jpg
3431	3	default_camera:same_core,default_embedded:same_core,default_shotwell:same_core	54.6	img_7378_cr2_shotwell.jpg	defaultimg_7378_cr2_shotwell.jpg
3390	3	default_camera:same_core,default_embedded:same_core,default_shotwell:same_core	59.77	img_7377_cr2_shotwell.jpg	defaultimg_7377_cr2_shotwell.jpg
3262	3	default_camera:same_core,default_embedded:same_core,default_shotwell:same_core	371.85	img_7375.cr2	defaultimg_7375_cr2_shotwell.jpg
3023	3	default_camera:same_core,default_embedded:same_core,default_shotwell:same_core	62.74	img_7369_cr2_shotwell.jpg	defaultimg_7369.cr2
3008	3	default_camera:same_core,default_embedded:same_core,default_shotwell:same_core	39.95	img_7370_cr2_embedded.jpg	defaultimg_7370_cr2_shotwell.jpg
2947	3	default_camera:same_core,default_embedded:same_core,default_shotwell:same_core	350.94	img_7365.cr2	defaultimg_7365_cr2_shotwell.jpg
2876	3	default_camera:same_core,default_embedded:same_core,default_shotwell:same_core	43.82	img_7367_cr2_shotwell.jpg	defaultimg_7367_cr2_shotwell.jpg
2771	3	default_camera:same_core,default_embedded:same_core,default_shotwell:same_core	447.66	img_7362.cr2	defaultimg_7362_cr2_shotwell.jpg
2770	6	default_camera:same_core,default_embedded:adjacent_id,default_embedded:same_core	50.05	img_2604_cr2_embedded_1_1.jpg	defaultimg_2603_cr2_embedded_1_1.jpg
2752	4	default_camera:same_core,default_embedded:adjacent_id,default_embedded:same_core	43.97	img_2589_cr2_embedded_1.jpg	defaultimg_2588_cr2_embedded_1_1.jpg
2741	4	default_camera:same_core,default_embedded:adjacent_id,default_embedded:same_core	43.73	img_2583_cr2_embedded_1_1.jpg	defaultimg_2582_cr2_embedded_1_1.jpg
2726	3	default_camera:same_core,default_embedded:same_core,default_shotwell:same_core	57.91	img_7361_cr2_embedded.jpg	defaultimg_7361_cr2_shotwell.jpg
2683	4	default_camera:same_core,default_embedded:adjacent_id,default_embedded:same_core	67.37	img_2543_cr2_embedded_1_1.jpg	defaultimg_2543_cr2_embedded_1_1.jpg
2184	3	default_camera:same_core,default_embedded:same_core,default_shotwell:same_core	154.65	img_2016_cr2_shotwell.jpg	1-defaultimg_2016_cr2_shotwell.jpg
2169	3	default_camera:same_core,default_embedded:same_core,default_shotwell:same_core	129.62	img_2010_cr2_shotwell.jpg	defaultimg_2010_cr2_shotwell.jpg
2168	3	default_camera:same_core,default_embedded:same_core,default_shotwell:same_core	223.7	img_2009_cr2_shotwell.jpg	1-defaultimg_2009_cr2_shotwell.jpg
2163	3	default_camera:same_core,default_embedded:same_core,default_shotwell:same_core	58.69	img_2006_cr2_shotwell.jpg	defaultimg_2006_cr2_shotwell.jpg
2115	4	default_camera:same_core,default_embedded:adjacent_id,default_embedded:same_core	38.55	img_1955_cr2_embedded.jpg	defaultimg_1954_cr2_embedded.jpg
10200	2	timestamp_rendition,timestamp_rendition:same_core	8.64	img_20160505_104743_967878.jpg	20160505-104747.jpg
10192	2	timestamp_rendition,timestamp_rendition:same_core	8.89	img_20160505_110023_668280.jpg	20160505-110023.jpg
10190	2	timestamp_rendition,timestamp_rendition:same_core	8.52	img_20160505_105604_668230.jpg	20160505-105602.jpg
10184	3	timestamp_rendition,timestamp_rendition:same_core	8.27	img_20160505_105402_836613.jpg	20160505-105400.jpg
10183	2	timestamp_rendition,timestamp_rendition:same_core	8.28	img_20160505_105024_849698.jpg	20160505-105028.jpg
10178	2	timestamp_rendition,timestamp_rendition:same_core	8.6	img_20160505_104830_830161.jpg	20160505-104834.jpg
10170	2	timestamp_rendition,timestamp_rendition:same_core	9.32	img_20160505_102633_809256.jpg	20160505-102636.jpg
10169	2	timestamp_rendition,timestamp_rendition:same_core	8.74	img_20160505_101622_730633.jpg	20160505-101620.jpg
9568	4	timestamp_rendition,timestamp_rendition:same_core	90.36	20240405-130352082.jpg	20240405-130352.jpg
9566	6	timestamp_rendition,timestamp_rendition:same_core	57.44	20240405-125859047.jpg	20240405-125900.jpg
9565	4	timestamp_rendition,timestamp_rendition:same_core	74.83	20240405-130518593.jpg	20240405-130517-2.jpg
9480	10	timestamp_rendition,timestamp_rendition:same_core	56.15	20240610-220549300.jpg	20240610-220547.jpg
9464	4	timestamp_rendition,timestamp_rendition:same_core	58.95	20240613-141313972.jpg	20240613-141314.jpg
9457	16	timestamp_rendition,timestamp_rendition:same_core	47.68	20240610-220248093.jpg	20240610-220248-2.jpg
9418	4	timestamp_rendition,timestamp_rendition:same_core	67.3	20240323-150714097.jpg	20240323-150714.jpg
9417	4	timestamp_rendition,timestamp_rendition:same_core	72.75	20240323-150425886.jpg	20240323-150426.jpg
9414	4	timestamp_rendition,timestamp_rendition:same_core	73.73	20240323-150550374.jpg	20240323-150547.jpg
9337	6	timestamp_rendition,timestamp_rendition:same_core	64.97	20240525-165909275.jpg	20240525-170110.jpg
9314	2	default_other:other,default_other:same_core	12.5	screenshot_2024-05-11-18-49-04-662_org.mozilla.firefox.jpg	defaultscreenshot_2024-05-11-18-49-04-662_org.mozilla.firefox.jpg
9305	2	default_other:other,default_other:same_core	8.67	screenshot_2024-05-01-14-41-31-065_com.android.mms.jpg	defaultscreenshot_2024-05-01-14-41-31-065_com.android.mms.jpg
9240	2	default_other:other,default_other:same_core	36.94	screenshot_2024-01-08-08-41-10-271_com.tencent.mm.jpg	defaultscreenshot_2024-01-08-08-41-29-889_com.tencent.mm.jpg
9153	3	default_other:other,default_other:same_core	7.05	gfix1010.jpeg	defaultgsgh7590.jpeg
9152	2	default_hash:other,default_other:other	105.63	img_0595.jpg	defaultfwsh4204.jpg
9137	2	default_camera:adjacent_id,default_camera:same_core	56.4	dscf2568.jpg	defaultdscf2568.jpg
9122	4	default_camera:adjacent_id,default_camera:same_core	731.52	dsc01272.arw	defaultdsc01273.jpg
9120	4	default_camera:adjacent_id,default_camera:same_core	768.81	dsc01270.arw	defaultdsc01268.jpg
9113	4	default_camera:adjacent_id,default_camera:same_core	404.83	dsc01246.arw	defaultdsc01245.jpg
9088	6	default_camera:adjacent_id,default_camera:same_core	433.53	dsc01214.arw	defaultdsc01214.jpg
9076	6	default_camera:adjacent_id,default_camera:same_core	359.86	dsc01198.arw	defaultdsc01198.jpg
9074	4	default_camera:adjacent_id,default_camera:same_core	375.34	dsc01195.arw	defaultdsc01194.jpg
9062	4	default_camera:adjacent_id,default_camera:same_core	794.97	dsc01183.arw	defaultdsc01181.jpg
8968	4	default_camera:adjacent_id,default_camera:same_core	378.86	dsc01036.arw	defaultdsc01036.jpg
8964	3	default_camera:adjacent_id,default_camera:same_core	526.33	dsc01026.arw	defaultdsc01026.jpg
8958	4	default_camera:adjacent_id,default_camera:same_core	430.1	dsc01019.arw	defaultdsc01018.jpg
8948	4	default_camera:adjacent_id,default_camera:same_core	545.07	dsc01004.arw	defaultdsc01003.jpg
8928	2	default_camera:adjacent_id,default_camera:same_core	932.01	dsc00953.arw	defaultdsc00954.arw
8926	3	default_camera:adjacent_id,default_camera:same_core	944.13	dsc00947.arw	defaultdsc00945.arw
8925	3	default_camera:adjacent_id,default_camera:same_core	878.3	dsc00944.arw	defaultdsc00943.arw
8924	2	default_camera:adjacent_id,default_camera:same_core	858.84	dsc00935.arw	defaultdsc00934.arw
8923	2	default_camera:adjacent_id,default_camera:same_core	989.41	dsc00940.arw	defaultdsc00941.arw
8767	4	default_camera:adjacent_id,default_camera:other	364.8	dsc01474.arw	defaultdsc01477.jpg
8766	3	default_camera:adjacent_id,default_camera:same_core	459.74	dsc01472.arw	defaultdsc01471.jpg
8757	2	default_other:other,default_other:same_core	16.94	screenshot_2024-06-22-22-20-49-099_tv.danmaku.bili.jpg	defaultscreenshot_2024-06-22-22-20-41-304_tv.danmaku.bili.jpg
8675	2	default_camera:adjacent_id,default_camera:same_core	868.69	dsc01327.arw	defaultdsc01326.arw
8673	2	default_camera:adjacent_id,default_camera:same_core	955.29	dsc01324.arw	defaultdsc01325.arw
8668	3	default_camera:adjacent_id,default_camera:same_core	617.12	dsc01314.arw	defaultdsc01312.arw
8662	2	default_camera:adjacent_id,default_camera:same_core	651.6	dsc01294.arw	defaultdsc01293.arw
8598	4	timestamp_rendition,timestamp_rendition:same_id	135.75	img_20191124_154358.jpg	20191124-154400.jpg
8594	3	timestamp_rendition,timestamp_rendition:same_id	156.16	img_20191124_150459.jpg	20191124-150459.jpg
8585	8	timestamp_rendition:adjacent_id,timestamp_rendition:same_id	134.26	img_20191124_141043.jpg	20191124-141038.jpg
8082	2	default_camera:adjacent_id,default_camera:same_core	1053.8	dsc00758.arw	defaultdsc00759.arw
7891	2	default_timestamp,default_timestamp:same_core	6.98	2013-06-15 17.30.05.jpg	default2013-06-15 17.30.07.jpg
7880	2	default_timestamp,default_timestamp:same_core	5.54	2013-06-13 12.02.13.jpg	default2013-06-13 12.02.01.jpg
7877	2	default_timestamp,default_timestamp:same_core	6.98	2013-06-13 11.57.42.jpg	default2013-06-13 11.57.40.jpg
7819	2	default_timestamp,default_timestamp:same_core	7.58	2013-05-30 18.15.37.jpg	default2013-05-30 18.15.35.jpg
7818	4	default_timestamp,default_timestamp:same_core	7.2	2013-05-30 18.15.00.jpg	default2013-05-30 18.15.02.jpg
7767	3	timestamp_rendition:adjacent_id,timestamp_rendition:same_id	182.66	img_20230415_212123.jpg	20230415-212118.jpg
7279	2	default_timestamp,default_timestamp:same_core	7.14	2013-05-25 07.48.06.jpg	default2013-05-25 07.48.02.jpg
7271	2	default_timestamp,default_timestamp:same_core	7.62	2013-05-24 18.35.24.jpg	default2013-05-24 18.35.27.jpg
7130	2	default_camera:other,default_camera:same_core	155.34	dscn4567.jpg	defaultdscn4570.jpg
7081	2	default_camera:adjacent_id,default_camera:same_core	71.47	dsci4379.jpg	defaultdsci4379.jpg
7078	2	default_camera:adjacent_id,default_camera:same_core	82.78	dsci4377.jpg	defaultdsci4376.jpg
7053	2	default_camera:adjacent_id,default_camera:same_core	59.75	dsci4342.jpg	defaultdsci4341.jpg
6986	2	default_other:other,default_other:same_core	45.76	2183.jpg	default1542.jpg
6834	3	default_other:other,timestamp_rendition	82.47	img_0883.jpg	defaultmmexport1558667683598_comp.jpg
6152	2	default_camera:same_core,default_embedded:same_core	41.39	img_8288_cr2_embedded.jpg	defaultimg_8288_cr2_embedded.jpg
6151	2	default_camera:same_core,default_embedded:same_core	36.01	img_8283_cr2_embedded.jpg	defaultimg_8283.cr2
6147	2	default_camera:same_core,default_embedded:same_core	42.26	img_8278_cr2_embedded.jpg	defaultimg_8278_cr2_embedded.jpg
6143	2	default_camera:same_core,default_embedded:same_core	45.37	img_8275_cr2_embedded.jpg	defaultimg_8275_cr2_embedded.jpg
6142	2	default_camera:same_core,default_embedded:same_core	280.9	img_8274.cr2	defaultimg_8274.cr2
6141	2	default_camera:same_core,default_embedded:same_core	612.95	img_8273.cr2	defaultimg_8273.cr2
6133	2	default_camera:same_core,default_embedded:same_core	412.88	img_8244.cr2	defaultimg_8244_cr2_embedded.jpg
6132	2	default_camera:same_core,default_embedded:same_core	346.54	img_8245.cr2	defaultimg_8245.cr2
6130	2	default_camera:same_core,default_embedded:same_core	387.16	img_8246.cr2	defaultimg_8246_cr2_embedded.jpg
6128	2	default_camera:same_core,default_embedded:same_core	394.18	img_8242.cr2	defaultimg_8242_cr2_embedded.jpg
6126	2	default_camera:same_core,default_embedded:same_core	378.29	img_8243.cr2	defaultimg_8243_cr2_embedded.jpg
6125	2	default_camera:same_core,default_embedded:same_core	31.54	img_8241_cr2_shotwell.jpg	defaultimg_8241.cr2
6124	2	default_camera:same_core,default_embedded:same_core	34.1	img_8235_cr2_embedded.jpg	defaultimg_8235.cr2
6122	2	default_camera:same_core,default_embedded:same_core	343.25	img_8238.cr2	defaultimg_8238.cr2
6121	2	default_camera:same_core,default_embedded:same_core	33.81	img_8236_cr2_embedded.jpg	defaultimg_8236.cr2
6119	2	default_camera:same_core,default_embedded:same_core	345.62	img_8232.cr2	defaultimg_8232_cr2_embedded_1.jpg
6118	2	default_camera:same_core,default_embedded:same_core	385.69	img_8231.cr2	defaultimg_8231_cr2_embedded.jpg
6117	2	default_camera:same_core,default_embedded:same_core	31.93	img_8234_cr2_embedded.jpg	defaultimg_8234.cr2
6097	2	default_camera:same_core,default_embedded:same_core	449.09	img_8121.cr2	defaultimg_8121.cr2
6096	2	default_camera:same_core,default_embedded:same_core	34.91	img_8114_cr2_embedded.jpg	defaultimg_8114_cr2_embedded.jpg
6095	2	default_camera:same_core,default_embedded:same_core	443.66	img_8115.cr2	defaultimg_8115.cr2
6092	2	default_camera:same_core,default_embedded:same_core	312.82	img_8110.cr2	defaultimg_8110_cr2_embedded_1.jpg
6088	4	default_camera:same_core,default_embedded:same_core	476.14	img_8104.cr2	defaultimg_8103.cr2
6086	2	default_camera:same_core,default_embedded:same_core	632.56	img_8100.cr2	defaultimg_8100_cr2_embedded.jpg
6085	2	default_camera:same_core,default_embedded:same_core	396.04	img_8098.cr2	defaultimg_8098_cr2_embedded.jpg
6083	2	default_camera:same_core,default_embedded:same_core	680.53	img_8093.cr2	defaultimg_8093.cr2
6080	2	default_camera:same_core,default_embedded:same_core	915.96	img_8092.cr2	defaultimg_8092_cr2_embedded.jpg
6078	2	default_camera:same_core,default_embedded:same_core	575.38	img_8087.cr2	defaultimg_8087_cr2_embedded.jpg
6077	2	default_camera:same_core,default_embedded:same_core	543.1	img_8086.cr2	defaultimg_8086_cr2_embedded.jpg
6076	2	default_other:other,default_other:same_core	50.46	1370.jpg	default1980.jpg
6074	2	default_camera:same_core,default_embedded:same_core	44.36	img_8085_cr2_embedded.jpg	defaultimg_8085.cr2
6073	2	default_camera:same_core,default_embedded:same_core	49.0	img_8081_cr2_embedded.jpg	defaultimg_8081.cr2
5942	2	default_camera:same_core,default_embedded:same_core	640.14	img_7752.cr2	defaultimg_7752_cr2_embedded_1.jpg
5906	2	default_camera:same_core,default_embedded:same_core	305.49	img_7732.cr2	defaultimg_7732.cr2
5895	2	default_camera:same_core,default_embedded:same_core	197.23	img_7585.cr2	defaultimg_7585_cr2_embedded.jpg
5893	2	default_camera:same_core,default_embedded:same_core	287.05	img_7584.cr2	defaultimg_7584_cr2_embedded.jpg
5891	2	default_other:other,default_other:same_core	56.85	1834.jpg	default1371.jpg
5888	2	default_camera:same_core,default_embedded:same_core	342.06	img_7582.cr2	defaultimg_7582.cr2
5886	2	default_camera:same_core,default_embedded:same_core	331.71	img_7580.cr2	defaultimg_7580_cr2_embedded.jpg
5884	2	default_camera:same_core,default_embedded:same_core	287.25	img_7583.cr2	defaultimg_7583_cr2_embedded.jpg
5883	2	default_camera:same_core,default_embedded:same_core	357.91	img_7581.cr2	defaultimg_7581_cr2_embedded.jpg
5881	2	default_camera:same_core,default_embedded:same_core	245.89	img_7577.cr2	defaultimg_7577_cr2_embedded.jpg
5858	2	default_camera:same_core,default_embedded:same_core	31.69	img_7558_cr2_embedded.jpg	defaultimg_7558_cr2_embedded.jpg
5857	2	default_camera:same_core,default_embedded:same_core	199.32	img_7557.cr2	defaultimg_7557_cr2_embedded.jpg
5837	2	default_other:other,default_other:same_core	55.83	2108.jpg	default1606.jpg
5835	2	default_camera:same_core,default_embedded:same_core	494.05	img_7530.cr2	defaultimg_7530.cr2
5834	2	default_camera:same_core,default_embedded:same_core	380.98	img_7526.cr2	defaultimg_7526_cr2_embedded.jpg
5831	2	default_camera:same_core,default_shotwell:same_core	78.27	img_7524_cr2_embedded.jpg	defaultimg_7524_cr2_shotwell.jpg
5830	2	default_camera:same_core,default_embedded:same_core	565.37	img_7528.cr2	defaultimg_7528.cr2
5828	2	default_camera:same_core,default_embedded:same_core	438.55	img_7529.cr2	defaultimg_7529.cr2
5792	2	default_camera:same_core,default_embedded:same_core	40.97	img_7502_cr2_embedded.jpg	defaultimg_7502.cr2
5779	2	default_camera:same_core,default_embedded:same_core	405.15	img_7492.cr2	defaultimg_7492_cr2_embedded.jpg
5777	2	default_camera:same_core,default_embedded:same_core	58.11	img_7493_cr2_embedded.jpg	defaultimg_7493.cr2
5776	2	default_camera:same_core,default_embedded:same_core	466.77	img_7490.cr2	defaultimg_7490_cr2_embedded_1.jpg
5772	4	default_camera:same_core,default_embedded:same_core	507.9	img_7485.cr2	defaultimg_7485_cr2_embedded.jpg
5767	2	default_camera:same_core,default_embedded:same_core	334.49	img_7479.cr2	defaultimg_7479.cr2
5751	4	default_camera:same_core,default_embedded:same_core	235.59	img_7474.cr2	defaultimg_7473_cr2_embedded.jpg
5740	4	default_camera:same_core,default_embedded:same_core	241.84	img_7468.cr2	defaultimg_7467.cr2
5736	2	default_camera:same_core,default_embedded:same_core	289.02	img_7462.cr2	defaultimg_7462_cr2_embedded.jpg
5616	2	default_camera:same_core,default_embedded:same_core	413.0	img_7437.cr2	defaultimg_7437.cr2
5435	2	default_camera:same_core,default_embedded:same_core	35.1	img_7432_cr2_embedded.jpg	defaultimg_7432_cr2_embedded.jpg
5350	2	default_camera:same_core,default_embedded:same_core	311.35	img_7431.cr2	defaultimg_7431_cr2_embedded.jpg
5161	2	default_camera:same_core,timestamp_rendition	39.94	img_0158.jpg	defaultimg_0158-3.jpg
5152	2	default_camera:same_core,timestamp_rendition	7.5	img_0156.jpg	defaultimg_0156-3.jpg
5148	2	default_camera:same_core,timestamp_rendition	42.03	img_0163.jpg	20171215-172811.jpg
5103	2	default_camera:same_core,timestamp_rendition	9.47	img_0151.jpg	defaultimg_0151-2.jpg
5085	2	default_camera:same_core,timestamp_rendition	14.03	img_0142.jpg	defaultimg_0142-2.jpg
5065	2	default_camera:same_core,timestamp_rendition	48.71	img_0145.jpg	defaultimg_0145-2.jpg
5024	2	default_camera:same_core,timestamp_rendition	7.71	img_0107.jpg	defaultimg_0107-2.jpg
5011	2	default_camera:same_core,timestamp_rendition	11.24	img_0099.jpg	defaultimg_0099-2.jpg
4997	2	default_camera:same_core,default_embedded:same_core	48.67	img_5842_cr2_embedded.jpg	defaultimg_5842_cr2_embedded.jpg
4994	3	default_camera:same_core,default_embedded:same_core	745.87	img_5840.cr2	defaultimg_5840_cr2_embedded.jpg
4985	3	default_camera:same_core,default_embedded:same_core	712.23	img_5812.cr2	defaultimg_5812_cr2_embedded.jpg
4981	3	default_camera:same_core,default_embedded:same_core	1236.87	img_5808.cr2	defaultimg_5808_cr2_embedded.jpg
4979	3	default_camera:same_core,default_embedded:same_core	682.83	img_5806.cr2	defaultimg_5806_cr2_embedded_1_1.jpg
4975	3	default_camera:same_core,default_embedded:same_core	1042.63	img_5798.cr2	defaultimg_5798_cr2_embedded_1_1.jpg
4974	3	default_camera:same_core,default_embedded:same_core	49.63	img_5796_cr2_embedded.jpg	defaultimg_5796_cr2_embedded_1_1.jpg
4967	3	default_camera:same_core,default_embedded:same_core	1067.45	img_5786.cr2	defaultimg_5786_cr2_embedded_1_1.jpg
4932	3	default_camera:same_core,default_embedded:same_core	539.88	img_5757.cr2	defaultimg_5757_cr2_embedded_1_1.jpg
4928	3	default_camera:same_core,default_embedded:same_core	34.13	img_5752_cr2_embedded.jpg	defaultimg_5752_cr2_embedded_1_1.jpg
4925	2	default_camera:adjacent_id,default_camera:same_core	47.1	img_5747_cr2_embedded.jpg	defaultimg_5746-2.cr2
4923	3	default_camera:same_core,default_embedded:same_core	175.02	img_5745_cr2_embedded.jpg	defaultimg_5745.cr2
4915	3	default_camera:same_core,default_embedded:same_core	137.24	img_5735_cr2_shotwell.jpg	defaultimg_5735_cr2_embedded_1.jpg
4913	2	default_camera:same_core,timestamp_rendition	7.66	img_0081.jpg	defaultimg_0081.jpg
4912	3	default_camera:same_core,default_embedded:same_core	115.26	img_5733_cr2_shotwell.jpg	defaultimg_5733_cr2_embedded.jpg
4910	2	default_camera:same_core,timestamp_rendition	8.86	img_0082.jpg	defaultimg_0082-2.jpg
4893	3	default_camera:same_core,default_embedded:same_core	61.62	img_5713_cr2_embedded.jpg	defaultimg_5713.cr2
4887	3	default_camera:same_core,default_embedded:same_core	48.76	img_5708_cr2_embedded.jpg	defaultimg_5708_cr2_embedded_1_1.jpg
4885	3	default_camera:same_core,default_embedded:same_core	547.55	img_5707.cr2	defaultimg_5707_cr2_embedded.jpg
4884	3	default_camera:same_core,default_embedded:same_core	454.22	img_5706.cr2	defaultimg_5706_cr2_embedded.jpg
4880	3	default_camera:same_core,default_embedded:same_core	69.99	img_5698_cr2_embedded.jpg	defaultimg_5698_cr2_embedded.jpg
4878	3	default_camera:same_core,default_embedded:same_core	42.7	img_5696_cr2_embedded.jpg	defaultimg_5696.cr2
4877	2	default_camera:same_core,default_embedded:same_core	833.54	img_5693.cr2	defaultimg_5693.cr2
4869	2	default_camera:same_core,default_embedded:same_core	311.36	img_7412.cr2	defaultimg_7412.cr2
4863	2	default_camera:same_core,default_embedded:same_core	81.05	img_5675_cr2_embedded.jpg	defaultimg_5675_cr2_embedded.jpg
4862	3	default_camera:same_core,default_embedded:same_core	111.79	img_5673_cr2_shotwell.jpg	defaultimg_5673_cr2_embedded_1_1.jpg
4861	2	default_camera:same_core,default_embedded:same_core	79.81	img_5674_cr2_embedded.jpg	defaultimg_5674_cr2_embedded.jpg
4860	3	default_camera:same_core,default_embedded:same_core	103.51	img_5672_cr2_shotwell.jpg	defaultimg_5672_cr2_embedded.jpg
4858	2	default_camera:same_core,timestamp_rendition	9.59	img_0050.jpg	defaultimg_0050-3.jpg
4856	2	default_camera:same_core,default_embedded:same_core	691.46	img_5668.cr2	defaultimg_5668.cr2
4854	2	default_camera:same_core,default_embedded:same_core	689.42	img_5667.cr2	defaultimg_5667_cr2_embedded.jpg
4820	2	default_camera:same_core,default_embedded:same_core	41.73	img_5597_cr2_embedded.jpg	defaultimg_5597.cr2
4819	2	default_camera:same_core,timestamp_rendition	14.41	img_0047.jpg	defaultimg_0047-4.jpg
4817	2	default_camera:same_core,default_embedded:same_core	33.36	img_5593_cr2_embedded.jpg	defaultimg_5593_cr2_embedded.jpg
4816	2	default_camera:same_core,default_embedded:same_core	41.98	img_5596_cr2_embedded.jpg	defaultimg_5596.cr2
4813	2	default_camera:same_core,timestamp_rendition	11.54	img_0046.jpg	defaultimg_0046-2.jpg
4812	2	default_embedded:same_core,default_shotwell:same_core	69.8	img_5590_cr2_shotwell.jpg	defaultimg_5590_cr2_shotwell.jpg
4802	2	default_camera:same_core,default_embedded:same_core	28.05	img_5579_cr2_embedded_1.jpg	defaultimg_5579_cr2_embedded_1.jpg
4799	2	default_camera:same_core,default_embedded:same_core	27.89	img_5580_cr2_embedded.jpg	defaultimg_5580_cr2_embedded.jpg
4781	2	default_camera:same_core,default_embedded:same_core	297.47	img_5561.cr2	defaultimg_5561_cr2_embedded_1.jpg
4780	2	default_camera:same_core,default_embedded:same_core	306.32	img_5560.cr2	defaultimg_5560_cr2_embedded.jpg
4776	2	default_camera:same_core,default_embedded:same_core	54.34	img_5556_cr2_shotwell.jpg	defaultimg_5556_cr2_embedded.jpg
4775	2	default_camera:same_core,default_embedded:same_core	228.44	img_5559.cr2	defaultimg_5559.cr2
4774	2	default_camera:same_core,default_embedded:same_core	49.17	img_5557_cr2_embedded.jpg	defaultimg_5557_cr2_embedded.jpg
4771	2	default_camera:same_core,default_embedded:same_core	402.89	img_5548.cr2	defaultimg_5548.cr2
4767	2	default_camera:same_core,default_embedded:same_core	466.5	img_5545.cr2	defaultimg_5545_cr2_embedded.jpg
4763	2	default_camera:same_core,default_embedded:same_core	403.25	img_5541.cr2	defaultimg_5541.cr2
4755	2	default_camera:same_core,default_embedded:same_core	534.39	img_5528.cr2	defaultimg_5528.cr2
4751	2	default_camera:same_core,default_embedded:same_core	481.4	img_5527.cr2	defaultimg_5527.cr2
4738	2	default_camera:same_core,default_embedded:same_core	448.45	img_5500.cr2	defaultimg_5500.cr2
4734	2	default_camera:same_core,default_embedded:same_core	640.53	img_5495.cr2	defaultimg_5495_cr2_embedded.jpg
4723	2	default_camera:same_core,default_embedded:same_core	707.77	img_5493.cr2	defaultimg_5493.cr2
4709	2	default_camera:same_core,timestamp_rendition	7.58	img_0030.jpg	defaultimg_0030-3.jpg
4678	2	default_other:other,default_other:same_core	9.45	fabt5440.jpg	defaultfabt5440.jpg
4676	2	default_camera:same_core,default_embedded:same_core	619.59	img_5439.cr2	defaultimg_5439.cr2
4668	2	default_camera:same_core,default_embedded:same_core	606.85	img_5426.cr2	defaultimg_5426.cr2
4651	2	default_camera:other,timestamp_rendition:same_core	11.63	20171019-143249-4.jpg	defaultimg_0023-3.jpg
4643	2	default_camera:same_core,default_shotwell:same_core	349.07	img_5402.cr2	defaultimg_5402_cr2_shotwell.jpg
4641	2	default_camera:same_core,timestamp_rendition	10.62	img_0026.jpg	20171019-145440-2.jpg
4585	2	default_camera:same_core,default_shotwell:same_core	138.51	img_5313_cr2_shotwell.jpg	defaultimg_5313_cr2_shotwell.jpg
4571	2	default_camera:same_core,timestamp_rendition	8.94	img_0020.jpg	20171018-102758-2.jpg
4562	2	default_camera:same_core,default_shotwell:same_core	62.53	img_5292_cr2_shotwell.jpg	defaultimg_5292_cr2_shotwell.jpg
4545	2	default_camera:same_core,default_shotwell:same_core	38.43	img_5258_cr2_shotwell.jpg	defaultimg_5258_cr2_shotwell.jpg
4539	2	default_camera:same_core,default_shotwell:same_core	36.13	img_5254_cr2_shotwell.jpg	defaultimg_5254_cr2_shotwell.jpg
4474	3	default_camera:same_core,timestamp_rendition	103.1	img_0014.jpg	defaultimg_0014-2.jpg
4461	3	default_camera:same_core,timestamp_rendition	87.86	img_0013.jpg	defaultimg_0013-4.jpg
4459	7	default_camera:same_core,default_shotwell:same_core	599.44	img_5155.cr2	defaultimg_5153.cr2
4449	2	default_camera:same_core,default_shotwell:same_core	585.99	img_5130.cr2	defaultimg_5130_cr2_shotwell.jpg
4445	4	default_camera:same_core,default_shotwell:same_core	643.1	img_5133.cr2	defaultimg_5133_cr2_shotwell.jpg
4442	2	default_camera:same_core,default_shotwell:same_core	54.87	img_5128_cr2_shotwell.jpg	defaultimg_5128_cr2_shotwell.jpg
4426	2	default_camera:same_core,default_shotwell:same_core	44.68	img_5111_cr2_shotwell.jpg	defaultimg_5111_cr2_shotwell.jpg
4419	2	default_camera:same_core,default_embedded:same_core	384.9	img_7400.cr2	defaultimg_7400_cr2_embedded.jpg
4414	2	default_camera:same_core,default_shotwell:same_core	37.68	img_5097_cr2_shotwell.jpg	defaultimg_5097_cr2_shotwell.jpg
4409	2	default_camera:same_core,default_shotwell:same_core	39.64	img_5092_cr2_shotwell.jpg	defaultimg_5092_cr2_shotwell.jpg
4408	2	default_camera:same_core,default_shotwell:same_core	45.68	img_5091_cr2_shotwell.jpg	defaultimg_5091_cr2_shotwell.jpg
4388	2	timestamp_rendition,timestamp_rendition:same_id	152.91	img_20220807_193122.jpg	20220724-193539.jpg
4361	2	default_camera:same_core,default_shotwell:same_core	270.7	img_5003.cr2	defaultimg_5003_cr2_shotwell.jpg
4357	2	default_camera:same_core,default_shotwell:same_core	63.72	img_4991_cr2_embedded.jpg	defaultimg_4991_cr2_shotwell.jpg
4323	2	default_camera:same_core,default_shotwell:same_core	391.66	img_4961.cr2	defaultimg_4961_cr2_shotwell.jpg
4319	2	default_camera:same_core,default_shotwell:same_core	489.55	img_4954.cr2	defaultimg_4954.cr2
4199	2	default_camera:same_core,default_embedded:same_core	38.46	img_7396_cr2_embedded.jpg	defaultimg_7396.cr2
4002	2	default_camera:other,default_other:same_core	210.6	10 (082)-after.jpg	defaultimg_4254.jpg
3999	2	default_other:other,default_other:same_core	50.44	6472331822448509453.jpg	default6472331822448509453.jpg
3965	2	default_other:other,default_other:same_core	24.16	1682.jpg	default2248.jpg
3942	2	default_other:other,default_other:same_core	52.13	6472331197912449549.jpg	default6472326813342237198.jpg
3925	2	default_camera:same_core,default_embedded:same_core	36.81	img_7388_cr2_shotwell.jpg	defaultimg_7388_cr2_embedded.jpg
3911	2	default_camera:other,default_other:same_core	100.81	dpp_0363.jpg	defaultdpp_0363-2.jpg
3906	2	default_camera:other,default_other:same_core	98.9	dpp_0362.jpg	defaultimg_4034.jpg
3843	2	default_other:other,default_other:same_core	42.54	6472326795986223630.jpg	default6472331774801216013.jpg
3643	2	default_other:other,default_other:same_core	45.64	6472321816181342734.jpg	default6472321872242409998.jpg
3606	2	default_other:other,default_other:same_core	41.95	6472321993659122189.jpg	default6472322042937999886.jpg
3560	2	default_hash:other,default_other:same_core	44.54	6472331302824575502.jpg	default6472331302824575502.jpg
3167	2	default_camera:same_core,default_embedded:same_core	37.91	img_7372_cr2_embedded.jpg	defaultimg_7372.cr2
3127	2	default_camera:other,default_other:same_core	169.22	dpp_0214.jpg	defaultdpp_0214.jpg
3126	2	default_camera:other,default_other:same_core	127.0	dpp_0216.jpg	defaultimg_2868.jpg
3124	2	default_camera:other,default_other:same_core	168.71	dpp_0215.jpg	defaultimg_2867.jpg
3120	2	default_camera:other,default_other:same_core	177.19	dpp_0213.jpg	defaultimg_2865.jpg
3119	2	default_camera:other,default_other:same_core	105.8	dpp_0211.jpg	defaultimg_2863.jpg
3118	2	default_camera:other,default_other:same_core	238.38	dpp_0208.jpg	defaultimg_2860.jpg
3115	2	default_camera:other,default_other:same_core	113.16	dpp_0212.jpg	defaultimg_2864.jpg
3114	4	default_camera:other,default_other:same_core	106.68	dpp_0210.jpg	defaultdpp_0210.jpg
3111	2	default_camera:other,default_other:same_core	219.34	dpp_0207.jpg	defaultimg_2857.jpg
3104	2	default_camera:other,default_other:same_core	129.35	dpp_0204.jpg	defaultimg_2849.jpg
3099	2	default_camera:other,default_other:same_core	201.41	dpp_0203.jpg	defaultimg_2845.jpg
3097	2	default_camera:other,default_other:same_core	143.21	dpp_0202.jpg	defaultimg_2844.jpg
3096	2	default_camera:other,default_other:same_core	208.77	dpp_0201.jpg	defaultdpp_0201.jpg
3086	2	default_camera:other,default_other:same_core	112.76	dpp_0199.jpg	defaultdpp_0199.jpg
3085	4	default_camera:other,default_other:same_core	180.41	dpp_0198.jpg	defaultdpp_0196.jpg
3083	4	default_camera:other,default_other:same_core	170.27	dpp_0197.jpg	defaultdpp_0197.jpg
3082	2	default_camera:other,default_other:same_core	114.14	dpp_0200.jpg	defaultimg_2832.jpg
3077	2	default_camera:other,default_other:same_core	120.79	dpp_0194.jpg	defaultdpp_0194.jpg
3072	2	default_camera:other,default_other:same_core	143.01	dpp_0193.jpg	defaultdpp_0193.jpg
3070	2	default_camera:other,default_other:same_core	164.59	dpp_0192.jpg	defaultimg_2822.jpg
2837	2	default_camera:same_core,default_embedded:same_core	446.75	img_2646.cr2	defaultimg_2646.cr2
2833	2	default_other:other,default_other:same_core	65.77	1477.jpg	default1477.jpg
2788	2	default_camera:same_core,default_embedded:same_core	568.35	img_2613.cr2	defaultimg_2613_cr2_embedded.jpg
2768	2	default_camera:same_core,default_embedded:same_core	47.77	img_2601_cr2_embedded_1_1.jpg	defaultimg_2601_cr2_embedded_1_1.jpg
2766	2	default_camera:same_core,default_embedded:same_core	46.9	img_2599_cr2_embedded_1_1.jpg	defaultimg_2599_cr2_embedded_1_1.jpg
2765	2	default_camera:same_core,default_embedded:same_core	44.43	img_2602_cr2_embedded.jpg	defaultimg_2602_cr2_embedded.jpg
2764	2	default_camera:same_core,default_embedded:same_core	46.94	img_2600_cr2_embedded_1.jpg	defaultimg_2600_cr2_embedded_1.jpg
2761	2	default_camera:same_core,default_embedded:same_core	45.29	img_2596_cr2_embedded_1_1.jpg	defaultimg_2596_cr2_embedded_1_1.jpg
2760	2	default_camera:same_core,default_embedded:same_core	45.37	img_2595_cr2_embedded_1_1.jpg	defaultimg_2595_cr2_embedded_1_1.jpg
2749	2	default_camera:same_core,default_embedded:same_core	44.1	img_2587_cr2_embedded.jpg	defaultimg_2587_cr2_embedded.jpg
2748	2	default_camera:same_core,default_embedded:same_core	46.13	img_2584_cr2_embedded_1_1.jpg	defaultimg_2584_cr2_embedded_1_1.jpg
2747	2	default_camera:same_core,default_embedded:same_core	47.72	img_2585_cr2_embedded_1_1.jpg	defaultimg_2585_cr2_embedded_1_1.jpg
2744	2	default_camera:same_core,default_embedded:same_core	47.27	img_2581_cr2_embedded_1_1.jpg	defaultimg_2581_cr2_embedded_1_1.jpg
2743	2	default_camera:same_core,default_embedded:same_core	45.9	img_2580_cr2_embedded_1_1.jpg	defaultimg_2580.cr2
2740	2	default_camera:same_core,default_embedded:same_core	50.64	img_2579_cr2_embedded_1.jpg	defaultimg_2579_cr2_embedded_1.jpg
2739	2	default_camera:same_core,default_embedded:same_core	743.99	img_2578.cr2	defaultimg_2578_cr2_embedded_1.jpg
2738	2	default_camera:same_core,default_embedded:same_core	84.17	img_2577_cr2_embedded_1_1.jpg	defaultimg_2577_cr2_embedded_1_1.jpg
2735	2	default_camera:same_core,default_embedded:same_core	49.04	img_2576_cr2_embedded_1_1.jpg	defaultimg_2576_cr2_embedded_1_1.jpg
2734	2	default_camera:same_core,default_embedded:same_core	50.32	img_2575_cr2_embedded_1_1.jpg	defaultimg_2575_cr2_embedded_1_1.jpg
2732	2	default_camera:same_core,default_embedded:same_core	39.05	img_2573_cr2_embedded_1.jpg	defaultimg_2573_cr2_embedded_1.jpg
2731	2	default_camera:same_core,default_embedded:same_core	49.6	img_2572_cr2_embedded_1_1.jpg	defaultimg_2572_cr2_embedded_1_1.jpg
2724	2	default_camera:same_core,default_embedded:same_core	50.38	img_2570_cr2_embedded_1_1.jpg	defaultimg_2570_cr2_embedded_1_1.jpg
2721	2	default_camera:same_core,default_embedded:same_core	43.18	img_2569_cr2_embedded_1.jpg	defaultimg_2569.cr2
2682	2	default_camera:same_core,default_embedded:same_core	57.85	img_2538_cr2_embedded_1.jpg	defaultimg_2538_cr2_embedded_1.jpg
2672	2	default_camera:same_core,default_embedded:same_core	48.48	img_2537_cr2_embedded_1.jpg	defaultimg_2537_cr2_embedded_1.jpg
2669	2	default_camera:same_core,default_embedded:same_core	50.93	img_2535_cr2_embedded_1.jpg	defaultimg_2535_cr2_embedded_1.jpg
2119	2	default_camera:same_core,default_embedded:same_core	308.54	img_1959.cr2	1-defaultimg_1959.cr2
2117	2	default_camera:same_core,default_embedded:same_core	356.02	img_1958.cr2	1-defaultimg_1958.cr2
2104	2	default_camera:same_core,default_embedded:same_core	43.13	img_1951_cr2_embedded.jpg	defaultimg_1951_cr2_embedded.jpg
2043	2	default_camera:same_core,default_embedded:same_core	638.54	img_1825.cr2	1-defaultimg_1825_cr2_embedded.jpg
1789	2	default_camera:same_core,default_other:other	66.69	img_1199.jpg	defaultmmexport1596553928486.jpg
1694	2	default_camera:same_core,timestamp_rendition	17.91	img_1126.jpg	20181202-121455.jpg
1670	2	default_camera:same_core,timestamp_rendition	49.29	img_1100.jpg	20181118-113408.jpg
1667	3	default_camera:same_core,timestamp_rendition	75.88	img_1099.jpg	20181118-111518.jpg
1664	3	default_camera:same_core,timestamp_rendition	47.04	img_1098.jpg	defaultimg_1098-2.jpg
1659	2	default_camera:same_core,timestamp_rendition	45.44	img_1093.jpg	20181118-110126.jpg
1647	3	default_camera:same_core,timestamp_rendition	75.92	img_1085.jpg	defaultimg_1085-2.jpg
1643	2	default_camera:same_core,timestamp_rendition	79.05	img_1081.jpg	20181105-143329.jpg
1625	2	default_camera:same_core,timestamp_rendition	32.19	img_1065.jpg	defaultimg_1065-2.jpg
1612	2	default_camera:same_core,timestamp_rendition	40.94	img_1061.jpg	20181019-154137.jpg
1603	2	default_camera:same_core,timestamp_rendition	9.22	img_1054.jpg	defaultimg_1054-2.jpg
1597	2	default_camera:same_core,timestamp_rendition	23.13	img_1053.jpg	20181006-173550.jpg
1591	2	default_camera:same_core,timestamp_rendition	31.95	img_1049.jpg	defaultimg_1049-2.jpg
1586	2	default_camera:same_core,timestamp_rendition	7.9	img_1043.jpg	defaultimg_1043-2.jpg
1581	2	default_camera:same_core,timestamp_rendition	9.44	img_1038.jpg	defaultimg_1038.jpg
1565	2	default_camera:same_core,timestamp_rendition	37.63	img_1020.jpg	defaultimg_1020-2.jpg
1563	2	default_camera:same_core,timestamp_rendition	35.69	img_1023.jpg	defaultimg_1023-2.jpg
1553	2	default_camera:same_id,timestamp_rendition:same_core	37.56	img_20180919_164536_1016.jpg	defaultimg_1016-2.jpg
1544	2	default_camera:same_core,timestamp_rendition	34.55	img_1012.jpg	20180919-143948.jpg
1538	2	default_camera:same_core,timestamp_rendition	30.82	img_1008.jpg	defaultimg_1008-2.jpg
1537	4	default_camera:same_core,timestamp_rendition	39.31	img_1006.jpg	defaultimg_1007-2.jpg
1535	2	default_camera:same_core,timestamp_rendition	36.65	img_1003.jpg	defaultimg_1003.jpg
1526	2	default_camera:same_core,timestamp_rendition	50.68	img_0999.jpg	20180919-083245.jpg
1517	6	default_camera:same_core,timestamp_rendition	44.34	img_0995.jpg	20180918-110239.jpg
1515	2	default_camera:same_core,timestamp_rendition	51.01	img_0988.jpg	defaultimg_0988.jpg
1511	6	default_camera:same_core,timestamp_rendition	42.25	img_0991.jpg	20180918-105758.jpg
1509	2	default_camera:same_core,timestamp_rendition	50.0	img_0987.jpg	20180918-105335.jpg
1506	2	default_camera:same_core,timestamp_rendition	48.25	img_0986.jpg	defaultimg_0986-2.jpg
1485	4	default_camera:same_core,timestamp_rendition	70.45	img_0971.jpg	20180916-143802-2.jpg
1484	2	default_camera:same_id,timestamp_rendition:same_core	46.74	img_20180916_142543_0969.jpg	20180916-142543.jpg
1481	2	default_camera:same_core,timestamp_rendition	45.64	img_0964.jpg	20180916-141100.jpg
1478	2	default_camera:same_core,timestamp_rendition	59.63	img_0966.jpg	20180916-142156.jpg
1468	2	default_camera:same_id,timestamp_rendition:same_core	30.03	img_20180916_134819_0956.jpg	defaultimg_0956-2.jpg
1465	2	default_camera:same_core,timestamp_rendition	24.97	img_0954.jpg	defaultimg_0954-2.jpg
1459	4	default_camera:same_core,timestamp_rendition	29.77	img_0950.jpg	defaultimg_0949.jpg
1453	2	default_camera:same_core,timestamp_rendition	49.42	img_0945.jpg	20180916-124036.jpg
1452	4	default_camera:same_core,timestamp_rendition	52.97	img_0944.jpg	20180916-124033.jpg
1444	6	default_camera:same_core,timestamp_rendition	46.89	img_0941.jpg	20180916-123211-2.jpg
1442	4	default_camera:same_core,timestamp_rendition	48.03	img_0938.jpg	20180916-122422-2.jpg
1435	3	default_camera:same_core,timestamp_rendition	48.6	img_0931.jpg	defaultimg_0931.jpg
1427	3	default_camera:same_core,timestamp_rendition	53.07	img_0927.jpg	defaultimg_0927-2.jpg
1426	2	default_camera:same_core,timestamp_rendition	43.53	img_0926.jpg	defaultimg_0926.jpg
1421	4	default_camera:same_core,timestamp_rendition	62.39	img_0923.jpg	defaultimg_0924-2.jpg
1407	2	default_camera:same_core,timestamp_rendition	11.08	img_0916.jpg	defaultimg_0916-2.jpg
1398	2	default_camera:same_core,timestamp_rendition	8.52	img_0903.jpg	defaultimg_0903-2.jpg
1393	2	default_camera:same_core,timestamp_rendition	11.46	img_0906.jpg	defaultimg_0906-2.jpg
1390	2	default_camera:same_id,timestamp_rendition:same_core	5.27	img_20180905_212017_0902.jpg	20180905-212017-2.jpg
1385	2	default_camera:same_core,timestamp_rendition	7.77	img_0900.jpg	defaultimg_0900-2.jpg
1382	2	default_camera:same_core,timestamp_rendition	9.19	img_0898.jpg	defaultimg_0898-2.jpg
1381	2	default_camera:same_core,timestamp_rendition	37.97	img_0897.jpg	20180901-173014.jpg
1379	2	default_camera:same_core,timestamp_rendition	7.25	img_0899.jpg	defaultimg_0899-2.jpg
1377	2	default_camera:same_core,timestamp_rendition	7.04	img_0895.jpg	defaultimg_0895-2.jpg
1374	2	default_camera:same_core,timestamp_rendition	12.35	img_0892.jpg	defaultimg_0892-2.jpg
1373	2	default_camera:same_core,timestamp_rendition	13.04	img_0894.jpg	defaultimg_0894-2.jpg
1371	2	default_camera:same_core,timestamp_rendition	9.42	img_0893.jpg	defaultimg_0893-2.jpg
1366	3	default_camera:same_core,timestamp_rendition	41.57	img_0888.jpg	20180319-224840.jpg
1364	2	default_camera:same_core,timestamp_rendition	7.89	img_0886.jpg	20180828-125054-2.jpg
1361	2	default_camera:same_core,timestamp_rendition	6.08	img_0880.jpg	defaultimg_0880-2.jpg
1344	2	default_camera:same_core,timestamp_rendition	46.81	img_0871.jpg	20180820-144430.jpg
1333	2	default_camera:same_core,timestamp_rendition	39.75	img_0866.jpg	defaultimg_0866-2.jpg
1326	3	default_camera:same_core,timestamp_rendition	44.06	img_0860.jpg	20180814-162828-2.jpg
1325	2	default_camera:same_core,timestamp_rendition	6.44	img_0863.jpg	defaultimg_0863-2.jpg
1321	2	default_camera:same_core,timestamp_rendition	28.41	img_0865.jpg	20180816-115849.jpg
1294	2	default_camera:same_core,timestamp_rendition	32.67	img_0846.jpg	defaultimg_0846-2.jpg
1279	2	default_camera:same_core,timestamp_rendition	40.03	img_0837.jpg	defaultimg_0837-2.jpg
1276	2	default_camera:same_core,timestamp_rendition	30.42	img_0838.jpg	defaultimg_0838-2.jpg
1272	2	default_camera:same_core,timestamp_rendition	7.09	img_0835.jpg	defaultimg_0835-2.jpg
1266	3	default_camera:same_core,timestamp_rendition	66.33	img_0830.jpg	20180806-191408-3.jpg
1265	2	default_camera:same_core,timestamp_rendition	8.83	img_0829.jpg	defaultimg_0829-2.jpg
1260	2	default_camera:same_core,timestamp_rendition	14.98	img_0827.jpg	defaultimg_0827-2.jpg
1259	2	default_camera:same_core,timestamp_rendition	14.9	img_0826.jpg	defaultimg_0826-2.jpg
1255	3	default_camera:same_core,timestamp_rendition	8.68	img_0824.jpg	defaultimg_0824-2.jpg
1252	2	default_camera:same_core,timestamp_rendition	17.28	img_0819.jpg	defaultimg_0819-2.jpg
1248	2	default_camera:same_core,timestamp_rendition	10.89	img_0820.jpg	defaultimg_0820-2.jpg
1246	2	default_camera:same_core,timestamp_rendition	9.7	img_0816.jpg	defaultimg_0816-2.jpg
1244	2	default_camera:same_core,timestamp_rendition	12.45	img_0812.jpg	defaultimg_0812-2.jpg
1241	2	default_camera:same_core,timestamp_rendition	13.63	img_0811.jpg	defaultimg_0811-2.jpg
1240	7	default_camera:same_core,timestamp_rendition	6.23	img_0814.jpg	20181026-233737-2.jpg
1229	3	default_camera:same_core,timestamp_rendition	48.55	img_0805.jpg	defaultimg_0805.jpg
1223	2	default_camera:same_core,timestamp_rendition:same_core	30.57	img_20180721_150216_0798.jpg	defaultimg_0798.jpg
1222	3	default_camera:same_core,timestamp_rendition	48.84	img_0806.jpg	defaultimg_0806.jpg
1218	2	default_camera:same_core,timestamp_rendition	36.89	img_0800.jpg	defaultimg_0800-2.jpg
1214	3	default_camera:same_core,timestamp_rendition	57.46	img_0794.jpg	defaultimg_0794-2.jpg
1213	2	default_camera:same_id,timestamp_rendition:same_core	25.51	img_20180721_144238_0793.jpg	defaultimg_0793-2.jpg
1198	2	default_camera:same_core,timestamp_rendition	57.48	img_0780.jpg	defaultimg_0780-2.jpg
1193	2	default_camera:same_id,timestamp_rendition:same_core	36.91	img_20180721_112354_0779.jpg	20180721-112354.jpg
1192	2	default_camera:same_core,timestamp_rendition	61.74	img_0783.jpg	20180721-123346.jpg
1185	2	default_camera:same_core,timestamp_rendition	54.79	img_0776.jpg	20180721-112222.jpg
1178	2	default_camera:same_core,timestamp_rendition	15.19	img_0772.jpg	defaultimg_0772-2.jpg
1177	2	default_camera:same_core,timestamp_rendition	11.28	img_0771.jpg	defaultimg_0771-2.jpg
1172	2	default_camera:same_core,timestamp_rendition	47.67	img_0766.jpg	defaultimg_0766-2.jpg
1158	3	default_camera:same_core,default_camera:same_id	58.44	img_e0757.jpg	defaultimg_0758.jpg
1139	2	default_camera:same_core,timestamp_rendition:same_core	61.92	img_20180705_094956_0741.jpg	defaultimg_0741.jpg
1132	2	default_camera:same_core,timestamp_rendition	9.58	img_0740.jpg	defaultimg_0740-2.jpg
1128	4	default_camera:same_core,timestamp_rendition	45.56	img_0739.jpg	defaultimg_0738-2.jpg
1102	2	default_camera:same_core,timestamp_rendition	6.09	img_0718.jpg	defaultimg_0718-3.jpg
1095	2	default_camera:same_core,timestamp_rendition	48.46	img_0715.jpg	defaultimg_0715-3.jpg
1093	3	default_camera:same_core,timestamp_rendition	151.37	img_0714.jpg	20180613-225228.jpg
1085	2	default_camera:same_core,timestamp_rendition	7.74	img_0710.jpg	defaultimg_0710-2.jpg
1083	2	default_hash:other,default_other:same_core	8.59	6443074167494410766.jpg	default6443074167494410766.jpg
1079	2	default_hash:other,default_other:same_core	8.64	6443074195088736781.jpg	default6443074195088736781.jpg
1074	2	default_hash:other,default_other:same_core	8.62	6443074162217976333.jpg	default6443074162217976333.jpg
1072	2	default_camera:same_core,timestamp_rendition	8.8	img_0707.jpg	defaultimg_0707-3.jpg
1069	2	default_camera:same_core,timestamp_rendition	8.92	img_0705.jpg	20180603-173435-2.jpg
1062	2	default_camera:same_core,timestamp_rendition	8.98	img_0704.jpg	20180603-173430-2.jpg
1056	2	default_camera:same_core,timestamp_rendition	41.74	img_0701.jpg	20180602-153734.jpg
1055	2	default_camera:same_core,timestamp_rendition	46.73	img_0698.jpg	defaultimg_0698-2.jpg
1038	2	default_camera:same_id,timestamp_rendition:same_core	48.79	img_20180602_142848_0690.jpg	defaultimg_0690-2.jpg
1036	2	default_camera:same_core,timestamp_rendition	56.97	img_0689.jpg	defaultimg_0689-2.jpg
1015	5	default_camera:same_core,timestamp_rendition	51.06	img_0679.jpg	defaultimg_0678-2.jpg
1013	2	default_camera:same_core,timestamp_rendition	50.6	img_0677.jpg	defaultimg_0677-2.jpg
1012	2	default_camera:same_core,timestamp_rendition	49.62	img_0676.jpg	defaultimg_0676-2.jpg
1006	5	default_camera:same_core,timestamp_rendition	40.97	img_0672.jpg	20180602-132212.jpg
1005	2	default_camera:same_core,timestamp_rendition	36.39	img_0671.jpg	defaultimg_0671-3.jpg
1003	2	default_camera:same_core,timestamp_rendition	14.72	img_0670.jpg	defaultimg_0670-2.jpg
994	2	default_camera:same_core,timestamp_rendition:same_core	20.75	img_20180601_123601_0666.jpg	defaultimg_0666.jpg
993	2	default_camera:same_id,timestamp_rendition:same_core	23.24	img_20180601_130528_0668.jpg	defaultimg_0668-2.jpg
991	2	default_camera:same_core,timestamp_rendition	7.36	img_0665.jpg	defaultimg_0665-3.jpg
986	2	default_camera:same_core,timestamp_rendition	7.97	img_0663.jpg	defaultimg_0663-2.jpg
978	3	default_camera:same_core,timestamp_rendition	74.62	img_0656.jpg	defaultimg_0656-3.jpg
974	4	default_camera:same_core,timestamp_rendition	48.31	img_0652.jpg	20180526-084850.jpg
966	3	default_camera:same_core,timestamp_rendition	76.38	img_0649.jpg	20180526-083559.jpg
965	2	default_camera:same_id,timestamp_rendition:same_core	43.8	img_20180525_201339_0647.jpg	20180525-201339.jpg
961	2	default_camera:same_core,timestamp_rendition	6.23	img_0642.jpg	defaultimg_0642-2.jpg
957	2	default_camera:same_core,timestamp_rendition	6.95	img_0643.jpg	defaultimg_0643-2.jpg
956	2	default_camera:same_core,timestamp_rendition	6.07	img_0644.jpg	defaultimg_0644-2.jpg
945	2	default_camera:same_core,timestamp_rendition	6.78	img_0635.jpg	defaultimg_0635-3.jpg
923	3	default_camera:same_core,timestamp_rendition	49.39	img_0623.jpg	defaultimg_0623-2.jpg
920	3	default_camera:same_core,timestamp_rendition	53.51	img_0621.jpg	defaultimg_0621-3.jpg
919	3	default_camera:same_core,timestamp_rendition	64.73	img_0622.jpg	defaultimg_0622-3.jpg
915	3	default_camera:same_core,timestamp_rendition	45.98	img_0619.jpg	defaultimg_0619-2.jpg
910	3	default_camera:same_core,timestamp_rendition	63.14	img_0617.jpg	20180513-090328.jpg
909	3	default_camera:same_core,timestamp_rendition	62.4	img_0616.jpg	20180513-090152.jpg
908	3	default_camera:same_core,timestamp_rendition	48.19	img_0618.jpg	defaultimg_0618-3.jpg
907	2	default_other:other,default_other:same_core	13.27	1862.jpg	default1198.jpg
904	3	default_camera:same_core,timestamp_rendition	46.07	img_0620.jpg	20180513-121019.jpg
903	3	default_camera:same_core,timestamp_rendition	49.44	img_0615.jpg	defaultimg_0615-3.jpg
901	2	default_camera:same_core,timestamp_rendition	41.78	img_0613.jpg	defaultimg_0613-3.jpg
899	2	default_camera:same_core,timestamp_rendition	43.44	img_0614.jpg	defaultimg_0614-3.jpg
897	3	default_camera:same_core,timestamp_rendition	50.3	img_0612.jpg	defaultimg_0612.jpg
894	3	default_camera:same_core,timestamp_rendition	47.78	img_0611.jpg	defaultimg_0611-3.jpg
893	2	default_other:other,default_other:same_core	14.8	1463.jpg	default1208.jpg
891	3	default_camera:same_core,timestamp_rendition	46.99	img_0609.jpg	20180513-115251.jpg
872	2	default_timestamp,default_timestamp:same_core	7.14	2013-07-03 12.12.59.jpg	default2013-07-03_12.13.01.jpg
868	3	default_camera:same_core,timestamp_rendition	48.89	img_0601.jpg	defaultimg_0601-3.jpg
865	2	default_camera:same_core,default_hash:other	87.26	img_0599.jpg	defaultimg_0599-2.jpg
861	3	default_camera:same_core,default_hash:other	92.81	img_0600.jpg	defaultimg_0600-2.jpg
856	3	default_camera:same_core,timestamp_rendition	48.11	img_0599.jpg	defaultimg_0599-3.jpg
855	3	default_camera:same_core,timestamp_rendition	48.98	img_0600.jpg	defaultimg_0600-3.jpg
848	3	default_camera:same_core,timestamp_rendition	46.49	img_0594.jpg	20180513-111000.jpg
846	2	default_camera:same_core,timestamp_rendition	43.85	img_0592.jpg	defaultimg_0592-3.jpg
844	3	default_camera:same_core,timestamp_rendition	48.98	img_0593.jpg	20180513-110502.jpg
843	3	default_camera:same_core,timestamp_rendition	45.53	img_0589.jpg	20180513-110224.jpg
841	2	default_camera:same_core,timestamp_rendition	46.25	img_0590.jpg	20180513-110230.jpg
840	2	default_camera:same_core,default_camera:same_id	55.53	img_e0587.jpg	defaultimg_0587-4.jpg
832	3	default_camera:same_core,timestamp_rendition	47.24	img_0585.jpg	20180513-105452.jpg
824	2	default_camera:same_core,timestamp_rendition	48.92	img_0580.jpg	defaultimg_0580-3.jpg
822	3	default_camera:same_core,timestamp_rendition	45.65	img_0583.jpg	20180513-105001.jpg
816	3	default_camera:same_core,timestamp_rendition	49.36	img_0581.jpg	20180513-104941.jpg
801	2	default_other:other,default_other:same_core	15.74	1872.jpg	default1872.jpg
796	3	default_camera:same_core,timestamp_rendition	45.84	img_0574.jpg	20180513-104619.jpg
765	2	default_camera:same_core,timestamp_rendition	61.35	img_0561.jpg	defaultimg_0561-2.jpg
762	2	default_camera:same_core,timestamp_rendition	40.61	img_0562.jpg	20180513-095015.jpg
756	2	default_camera:same_core,timestamp_rendition	32.38	img_0558.jpg	20180513-094723.jpg
755	2	default_camera:same_core,timestamp_rendition	42.25	img_0555.jpg	20180513-094630.jpg
745	3	default_camera:same_core,timestamp_rendition	61.43	img_0551.jpg	20180513-094348.jpg
736	2	default_camera:same_core,timestamp_rendition	54.99	img_0548.jpg	20180513-093808.jpg
714	2	default_camera:same_id,timestamp_rendition:same_core	31.19	img_20180513_085718_0530.jpg	defaultimg_0530-3.jpg
713	2	default_camera:same_core,timestamp_rendition	16.99	img_0532.jpg	defaultimg_0532-3.jpg
707	2	default_camera:same_core,timestamp_rendition	40.41	img_0528.jpg	defaultimg_0528-3.jpg
706	2	default_camera:same_core,timestamp_rendition	40.87	img_0529.jpg	20180513-085650.jpg
704	2	default_camera:same_core,timestamp_rendition	41.34	img_0527.jpg	defaultimg_0527-2.jpg
699	2	default_other:other,default_other:same_core	13.82	1391.jpg	default1177.jpg
696	2	default_other:other,timestamp_rendition:same_id	224.14	img_20221006_104007.jpg	20221006-104007.jpg
684	2	default_camera:same_core,timestamp_rendition	51.35	img_0521.jpg	20180513-084821.jpg
677	6	default_camera:same_core,timestamp_rendition	48.77	img_0518.jpg	defaultimg_0517-3.jpg
672	2	default_timestamp,default_timestamp:same_core	11.42	2013-02-21 12.51.00.jpg	default2013-02-21_12.51.03.jpg
666	2	default_camera:same_core,timestamp_rendition	57.63	img_0510.jpg	defaultimg_0510-2.jpg
653	2	default_camera:same_core,timestamp_rendition	46.18	img_0500.jpg	defaultimg_0500-3.jpg
652	2	default_camera:same_core,timestamp_rendition	78.22	img_0502.jpg	defaultimg_0502.jpg
650	2	default_camera:same_core,timestamp_rendition	43.06	img_0499.jpg	20180513-081336.jpg
647	2	default_camera:same_id,timestamp_rendition:same_core	95.14	img_20180512_205810_0496.jpg	20180512-205810.jpg
642	2	default_camera:same_core,timestamp_rendition	61.26	img_0494.jpg	20180512-205745.jpg
639	2	default_camera:same_core,timestamp_rendition	48.8	img_0495.jpg	20180512-205753.jpg
634	2	default_camera:same_id,timestamp_rendition:same_core	33.17	img_20180512_204104_0491.jpg	defaultimg_0491-3.jpg
629	2	default_camera:same_core,timestamp_rendition	36.84	img_0486.jpg	20180512-191135.jpg
627	2	default_camera:same_core,timestamp_rendition	55.79	img_0489.jpg	20180512-203523.jpg
626	2	default_camera:same_id,timestamp_rendition:same_core	30.71	img_20180512_204635_0492.jpg	20180512-204635.jpg
625	2	default_camera:same_id,timestamp_rendition:same_core	33.47	img_20180512_204103_0490.jpg	defaultimg_0490-2.jpg
624	3	default_timestamp,default_timestamp:same_core	11.65	2013-02-21 12.45.26.jpg	default2013-02-21_12.45.21.jpg
621	2	default_camera:same_core,timestamp_rendition	40.31	img_0482.jpg	defaultimg_0482-2.jpg
620	2	default_camera:same_id,timestamp_rendition:same_core	48.09	img_20180512_190556_0479.jpg	defaultimg_0479-2.jpg
618	2	default_camera:same_core,timestamp_rendition	37.91	img_0477.jpg	defaultimg_0477-2.jpg
615	2	default_camera:same_core,timestamp_rendition	33.72	img_0476.jpg	20180512-190243.jpg
610	2	default_camera:same_core,timestamp_rendition	37.65	img_0473.jpg	20180512-185825.jpg
602	4	default_camera:same_core,timestamp_rendition	24.25	img_0467.jpg	defaultimg_0468-2.jpg
595	2	default_camera:same_core,timestamp_rendition	21.06	img_0464.jpg	20180512-163352.jpg
592	2	default_camera:same_core,default_embedded:same_core	35.74	img_4163_cr2_embedded_1.jpg	defaultimg_4163_cr2_embedded_1.jpg
583	2	default_camera:same_core,timestamp_rendition	47.14	img_0458.jpg	20180512-154413.jpg
579	2	default_camera:same_core,timestamp_rendition	37.91	img_0459.jpg	defaultimg_0459-3.jpg
578	4	default_camera:same_core,timestamp_rendition	39.18	img_0456.jpg	20180512-154403.jpg
571	2	default_camera:same_core,timestamp_rendition	39.41	img_0453.jpg	defaultimg_0453-3.jpg
568	2	default_camera:same_core,timestamp_rendition	61.25	img_0449.jpg	20180512-153129.jpg
567	2	default_camera:same_core,timestamp_rendition	43.2	img_0452.jpg	defaultimg_0452-2.jpg
564	2	default_camera:same_core,timestamp_rendition	45.31	img_0450.jpg	20180512-153306.jpg
559	3	default_camera:same_core,timestamp_rendition	50.13	img_0451.jpg	20180512-153315.jpg
556	2	default_camera:same_core,timestamp_rendition	48.96	img_0443.jpg	defaultimg_0443-2.jpg
553	2	default_camera:same_core,timestamp_rendition	43.0	img_0440.jpg	20180512-152407.jpg
547	2	default_camera:same_core,timestamp_rendition	43.01	img_0439.jpg	20180512-152344.jpg
546	2	default_camera:same_core,default_embedded:same_core	42.18	img_4164_cr2_embedded_1.jpg	1-defaultimg_4164_cr2_embedded_1.jpg
540	2	default_camera:same_core,timestamp_rendition	42.87	img_0438.jpg	defaultimg_0438-3.jpg
536	2	default_camera:same_core,timestamp_rendition	41.49	img_0430.jpg	20180512-145725.jpg
533	2	default_camera:same_core,timestamp_rendition	34.45	img_0428.jpg	20180512-141439.jpg
530	2	default_camera:same_core,timestamp_rendition	37.12	img_0427.jpg	defaultimg_0427-2.jpg
528	2	default_camera:same_core,timestamp_rendition	45.02	img_0426.jpg	20180512-140628.jpg
527	4	default_camera:same_core,timestamp_rendition	47.57	img_0425.jpg	defaultimg_0425-2.jpg
526	2	default_camera:same_core,timestamp_rendition	49.97	img_0423.jpg	defaultimg_0423-2.jpg
509	3	default_timestamp,default_timestamp:same_core	6.72	2013-07-01 07.25.10.jpg	default2013-07-01_07.25.05.jpg
480	2	default_camera:same_core,timestamp_rendition	7.07	img_0399.jpg	defaultimg_0399-2.jpg
474	2	default_camera:same_core,timestamp_rendition	11.13	img_0398.jpg	defaultimg_0398.jpg
461	2	default_camera:same_core,timestamp_rendition	54.31	img_0375.jpg	defaultimg_0375-2.jpg
449	2	default_camera:same_core,timestamp_rendition	7.04	img_0373.jpg	20180408-092651-2.jpg
419	2	default_camera:same_core,timestamp_rendition	13.55	img_0348.jpg	defaultimg_0348-2.jpg
418	2	default_camera:same_core,timestamp_rendition	10.66	img_0349.jpg	defaultimg_0349-2.jpg
410	2	default_other:other,default_other:same_core	13.73	1597.jpg	default2209.jpg
402	2	default_camera:same_core,timestamp_rendition	8.03	img_0338.jpg	defaultimg_0338.jpg
397	2	default_camera:same_core,timestamp_rendition	49.83	img_0336.jpg	defaultimg_0336-2.jpg
389	2	default_camera:same_core,timestamp_rendition	38.24	img_0332.jpg	defaultimg_0332-2.jpg
388	2	default_other:other,default_other:same_core	16.08	1492.jpg	default1935.jpg
387	2	default_camera:same_core,timestamp_rendition	8.03	img_0333.jpg	defaultimg_0333-2.jpg
355	4	default_other:other,default_other:same_core	14.01	2224.jpg	default1419.jpg
345	2	default_timestamp,default_timestamp:same_core	14.29	2013-02-15 15.08.53.jpg	default2013-02-15_15.09.18.jpg
327	2	default_camera:same_core,timestamp_rendition	39.94	img_0289.jpg	20180210-175340.jpg
307	2	default_other:other,default_other:same_core	22.65	2036.jpg	default2173.jpg
302	2	default_camera:same_core,timestamp_rendition	43.21	img_0259.jpg	defaultimg_0259-2.jpg
301	2	default_camera:same_core,timestamp_rendition	43.44	img_0262.jpg	defaultimg_0262-2.jpg
300	2	default_camera:same_core,timestamp_rendition	45.6	img_0264.jpg	20180202-091556.jpg
298	2	default_camera:same_core,timestamp_rendition	38.57	img_0265.jpg	20180202-091603.jpg
294	2	default_camera:same_core,timestamp_rendition	45.35	img_0263.jpg	defaultimg_0263-2.jpg
291	2	default_camera:same_core,timestamp_rendition	43.49	img_0260.jpg	defaultimg_0260-2.jpg
290	2	default_camera:same_core,timestamp_rendition	43.84	img_0252.jpg	defaultimg_0252-2.jpg
286	2	default_camera:same_core,timestamp_rendition	47.29	img_0261.jpg	defaultimg_0261-2.jpg
279	2	default_camera:same_core,timestamp_rendition	48.31	img_0258.jpg	20180202-090343.jpg
277	2	default_camera:same_core,timestamp_rendition	69.52	img_0256.jpg	20180202-090338.jpg
275	2	default_camera:same_core,timestamp_rendition	45.04	img_0255.jpg	defaultimg_0255-2.jpg
274	2	default_camera:same_core,timestamp_rendition	50.09	img_0257.jpg	defaultimg_0257.jpg
271	2	default_camera:same_core,timestamp_rendition	52.35	img_0254.jpg	defaultimg_0254-2.jpg
267	2	default_camera:same_core,timestamp_rendition	42.36	img_0247.jpg	defaultimg_0247-2.jpg
266	2	default_camera:same_core,timestamp_rendition	42.23	img_0248.jpg	defaultimg_0248.jpg
260	2	default_camera:same_core,timestamp_rendition	50.04	img_0249.jpg	20180202-085640.jpg
259	2	default_other:other,default_other:same_core	5.87	1924.jpg	default1741.jpg
194	2	default_camera:same_core,timestamp_rendition	44.87	img_0233.jpg	defaultimg_0233.jpg
153	2	default_camera:same_core,timestamp_rendition	39.28	img_0216.jpg	defaultimg_0216-2.jpg
134	2	default_camera:same_core,timestamp_rendition	38.41	img_0208.jpg	defaultimg_0208-3.jpg
131	5	default_camera:same_core,timestamp_rendition	53.73	img_0211.jpg	defaultimg_0212-3.jpg
125	2	default_camera:same_core,timestamp_rendition	43.24	img_0207.jpg	defaultimg_0207-2.jpg
96	2	default_camera:same_core,timestamp_rendition	7.6	img_0194.jpg	defaultimg_0194-2.jpg
69	2	default_camera:same_core,timestamp_rendition	10.59	img_0183.jpg	defaultimg_0183-3.jpg
55	2	default_camera:same_core,timestamp_rendition	29.14	img_0179.jpg	defaultimg_0179-3.jpg
51	2	default_camera:same_core,timestamp_rendition	40.37	img_0178.jpg	defaultimg_0178-3.jpg
3	2	default_camera:same_core,timestamp_rendition	42.86	img_0162.jpg	defaultimg_0162-3.jpg
10304	2	timestamp_rendition:same_id	77.71	img_20151207_091600.jpg	20151207-091600.jpg
10302	1	timestamp_rendition:same_id	6.2	img_20160118_174833.jpg	20160118-174833-3.jpg
10300	2	timestamp_rendition:same_id	37.24	img_20151220_214625.jpg	20151220-214625.jpg
10299	1	timestamp_rendition:same_id	37.88	img_20151220_223922.jpg	20151220-223922.jpg
10298	2	timestamp_rendition:same_id	117.48	img_20151218_151256.jpg	20151218-151256.jpg
10297	2	timestamp_rendition:same_id	109.74	img_20151216_084250.jpg	20151216-084250.jpg
10296	1	default_other:same_core	7.59	screenshot_2015-12-15-17-34-29_399999.jpg	defaultscreenshot_2015-12-15-17-34-29_399999.jpg
10276	2	timestamp_rendition:same_id	68.35	img_20151203_114026.jpg	20151203-114026.jpg
10275	2	timestamp_rendition:same_id	110.05	img_20151130_121209.jpg	20151130-121209.jpg
10274	1	default_other:same_core	5.59	screenshot_2015-11-20-12-04-23_259967.jpg	defaultscreenshot_2015-11-20-12-04-23_259967.jpg
10273	2	timestamp_rendition:same_id	138.46	img_20151112_143406.jpg	20151112-143406.jpg
10207	1	timestamp_rendition:same_core	9.24	img_20160505_105843_435292.jpg	20160505-105843.jpg
10205	1	timestamp_rendition:same_core	12.36	img_20160505_103413_396759.jpg	20160505-103413.jpg
10204	1	timestamp_rendition:same_core	9.78	img_20160505_102924_398541.jpg	20160505-102924.jpg
10203	1	timestamp_rendition:same_core	8.72	img_20160505_104205_1117785.jpg	20160505-104205.jpg
10201	1	timestamp_rendition:same_core	8.6	img_20160505_110140_991267.jpg	20160505-110140.jpg
10199	1	timestamp_rendition:same_core	8.46	img_20160505_104210_1055896.jpg	20160505-104210.jpg
10198	1	timestamp_rendition:same_core	8.51	img_20160505_110305_1142210.jpg	20160505-110305.jpg
10197	1	timestamp_rendition:same_core	9.74	img_20160505_111045_659531.jpg	20160505-111045.jpg
10196	1	timestamp_rendition:same_core	12.37	img_20160505_103407_404731.jpg	20160505-103407.jpg
10195	1	timestamp_rendition:same_core	8.81	img_20160505_111127_550655.jpg	20160505-111127.jpg
10194	1	timestamp_rendition:same_core	9.27	img_20160505_111100_616669.jpg	20160505-111100.jpg
10193	1	timestamp_rendition:same_core	8.76	img_20160505_111133_601967.jpg	20160505-111133.jpg
10191	1	timestamp_rendition:same_core	8.9	img_20160505_110043_749566.jpg	20160505-110043.jpg
10189	1	timestamp_rendition:same_core	8.18	img_20160505_105034_857672.jpg	20160505-105034.jpg
10188	1	timestamp_rendition:same_core	8.35	img_20160505_105118_665752.jpg	20160505-105118.jpg
10187	1	timestamp_rendition:same_core	8.01	img_20160505_105140_619846.jpg	20160505-105140.jpg
10185	1	timestamp_rendition:same_core	8.16	img_20160505_105133_609302.jpg	20160505-105133.jpg
10182	1	timestamp_rendition:same_core	7.97	img_20160505_105332_795683.jpg	20160505-105332.jpg
10181	1	timestamp_rendition:same_core	8.34	img_20160505_104906_628040.jpg	20160505-104906.jpg
10180	1	timestamp_rendition:same_core	8.39	img_20160505_104356_738285.jpg	20160505-104356.jpg
10179	1	timestamp_rendition:same_core	7.91	img_20160505_104414_746027.jpg	20160505-104414.jpg
10177	1	timestamp_rendition:same_core	8.45	img_20160505_104504_779076.jpg	20160505-104504.jpg
10176	1	timestamp_rendition:same_core	8.38	img_20160505_104528_807282.jpg	20160505-104528.jpg
10175	1	timestamp_rendition:same_core	8.48	img_20160505_103850_674474.jpg	20160505-103850.jpg
10174	1	timestamp_rendition:same_core	8.93	img_20160505_102654_787750.jpg	20160505-102654.jpg
10173	1	timestamp_rendition:same_core	8.4	img_20160505_102838_728520.jpg	20160505-102838.jpg
10172	1	timestamp_rendition:same_core	8.49	img_20160505_102846_759347.jpg	20160505-102846.jpg
10171	1	timestamp_rendition:same_core	9.03	img_20160505_102036_658780.jpg	20160505-102036.jpg
10168	1	timestamp_rendition:same_core	7.92	img_20160505_102558_787246.jpg	20160505-102558.jpg
10164	1	timestamp_rendition:same_core	14.78	img_20160504_233850_797678.jpg	20160504-233850.jpg
10163	1	default_other:same_core	31.36	20140815_105616.jpg	default20140815_105616.jpg
10162	1	timestamp_rendition:same_core	9.25	img_20160422_164354_462769.jpg	20160422-164354.jpg
10161	1	default_other:same_core	26.31	20140815_111832.jpg	default20140815_111832.jpg
10160	1	default_other:same_core	32.33	20140815_090711.jpg	default20140815_090711.jpg
10159	1	default_other:same_core	29.97	20140815_090850.jpg	default20140815_090850.jpg
10158	1	default_other:same_core	28.93	20140815_105607.jpg	default20140815_105607.jpg
10157	1	default_other:same_core	27.01	20140815_111849.jpg	default20140815_111849.jpg
10156	1	default_other:same_core	26.74	20140815_111822.jpg	default20140815_111822.jpg
10155	1	default_other:same_core	28.13	20140815_105601.jpg	default20140815_105601.jpg
10154	1	default_other:same_core	28.22	20140815_091222.jpg	default20140815_091222.jpg
10153	1	default_other:same_core	28.52	20140815_091225.jpg	default20140815_091225.jpg
10152	2	default_other:same_core	29.56	20140815_091321.jpg	default20140815_091312.jpg
10151	1	timestamp_rendition:same_core	16.48	img_20160418_165411_307246.jpg	20160418-165411.jpg
10150	1	default_other:same_core	27.86	20140815_105548.jpg	default20140815_105548.jpg
10149	1	default_other:same_core	29.38	20140815_090729.jpg	default20140815_090729.jpg
10148	1	default_other:same_core	51.19	20140815_090537.jpg	default20140815_090537.jpg
10147	1	default_other:same_core	30.26	20140815_090722.jpg	default20140815_090722.jpg
10146	1	default_other:same_core	27.89	20140815_091111.jpg	default20140815_091111.jpg
10145	4	default_other:same_core	30.85	20140815_091145.jpg	default20140815_091149.jpg
10144	1	default_other:same_core	30.41	20140815_090857.jpg	default20140815_090857.jpg
10143	1	default_other:same_core	30.88	20140815_090753.jpg	default20140815_090753.jpg
10142	2	timestamp_rendition:same_core	210.56	img_20160406_163548_3783545.jpg	20160406-163548.jpg
10141	2	timestamp_rendition:same_core	214.27	img_20160406_163558_3740252.jpg	20160406-163558.jpg
10130	2	timestamp_rendition:same_id	147.73	img_20160326_144701.jpg	20160326-144701.jpg
10125	2	timestamp_rendition:same_core	99.03	img_20160318_185530_3845336.jpg	20160318-185530.jpg
10111	2	timestamp_rendition:same_id	159.66	img_20160316_100022.jpg	20160316-100022.jpg
10110	1	default_camera:same_core	100.66	img20160315102717.jpg	defaultimg20160315102717.jpg
10108	2	timestamp_rendition:same_id	195.82	img_20160314_142533.jpg	20160314-142533.jpg
10107	2	timestamp_rendition:same_id	110.93	img_20160308_170515.jpg	20160308-170515.jpg
10106	2	timestamp_rendition:same_id	100.85	img_20160307_083521.jpg	20160307-083521.jpg
10105	2	timestamp_rendition:same_id	77.27	img_20160307_083501.jpg	20160307-083501.jpg
10103	2	timestamp_rendition:same_id	139.46	img_20200803_191633.jpg	20200803-191633.jpg
10102	1	timestamp_rendition:same_id	6.66	img_20160301_163943.jpg	20160301-163943-3.jpg
10101	2	timestamp_rendition:same_id	85.14	img_20160226_163828.jpg	20160226-163828.jpg
10099	2	timestamp_rendition:same_id	102.38	img_20160225_174307.jpg	20160225-174307.jpg
10098	2	timestamp_rendition:same_id	88.45	img_20160225_174053.jpg	20160225-174053.jpg
10093	2	timestamp_rendition:same_id	117.99	img_20160223_151716.jpg	20160223-151716.jpg
10092	2	timestamp_rendition:same_id	89.98	img_20160223_135859.jpg	20160223-135859.jpg
10091	2	timestamp_rendition:same_id	85.82	img_20160223_135848.jpg	20160223-135848.jpg
10090	2	timestamp_rendition:same_id	73.36	img_20160223_095946.jpg	20160223-095946.jpg
10089	2	timestamp_rendition:same_id	110.68	img_20160222_231738.jpg	20160222-231738.jpg
10088	2	timestamp_rendition:same_id	135.11	img_20160222_231914.jpg	20160222-231914.jpg
10087	2	timestamp_rendition:same_id	104.43	img_20160222_231521.jpg	20160222-231521.jpg
10086	2	timestamp_rendition:same_id	85.17	img_20160222_102715.jpg	20160222-102715.jpg
10085	1	timestamp_rendition:same_id	95.12	img_20160222_232115.jpg	20160222-232115.jpg
10084	2	timestamp_rendition:same_id	165.46	img_20160222_102317.jpg	20160222-102317.jpg
10083	2	timestamp_rendition:same_id	96.64	img_20160222_231639.jpg	20160222-231639.jpg
10082	2	timestamp_rendition:same_id	101.45	img_20160222_102754.jpg	20160222-102754.jpg
10081	2	timestamp_rendition:same_id	97.71	img_20160222_231254.jpg	20160222-231254.jpg
10080	2	timestamp_rendition:same_id	121.84	img_20160222_231501.jpg	20160222-231501.jpg
10079	2	timestamp_rendition:same_id	91.05	img_20160222_090307.jpg	20160222-090307.jpg
10066	2	timestamp_rendition:same_id	126.82	img_20200718_094627.jpg	20200718-094627.jpg
10063	2	timestamp_rendition:same_id	225.2	img_20200718_100535.jpg	20200718-100535.jpg
10062	2	timestamp_rendition:same_id	122.61	img_20200718_103131.jpg	20200718-103131.jpg
10059	1	timestamp_rendition:same_id	11.96	img_20200718_100007.jpg	20200718-100007-3.jpg
10056	2	timestamp_rendition:same_id	174.76	img_20200718_100009.jpg	20200718-100009.jpg
10051	2	timestamp_rendition:same_id	179.95	img_20200718_095654.jpg	20200718-095654.jpg
10050	2	timestamp_rendition:same_id	116.3	img_20200718_103055.jpg	20200718-103055.jpg
10049	2	timestamp_rendition:same_id	201.0	img_20200718_100058.jpg	20200718-100058.jpg
10048	2	timestamp_rendition:same_id	191.65	img_20200718_095700.jpg	20200718-095700.jpg
10045	2	timestamp_rendition:same_id	111.46	img_20200718_103513.jpg	20200718-103513.jpg
10043	2	timestamp_rendition:same_id	163.97	img_20200716_185706.jpg	20200716-185706.jpg
10042	2	timestamp_rendition:same_id	108.34	img_20200716_184913.jpg	20200716-184913.jpg
10033	2	timestamp_rendition:same_id	103.14	img_20200627_191827.jpg	20200627-191827.jpg
10032	2	timestamp_rendition:same_id	93.95	img_20200627_192755.jpg	20200627-192755.jpg
10031	2	timestamp_rendition:same_id	98.88	img_20200627_192600.jpg	20200627-192600.jpg
10029	3	timestamp_rendition:same_id	976.46	img_20200627_191418.jpg	20200627-191418-2.jpg
10019	2	timestamp_rendition:same_id	106.0	img_20160213_163730.jpg	20160213-163730.jpg
10014	1	timestamp_rendition:same_id	15.07	img_20200530_183924.jpg	20200530-183924-3.jpg
10001	1	timestamp_rendition:same_id	28.88	img_20200523_180647.jpg	20200523-180647-3.jpg
10000	2	timestamp_rendition:same_id	185.04	img_20200523_180526.jpg	20200523-180526.jpg
9999	2	timestamp_rendition:same_id	388.55	img_20200523_180534.jpg	20200523-180534.jpg
9998	2	timestamp_rendition:same_id	196.58	img_20200523_105535.jpg	20200523-105535.jpg
9984	1	timestamp_rendition:same_id	82.19	img_20160206_093723.jpg	20160206-093723.jpg
9983	2	timestamp_rendition:same_id	72.86	img_20160206_093846.jpg	20160206-093846.jpg
9977	2	timestamp_rendition:same_id	70.52	img_20160127_222513.jpg	20160127-222513.jpg
9975	2	timestamp_rendition:same_id	52.74	img_20160122_085039.jpg	20160122-085039.jpg
9973	2	timestamp_rendition:same_id	119.9	img_20200316_130305.jpg	20200316-130305.jpg
9971	2	timestamp_rendition:same_id	131.95	img_20200316_154521.jpg	20200316-154521.jpg
9965	2	timestamp_rendition:same_id	134.98	img_20200312_101521.jpg	20200312-101521.jpg
9948	2	timestamp_rendition:same_id	142.64	img_20200307_095754.jpg	20200307-095754.jpg
9938	2	timestamp_rendition:same_id	110.05	img_20200306_203804.jpg	20200306-203804.jpg
9937	1	timestamp_rendition:same_id	12.95	img_20200306_132401.jpg	20200306-132401-3.jpg
9936	2	timestamp_rendition:same_id	139.44	img_20200306_151619.jpg	20200306-151619.jpg
9935	2	timestamp_rendition:same_id	14.41	img_20200306_152343.jpg	20200306-152342-3.jpg
9934	2	timestamp_rendition:same_id	145.74	img_20200306_130739.jpg	20200306-130739.jpg
9933	2	timestamp_rendition:same_id	119.81	img_20200306_203822.jpg	20200306-203822.jpg
9931	2	timestamp_rendition:same_id	137.16	img_20200306_151621.jpg	20200306-151621.jpg
9930	2	timestamp_rendition:same_id	155.76	img_20200306_130741.jpg	20200306-130741.jpg
9929	1	timestamp_rendition:same_id	13.74	img_20200304_123600.jpg	20200304-123600-3.jpg
9928	2	timestamp_rendition:same_id	90.78	img_20200304_113432.jpg	20200304-113432.jpg
9926	2	timestamp_rendition:same_id	85.64	img_20200304_112839.jpg	20200304-112839.jpg
9925	2	timestamp_rendition:same_id	122.24	img_20200304_121242.jpg	20200304-121242.jpg
9922	2	timestamp_rendition:same_id	111.92	img_20200304_113253.jpg	20200304-113253.jpg
9921	2	timestamp_rendition:same_id	93.57	img_20200304_112018.jpg	20200304-112018.jpg
9920	2	timestamp_rendition:same_id	111.94	img_20200304_132451.jpg	20200304-132451.jpg
9919	2	timestamp_rendition:same_id	114.14	img_20200304_120750.jpg	20200304-120750.jpg
9917	2	timestamp_rendition:same_id	105.19	img_20200304_120620.jpg	20200304-120620.jpg
9916	2	timestamp_rendition:same_id	113.39	img_20200304_120542.jpg	20200304-120542.jpg
9914	2	timestamp_rendition:same_id	102.34	img_20200304_120011.jpg	20200304-120011.jpg
9906	2	timestamp_rendition:same_id	131.99	img_20200304_125405.jpg	20200304-125405.jpg
9905	2	timestamp_rendition:same_id	350.21	img_20200304_082230.jpg	20200304-082230.jpg
9903	1	timestamp_rendition:same_id	13.67	img_20200304_082119.jpg	20200304-082119-3.jpg
9902	2	timestamp_rendition:same_id	69.42	img_20200304_124151.jpg	20200304-124151.jpg
9901	2	timestamp_rendition:same_id	112.89	img_20200304_120752.jpg	20200304-120752.jpg
9899	2	timestamp_rendition:same_id	154.32	img_20200304_112458.jpg	20200304-112458.jpg
9897	2	timestamp_rendition:same_id	128.92	img_20200304_114152.jpg	20200304-114152.jpg
9896	2	timestamp_rendition:same_id	116.7	img_20200304_121416.jpg	20200304-121416.jpg
9894	2	timestamp_rendition:same_id	113.51	img_20200304_124931.jpg	20200304-124931.jpg
9889	2	timestamp_rendition:same_id	121.4	img_20200303_125210.jpg	20200303-125210.jpg
9887	2	timestamp_rendition:same_id	120.65	img_20200303_125526.jpg	20200303-125526.jpg
9884	2	timestamp_rendition:same_id	108.93	img_20200303_134020.jpg	20200303-134020.jpg
9883	2	timestamp_rendition:same_id	101.69	img_20200303_192930.jpg	20200303-192930.jpg
9882	2	timestamp_rendition:same_id	140.48	img_20200303_125530.jpg	20200303-125530.jpg
9881	2	timestamp_rendition:same_id	102.58	img_20200303_192943.jpg	20200303-192943.jpg
9880	2	timestamp_rendition:same_id	106.48	img_20200303_193011.jpg	20200303-193011.jpg
9879	2	timestamp_rendition:same_id	146.0	img_20200303_131511.jpg	20200303-131511.jpg
9877	2	timestamp_rendition:same_id	192.66	img_20200303_223605.jpg	20200303-223605.jpg
9873	1	timestamp_rendition	14.65	moltenglass05_dark.jpg	20210709-012457-10.webp
9870	2	timestamp_rendition:same_id	199.08	img_20200305_150357.jpg	20200305-150357.jpg
9869	2	timestamp_rendition:same_id	96.25	img_20200302_191634.jpg	20200302-191634.jpg
9865	2	timestamp_rendition:same_id	88.86	img_20200302_194755.jpg	20200302-194755.jpg
9864	2	timestamp_rendition:same_id	86.43	img_20200302_194814.jpg	20200302-194814.jpg
9862	2	timestamp_rendition:same_id	99.3	img_20200302_203326.jpg	20200302-203326.jpg
9861	2	timestamp_rendition:same_id	93.58	img_20200302_191616.jpg	20200302-191616.jpg
9859	2	timestamp_rendition:same_id	96.46	img_20200302_192142.jpg	20200302-192142.jpg
9857	2	timestamp_rendition:same_id	135.62	img_20200305_145428.jpg	20200305-145428.jpg
9855	2	timestamp_rendition:same_id	120.96	img_20200301_200925.jpg	20200301-200925.jpg
9854	2	timestamp_rendition:same_id	97.86	img_20200301_200922.jpg	20200301-200922.jpg
9853	2	timestamp_rendition:same_id	123.35	img_20200301_201642.jpg	20200301-201642.jpg
9852	2	timestamp_rendition:same_id	136.33	img_20200301_100232.jpg	20200301-100232.jpg
9842	2	timestamp_rendition:same_id	119.77	img_20200224_185247.jpg	20200224-185247.jpg
9825	1	default_other:same_core	14.06	screenshot_2024-06-11-20-45-20-761_com.xingin.xhs.jpg	defaultscreenshot_2024-06-11-20-45-20-761_com.xingin.xhs.jpg
9824	2	timestamp_rendition:same_id	183.43	img_20200207_085435.jpg	20200207-085435.jpg
9821	2	timestamp_rendition:same_id	116.76	img_20200131_192447.jpg	20200131-192447.jpg
9820	2	timestamp_rendition:same_id	153.37	img_20200131_213734.jpg	20200131-213734.jpg
9819	2	timestamp_rendition:same_id	203.47	img_20200305_141950.jpg	20200305-141950.jpg
9811	2	timestamp_rendition:same_id	107.23	img_20200115_195745.jpg	20200115-195745.jpg
9806	2	timestamp_rendition:same_id	263.84	img_20200107_105922.jpg	20200107-105922.jpg
9789	2	timestamp_rendition:same_id	100.91	img_20200104_152610.jpg	20200104-152610.jpg
9785	2	timestamp_rendition:same_id	105.49	img_20200104_132932.jpg	20200104-132932.jpg
9783	2	timestamp_rendition:same_id	59.23	img_20200104_154716.jpg	20200104-154716.jpg
9782	2	timestamp_rendition:same_id	59.54	img_20200104_154733.jpg	20200104-154733.jpg
9771	2	timestamp_rendition:same_id	65.38	img_20191228_221415.jpg	20191228-221415.jpg
9767	2	timestamp_rendition:same_id	119.26	img_20200305_134351.jpg	20200305-134351.jpg
9766	2	timestamp_rendition:same_id	114.02	img_20200305_125927.jpg	20200305-125927.jpg
9765	2	timestamp_rendition:same_id	113.96	img_20191211_205535.jpg	20191211-205535.jpg
9764	2	timestamp_rendition:same_id	118.02	img_20191211_205541.jpg	20191211-205541.jpg
9763	1	timestamp_rendition:same_id	14.29	img_20191211_205515.jpg	20191211-205515-3.jpg
9762	2	timestamp_rendition:same_id	134.31	img_20191211_205631.jpg	20191211-205631.jpg
9761	1	timestamp_rendition:same_id	13.67	img_20191211_205550.jpg	20191211-205550-3.jpg
9760	2	timestamp_rendition:same_core	162.95	20240414-114448806.jpg	20240414-114448.jpg
9759	2	timestamp_rendition	88.43	20240414-131213737.jpg	20240414-131212.jpg
9758	2	timestamp_rendition:same_id	294.33	img_20200305_125431.jpg	20200305-125431.jpg
9757	2	timestamp_rendition:same_core	79.39	20240413-175448632.jpg	20240413-175448.jpg
9756	2	timestamp_rendition:same_core	85.03	20240413-175442185.jpg	20240413-175442.jpg
9755	2	timestamp_rendition:same_core	116.45	20240413-175642336.jpg	20240413-175642.jpg
9753	1	default_other:same_core	14.77	screenshot_2024-04-13-18-40-01-280_com.xunmeng.pinduoduo.jpg	defaultscreenshot_2024-04-13-18-40-01-280_com.xunmeng.pinduoduo.jpg
9748	2	timestamp_rendition:same_id	111.09	img_20191210_102034.jpg	20191210-102034.jpg
9746	2	timestamp_rendition:same_id	143.18	img_20191210_101822.jpg	20191210-101822.jpg
9745	1	default_other:same_core	9.04	screenshot_2024-04-10-00-30-18-130_com.ziroom.ziroomcustomer.jpg	defaultscreenshot_2024-04-10-00-30-18-130_com.ziroom.ziroomcustomer.jpg
9743	2	timestamp_rendition:same_id	270.08	img_20191209_212826.jpg	20191209-212826.jpg
9742	1	default_other:same_core	10.03	screenshot_2024-04-10-00-30-59-917_com.ziroom.ziroomcustomer.jpg	defaultscreenshot_2024-04-10-00-30-59-917_com.ziroom.ziroomcustomer.jpg
9741	2	timestamp_rendition	69.94	20240410-124747033.jpg	20240410-124746.jpg
9738	2	timestamp_rendition:same_id	93.32	img_20191206_201618.jpg	20191206-201618.jpg
9737	1	default_other:same_core	13.52	screenshot_2024-04-09-13-18-05-375_com.jingdong.app.mall.jpg	defaultscreenshot_2024-04-09-13-18-05-375_com.jingdong.app.mall.jpg
9736	2	timestamp_rendition:same_id	183.19	img_20191206_201610.jpg	20191206-201610.jpg
9735	2	timestamp_rendition:same_id	121.13	img_20191202_104334.jpg	20191202-104334.jpg
9734	2	timestamp_rendition:same_id	177.05	img_20200305_150701.jpg	20200305-150701.jpg
9733	2	timestamp_rendition:same_id	182.85	img_20191130_173934.jpg	20191130-173934.jpg
9724	1	timestamp_rendition:same_id	29.12	img_20200305_123517.jpg	20200305-123517-3.jpg
9722	2	timestamp_rendition:same_id	211.8	img_20200305_141211.jpg	20200305-141211.jpg
9721	2	timestamp_rendition:same_id	129.48	img_20200305_135716.jpg	20200305-135716.jpg
9719	2	timestamp_rendition:same_id	110.21	img_20200305_131454.jpg	20200305-131454.jpg
9718	2	timestamp_rendition:same_id	148.98	img_20200305_144324.jpg	20200305-144324.jpg
9717	2	timestamp_rendition:same_id	124.13	img_20200305_152542.jpg	20200305-152542.jpg
9714	2	timestamp_rendition:same_id	114.56	img_20200305_125537.jpg	20200305-125537.jpg
9713	2	timestamp_rendition:same_id	59.14	img_20200305_125422.jpg	20200305-125422.jpg
9711	2	timestamp_rendition:same_id	177.72	img_20200305_145343.jpg	20200305-145343.jpg
9710	1	timestamp_rendition:same_id	12.65	img_20200305_123735.jpg	20200305-123735-3.jpg
9709	2	timestamp_rendition:same_id	122.56	img_20200305_123613.jpg	20200305-123613.jpg
9706	2	timestamp_rendition:same_id	168.08	img_20200305_151915.jpg	20200305-151915.jpg
9705	2	timestamp_rendition:same_id	160.13	img_20200305_144839.jpg	20200305-144839.jpg
9703	2	timestamp_rendition:same_id	218.16	img_20200305_145338.jpg	20200305-145338.jpg
9702	2	timestamp_rendition:same_id	115.74	img_20200305_192628.jpg	20200305-192628.jpg
9700	2	timestamp_rendition:same_id	117.17	img_20200305_152641.jpg	20200305-152641.jpg
9696	2	timestamp_rendition:same_id	193.11	img_20200305_151039.jpg	20200305-151039.jpg
9695	2	timestamp_rendition:same_id	126.63	img_20200305_150154.jpg	20200305-150154.jpg
9694	2	timestamp_rendition:same_id	192.5	img_20200305_150604.jpg	20200305-150604.jpg
9693	1	timestamp_rendition:same_id	13.82	img_20200305_150715.jpg	20200305-150715-3.jpg
9691	2	timestamp_rendition:same_id	152.27	img_20200305_212912.jpg	20200305-212912.jpg
9689	2	timestamp_rendition:same_id	207.93	img_20200305_141109.jpg	20200305-141109.jpg
9687	2	timestamp_rendition:same_id	134.29	img_20200305_141448.jpg	20200305-141448.jpg
9685	2	timestamp_rendition:same_id	162.9	img_20200305_151013.jpg	20200305-151013.jpg
9684	2	timestamp_rendition:same_id	233.07	img_20200305_142623.jpg	20200305-142623.jpg
9683	2	timestamp_rendition:same_id	161.16	img_20200305_140240.jpg	20200305-140240.jpg
9679	2	timestamp_rendition:same_id	145.51	img_20200305_144327.jpg	20200305-144327.jpg
9678	2	timestamp_rendition:same_id	167.83	img_20200305_140131.jpg	20200305-140131.jpg
9676	2	timestamp_rendition:same_id	158.37	img_20200305_135554.jpg	20200305-135554.jpg
9674	2	timestamp_rendition:same_id	167.83	img_20200305_150359.jpg	20200305-150359.jpg
9673	1	timestamp_rendition:same_id	14.02	img_20200305_140306.jpg	20200305-140306-3.jpg
9669	2	timestamp_rendition:same_id	189.54	img_20200305_140948.jpg	20200305-140948.jpg
9667	2	timestamp_rendition:same_id	143.51	img_20200305_144012.jpg	20200305-144012.jpg
9666	2	timestamp_rendition:same_id	145.72	img_20200305_141500.jpg	20200305-141500.jpg
9665	2	timestamp_rendition:same_id	131.2	img_20200305_150943.jpg	20200305-150943.jpg
9664	2	timestamp_rendition:same_id	174.57	img_20200305_141102.jpg	20200305-141102.jpg
9663	2	timestamp_rendition:same_id	196.51	img_20200305_144442.jpg	20200305-144442.jpg
9661	2	timestamp_rendition:same_id	133.35	img_20200305_123648.jpg	20200305-123648.jpg
9660	1	timestamp_rendition:same_id	14.34	img_20200305_144917.jpg	20200305-144917-3.jpg
9659	2	timestamp_rendition:same_id	186.61	img_20200305_140018.jpg	20200305-140018.jpg
9657	2	timestamp_rendition:same_id	122.32	img_20200305_123841.jpg	20200305-123841.jpg
9655	2	timestamp_rendition:same_id	149.83	img_20200305_142607.jpg	20200305-142607.jpg
9653	2	timestamp_rendition:same_id	150.04	img_20200305_144842.jpg	20200305-144842.jpg
9650	2	timestamp_rendition:same_id	177.07	img_20200305_141452.jpg	20200305-141452.jpg
9648	2	timestamp_rendition:same_id	129.87	img_20200305_134421.jpg	20200305-134421.jpg
9647	2	timestamp_rendition:same_id	67.99	img_20200305_123900.jpg	20200305-123900.jpg
9646	2	timestamp_rendition:same_id	191.35	img_20200305_145439.jpg	20200305-145439.jpg
9643	1	timestamp_rendition:same_id	12.02	img_20200305_142508.jpg	20200305-142508-3.jpg
9642	2	timestamp_rendition:same_id	125.47	img_20200305_125828.jpg	20200305-125828.jpg
9640	2	timestamp_rendition:same_id	245.84	img_20200305_144656.jpg	20200305-144656.jpg
9639	2	timestamp_rendition:same_id	118.65	img_20200305_134359.jpg	20200305-134359.jpg
9635	2	timestamp_rendition:same_id	249.86	img_20200305_140910.jpg	20200305-140910.jpg
9634	3	timestamp_rendition:same_id	1322.43	img_20200305_144300.jpg	20200305-144300-2.jpg
9631	2	timestamp_rendition:same_id	173.44	img_20200305_140239.jpg	20200305-140239.jpg
9629	2	timestamp_rendition:same_id	126.12	img_20200305_123600.jpg	20200305-123600.jpg
9628	2	timestamp_rendition:same_id	158.47	img_20200305_150953.jpg	20200305-150953.jpg
9626	2	timestamp_rendition:same_id	152.54	img_20200305_141328.jpg	20200305-141328.jpg
9624	2	timestamp_rendition:same_id	110.22	img_20200305_123754.jpg	20200305-123754.jpg
9623	2	timestamp_rendition:same_id	187.36	img_20200305_141935.jpg	20200305-141935.jpg
9622	2	timestamp_rendition:same_id	247.21	img_20200305_141625.jpg	20200305-141625.jpg
9621	2	timestamp_rendition:same_id	142.93	img_20200305_151920.jpg	20200305-151920.jpg
9620	2	timestamp_rendition:same_id	106.83	img_20200305_125530.jpg	20200305-125530.jpg
9619	2	timestamp_rendition:same_id	134.03	img_20200305_151502.jpg	20200305-151502.jpg
9618	2	timestamp_rendition:same_id	143.41	img_20200305_083004.jpg	20200305-083004.jpg
9617	2	timestamp_rendition:same_id	153.37	img_20200305_145421.jpg	20200305-145421.jpg
9615	2	timestamp_rendition:same_id	116.03	img_20200305_151511.jpg	20200305-151511.jpg
9614	2	timestamp_rendition:same_id	102.47	img_20200305_125924.jpg	20200305-125924.jpg
9613	2	timestamp_rendition:same_id	105.72	img_20200305_125415.jpg	20200305-125415.jpg
9607	2	timestamp_rendition:same_id	118.56	img_20200305_144440.jpg	20200305-144440.jpg
9606	1	timestamp_rendition:same_id	14.41	img_20200305_151146.jpg	20200305-151146-3.jpg
9605	2	timestamp_rendition:same_id	149.27	img_20200305_140941.jpg	20200305-140941.jpg
9603	2	timestamp_rendition:same_id	122.85	img_20200305_123503.jpg	20200305-123503.jpg
9602	2	timestamp_rendition:same_id	208.34	img_20200305_140904.jpg	20200305-140904.jpg
9601	2	timestamp_rendition:same_id	220.94	img_20200305_140138.jpg	20200305-140138.jpg
9596	2	timestamp_rendition:same_id	106.75	img_20200305_152639.jpg	20200305-152639.jpg
9595	2	timestamp_rendition:same_id	185.92	img_20200305_141221.jpg	20200305-141221.jpg
9594	2	timestamp_rendition:same_id	170.95	img_20200305_144135.jpg	20200305-144135.jpg
9593	2	timestamp_rendition:same_id	105.15	img_20200305_192618.jpg	20200305-192618.jpg
9591	1	timestamp_rendition:same_id	8.39	pano_20200305_135658.jpg	20200305-135658-4.jpg
9590	2	timestamp_rendition:same_id	115.38	img_20200305_192623.jpg	20200305-192623.jpg
9589	2	timestamp_rendition:same_id	133.32	img_20200305_212127.jpg	20200305-212127.jpg
9587	2	timestamp_rendition:same_id	116.95	img_20200305_152517.jpg	20200305-152517.jpg
9584	2	timestamp_rendition:same_id	169.21	img_20200305_150821.jpg	20200305-150821.jpg
9582	2	timestamp_rendition:same_id	228.13	img_20200305_145357.jpg	20200305-145357.jpg
9579	2	timestamp_rendition:same_id	199.71	img_20200305_141621.jpg	20200305-141621.jpg
9578	2	timestamp_rendition:same_id	108.84	img_20200305_125413.jpg	20200305-125413.jpg
9576	2	timestamp_rendition:same_id	149.94	img_20200305_150347.jpg	20200305-150347.jpg
9575	1	timestamp_rendition:same_id	16.25	img_20200305_141940.jpg	20200305-141940-3.jpg
9574	2	timestamp_rendition:same_id	122.05	img_20200305_125654.jpg	20200305-125654.jpg
9571	2	timestamp_rendition:same_core	75.63	20240405-130314947.jpg	20240405-130314.jpg
9570	2	timestamp_rendition:same_core	72.32	20240405-130517191.jpg	20240405-130517.jpg
9569	2	timestamp_rendition:same_core	53.9	20240405-125848133.jpg	20240405-125848.jpg
9567	2	timestamp_rendition:same_core	76.03	20240405-130331247.jpg	20240405-130331.jpg
9564	2	timestamp_rendition:same_core	71.36	20240405-130526934.jpg	20240405-130526.jpg
9563	1	timestamp_rendition	38.2	20240404-181217018.jpg	20240404-181216.jpg
9562	2	timestamp_rendition:same_core	48.32	20240404-175539609.jpg	20240404-175539.jpg
9561	2	timestamp_rendition:same_core	65.53	20240404-182104451.jpg	20240404-182104.jpg
9560	2	timestamp_rendition:same_core	180.07	20240404-181512641.jpg	20240404-181512.jpg
9559	1	timestamp_rendition:same_core	41.6	20240404-181415857.jpg	20240404-181415.jpg
9558	2	timestamp_rendition:same_core	173.01	20240404-181443907.jpg	20240404-181443.jpg
9557	1	timestamp_rendition:same_core	39.06	20240404-181308483.jpg	20240404-181308.jpg
9556	2	timestamp_rendition:same_core	59.22	20240403-121445382.jpg	20240403-121445.jpg
9555	1	default_other:same_core	11.28	screenshot_2024-04-03-17-02-11-171_com.taobao.idlefish.jpg	defaultscreenshot_2024-04-03-17-02-11-171_com.taobao.idlefish.jpg
9554	1	timestamp_rendition:same_core	5.88	20240402-141115371.jpg	20240402-141115-3.jpg
9552	1	timestamp_rendition:same_core	5.55	20240402-141011379.jpg	20240402-141011-3.jpg
9551	1	timestamp_rendition:same_core	43.4	20240611-195240561.jpg	20240611-195240.jpg
9550	1	timestamp_rendition:same_core	5.8	20240402-140700756.jpg	20240402-140700-3.jpg
9549	1	timestamp_rendition:same_core	6.0	20240402-140826479.jpg	20240402-140826-3.jpg
9548	1	default_other:same_core	14.54	screenshot_2024-04-02-13-08-55-545_com.baidu.baidumap.jpg	defaultscreenshot_2024-04-02-13-08-55-545_com.baidu.baidumap.jpg
9546	2	timestamp_rendition:same_core	45.16	20240611-192047856.jpg	20240611-192047.jpg
9545	1	default_other:same_core	15.8	screenshot_2024-04-01-14-52-20-393_com.jingdong.app.mall.jpg	defaultscreenshot_2024-04-01-14-52-20-393_com.jingdong.app.mall.jpg
9542	2	timestamp_rendition:same_core	50.98	20240611-130515490.jpg	20240611-130515.jpg
9510	2	timestamp_rendition:same_core	52.94	20240610-160612776.jpg	20240610-160612.jpg
9509	1	default_other:same_core	13.55	screenshot_2024-06-10-14-01-25-313_com.xunmeng.pinduoduo.jpg	defaultscreenshot_2024-06-10-14-01-25-313_com.xunmeng.pinduoduo.jpg
9506	1	default_other:same_core	8.84	screenshot_2024-06-10-14-27-29-812_ctrip.android.view.jpg	defaultscreenshot_2024-06-10-14-27-29-812_ctrip.android.view.jpg
9503	1	default_other:same_core	10.51	screenshot_2024-03-26-12-13-44-408_com.taou.maimai.jpg	defaultscreenshot_2024-03-26-12-13-44-408_com.taou.maimai.jpg
9498	2	timestamp_rendition:same_core	62.84	20240324-182555466.jpg	20240324-182555.jpg
9497	2	timestamp_rendition:same_core	86.16	20240324-180947805.jpg	20240324-180947.jpg
9496	2	timestamp_rendition:same_core	92.92	20240324-190735864.jpg	20240324-190735.jpg
9495	1	timestamp_rendition:same_core	7.34	20240324-185856065.jpg	20240324-185856-3.jpg
9494	2	timestamp_rendition:same_core	50.22	20240324-184540955.jpg	20240324-184540.jpg
9492	2	timestamp_rendition:same_core	58.99	20240324-195247373.jpg	20240324-195247.jpg
9491	1	timestamp_rendition:same_core	6.76	20240324-140920458.jpg	20240324-140920-3.jpg
9482	2	timestamp_rendition:same_core	45.26	20240610-220647603.jpg	20240610-220647.jpg
9481	2	timestamp_rendition:same_core	52.52	20240610-220800991.jpg	20240610-220800.jpg
9475	2	timestamp_rendition	42.51	20240610-220236000.jpg	20240610-220235.jpg
9472	2	timestamp_rendition:same_core	57.23	20240613-141220551.jpg	20240613-141220.jpg
9471	2	timestamp_rendition:same_core	65.6	20240613-141403552.jpg	20240613-141403.jpg
9470	2	timestamp_rendition:same_core	42.43	20240610-215950376.jpg	20240610-215950.jpg
9469	2	timestamp_rendition:same_core	57.93	20240613-141218828.jpg	20240613-141218.jpg
9467	2	timestamp_rendition	65.91	20240613-141359021.jpg	20240613-141358.jpg
9466	1	timestamp_rendition:same_core	5.56	20240613-170840939.jpg	20240613-170840-3.jpg
9465	2	timestamp_rendition:same_core	83.42	20240610-213030059.jpg	20240610-213030.jpg
9463	2	timestamp_rendition:same_core	65.29	20240613-141400320.jpg	20240613-141400.jpg
9462	2	timestamp_rendition:same_core	60.16	20240613-141318673.jpg	20240613-141318.jpg
9461	2	timestamp_rendition:same_core	40.07	20240613-205708722.jpg	20240613-205708.jpg
9460	2	timestamp_rendition:same_core	51.99	20240610-220122140.jpg	20240610-220122.jpg
9459	2	timestamp_rendition:same_core	62.17	20240613-141346353.jpg	20240613-141346.jpg
9458	1	timestamp_rendition:same_core	39.6	20240610-220156168.jpg	20240610-220156.jpg
9456	2	timestamp_rendition:same_core	42.61	20240610-202043695.jpg	20240610-202043.jpg
9453	1	timestamp_rendition:same_core	36.28	20240323-131922139.jpg	20240323-131922.jpg
9452	1	timestamp_rendition:same_core	6.84	20240323-150412872.jpg	20240323-150412-3.jpg
9451	2	timestamp_rendition:same_core	68.78	20240323-150711729.jpg	20240323-150711.jpg
9450	2	timestamp_rendition	269.12	20240323-132208731.jpg	20240323-132207.jpg
9449	2	timestamp_rendition:same_core	116.59	20240323-132805923.jpg	20240323-132805.jpg
9448	2	timestamp_rendition:same_core	46.81	20240323-131913881.jpg	20240323-131913.jpg
9447	2	timestamp_rendition:same_core	109.91	20240323-132736829.jpg	20240323-132736.jpg
9446	2	timestamp_rendition:same_core	124.97	20240323-132804489.jpg	20240323-132804.jpg
9445	1	timestamp_rendition:same_core	63.36	20240323-151151457.jpg	20240323-151151.jpg
9444	2	timestamp_rendition:same_core	75.2	20240323-150541410.jpg	20240323-150541.jpg
9443	2	timestamp_rendition:same_core	43.79	20240323-131114386.jpg	20240323-131114.jpg
9442	2	timestamp_rendition:same_core	117.91	20240323-132807290.jpg	20240323-132807.jpg
9441	2	timestamp_rendition:same_core	72.75	20240323-150645996.jpg	20240323-150645.jpg
9440	2	timestamp_rendition:same_core	71.42	20240323-152046088.jpg	20240323-152046.jpg
9439	2	timestamp_rendition:same_core	106.36	20240323-140140104.jpg	20240323-140140.jpg
9437	1	timestamp_rendition:same_core	51.17	20240323-142718361.jpg	20240323-142718.jpg
9436	2	timestamp_rendition:same_core	75.9	20240323-150421771.jpg	20240323-150421.jpg
9435	2	timestamp_rendition:same_core	248.98	20240323-132203813.jpg	20240323-132203.jpg
9434	2	timestamp_rendition:same_core	42.73	20240323-202125936.jpg	20240323-202125.jpg
9433	2	timestamp_rendition:same_core	64.97	20240323-150707633.jpg	20240323-150707.jpg
9432	2	timestamp_rendition:same_core	99.48	20240323-130622217.jpg	20240323-130622.jpg
9431	2	timestamp_rendition:same_core	80.52	20240323-133122281.jpg	20240323-133122.jpg
9430	2	timestamp_rendition:same_core	96.41	20240323-133127297.jpg	20240323-133127.jpg
9429	2	timestamp_rendition:same_core	103.02	20240323-145814674.jpg	20240323-145814.jpg
9428	2	timestamp_rendition	100.75	20240323-133130075.jpg	20240323-133129.jpg
9427	2	timestamp_rendition:same_core	189.24	20240323-132153739.jpg	20240323-132153.jpg
9426	2	timestamp_rendition:same_core	100.27	20240323-132801623.jpg	20240323-132801.jpg
9425	2	timestamp_rendition:same_core	47.94	20240323-131900438.jpg	20240323-131900.jpg
9424	2	timestamp_rendition:same_core	69.75	20240323-165258841.jpg	20240323-165258.jpg
9423	2	timestamp_rendition:same_core	46.05	20240323-201942529.jpg	20240323-201942.jpg
9422	2	timestamp_rendition:same_core	86.42	20240323-145523386.jpg	20240323-145523.jpg
9421	2	timestamp_rendition:same_core	97.7	20240323-132803259.jpg	20240323-132803.jpg
9420	1	timestamp_rendition	27.87	20240323-132724621.jpg	20240323-132723-3.jpg
9419	2	timestamp_rendition:same_core	60.05	20240323-165246909.jpg	20240323-165246.jpg
9415	2	timestamp_rendition	72.08	20240323-152041020.jpg	20240323-152040.jpg
9413	2	timestamp_rendition:same_core	48.3	20240321-183140844.jpg	20240321-183140.jpg
9412	1	default_other:same_core	9.77	screenshot_2024-03-17-22-40-13-994_com.tencent.mm.jpg	defaultscreenshot_2024-03-17-22-40-13-994_com.tencent.mm.jpg
9411	1	default_other:same_core	10.87	screenshot_2024-03-18-09-24-32-099_com.tencent.mm.jpg	defaultscreenshot_2024-03-18-09-24-32-099_com.tencent.mm.jpg
9410	1	timestamp_rendition:same_core	39.47	20240319-180707531.jpg	20240319-180707.jpg
9408	2	timestamp_rendition:same_core	52.62	20240316-131450290.jpg	20240316-131450.jpg
9405	2	timestamp_rendition	74.31	20241007-214316052.jpg	20241007-214315.jpg
9403	1	timestamp_rendition:same_core	19.51	20241005-132952873.jpg	20241005-132952-3.jpg
9402	2	timestamp_rendition:same_core	72.64	20241005-110218600.jpg	20241005-110218.jpg
9401	2	timestamp_rendition:same_core	62.87	20241005-104738665.jpg	20241005-104738.jpg
9400	2	timestamp_rendition:same_core	67.37	20241005-094659822.jpg	20241005-094659.jpg
9399	2	timestamp_rendition:same_core	64.05	20241005-094642246.jpg	20241005-094642.jpg
9398	2	timestamp_rendition:same_core	63.54	20241005-104127217.jpg	20241005-104127.jpg
9397	1	timestamp_rendition:same_core	39.11	20241004-075212442.jpg	20241004-075212.jpg
9393	1	timestamp_rendition:same_core	42.36	20241002-182136708.jpg	20241002-182136.jpg
9391	2	timestamp_rendition:same_core	65.32	20240930-101149906.jpg	20240930-101149.jpg
9388	1	timestamp_rendition:same_core	35.71	20240928-163057622.jpg	20240928-163057.jpg
9386	2	timestamp_rendition:same_core	82.55	20240922-135314415.jpg	20240922-135314.jpg
9371	2	timestamp_rendition:same_core	58.44	20240609-114244423.jpg	20240609-114244.jpg
9370	1	timestamp_rendition:same_core	41.94	20240609-175414882.jpg	20240609-175414.jpg
9369	2	timestamp_rendition:same_core	64.49	20240609-155931128.jpg	20240609-155931.jpg
9368	1	default_other:same_core	14.33	screenshot_2024-06-09-20-38-02-287_com.taou.maimai.jpg	defaultscreenshot_2024-06-09-20-38-02-287_com.taou.maimai.jpg
9367	1	default_other:same_core	13.95	screenshot_2024-06-09-09-10-05-247_ctrip.android.view.jpg	defaultscreenshot_2024-06-09-09-10-05-247_ctrip.android.view.jpg
9365	1	default_other:same_core	5.75	screenshot_2024-06-09-09-55-07-057_com.microsoft.emmx-edit.jpg	defaultscreenshot_2024-06-09-09-55-07-057_com.microsoft.emmx-edit.jpg
9363	1	default_other:same_core	11.21	screenshot_2024-06-06-23-06-05-713_com.taobao.idlefish.jpg	defaultscreenshot_2024-06-06-23-06-05-713_com.taobao.idlefish.jpg
9361	1	timestamp_rendition:same_core	38.09	20240608-134221780.jpg	20240608-134221.jpg
9360	2	timestamp_rendition:same_core	61.49	20240608-155351394.jpg	20240608-155351.jpg
9359	1	timestamp_rendition:same_core	41.16	20240608-140024584.jpg	20240608-140024.jpg
9358	2	timestamp_rendition:same_core	45.81	20240608-133835968.jpg	20240608-133835.jpg
9357	1	default_other:same_core	19.21	screenshot_2024-06-08-10-42-31-184_com.taou.maimai.jpg	defaultscreenshot_2024-06-08-10-42-31-184_com.taou.maimai.jpg
9356	1	default_other:same_core	9.54	screenshot_2024-06-07-18-23-27-620_com.microsoft.emmx.jpg	defaultscreenshot_2024-06-07-18-23-27-620_com.microsoft.emmx.jpg
9355	1	default_other:same_core	14.81	screenshot_2024-06-03-22-50-18-648_com.jingdong.app.mall.jpg	defaultscreenshot_2024-06-03-22-50-18-648_com.jingdong.app.mall.jpg
9353	2	timestamp_rendition:same_core	73.13	20240602-193955975.jpg	20240602-193955.jpg
9352	1	timestamp_rendition:same_core	7.49	20240531-122736502.jpg	20240531-122736-3.jpg
9351	2	timestamp_rendition:same_core	89.65	20240531-122749730.jpg	20240531-122749.jpg
9350	1	default_other:same_core	9.92	screenshot_2024-05-31-22-02-01-325_com.microsoft.emmx.jpg	defaultscreenshot_2024-05-31-22-02-01-325_com.microsoft.emmx.jpg
9349	1	default_other:same_core	18.5	screenshot_2024-05-29-21-38-51-762_com.ss.android.ugc.aweme.jpg	defaultscreenshot_2024-05-29-21-38-51-762_com.ss.android.ugc.aweme.jpg
9347	1	timestamp_rendition:same_core	8.75	20240526-225313510.jpg	20240526-225313-3.jpg
9344	1	timestamp_rendition:same_core	48.39	20240525-124800339.jpg	20240525-124800.jpg
9343	2	timestamp_rendition:same_core	76.45	20240525-170035832.jpg	20240525-170035.jpg
9341	2	timestamp_rendition:same_core	61.62	20240525-165958442.jpg	20240525-165958.jpg
9340	2	timestamp_rendition:same_core	60.43	20240525-170337627.jpg	20240525-170337.jpg
9339	1	timestamp_rendition:same_core	64.31	20240525-170439436.jpg	20240525-170439.jpg
9338	2	timestamp_rendition:same_core	75.4	20240525-170323941.jpg	20240525-170323.jpg
9336	1	default_other:same_core	11.52	screenshot_2024-05-25-19-55-29-960_com.baidu.baidumap.jpg	defaultscreenshot_2024-05-25-19-55-29-960_com.baidu.baidumap.jpg
9335	1	default_other:same_core	14.19	screenshot_2024-05-25-19-45-18-522_com.baidu.baidumap.jpg	defaultscreenshot_2024-05-25-19-45-18-522_com.baidu.baidumap.jpg
9332	2	timestamp_rendition	45.43	20240522-192246368.jpg	20240522-192245.jpg
9322	1	default_other:same_core	9.2	screenshot_2024-05-15-12-26-48-965_com.tencent.mm.jpg	defaultscreenshot_2024-05-15-12-26-48-965_com.tencent.mm.jpg
9321	2	timestamp_rendition:same_core	95.73	20240515-185556641.jpg	20240515-185556.jpg
9320	1	default_other:same_core	19.42	screenshot_2024-05-14-23-56-32-982_tv.danmaku.bili.jpg	defaultscreenshot_2024-05-14-23-56-32-982_tv.danmaku.bili.jpg
9319	1	default_other:same_core	10.66	screenshot_2024-05-14-22-03-39-874_com.xunmeng.pinduoduo.jpg	defaultscreenshot_2024-05-14-22-03-39-874_com.xunmeng.pinduoduo.jpg
9318	2	timestamp_rendition:same_core	52.33	20240513-121756275.jpg	20240513-121756.jpg
9317	1	timestamp_rendition	36.5	20240512-193504122.jpg	20240512-193503.jpg
9315	1	default_other:same_core	9.8	screenshot_2024-05-11-23-05-53-061_com.miui.home.jpg	defaultscreenshot_2024-05-11-23-05-53-061_com.miui.home.jpg
9313	2	timestamp_rendition:same_core	59.09	20240505-145812323.jpg	20240505-145812.jpg
9306	2	timestamp_rendition:same_core	50.81	20240503-101947664.jpg	20240503-101947.jpg
9304	2	timestamp_rendition:same_core	57.48	20240502-204150985.jpg	20240502-204150.jpg
9303	2	timestamp_rendition:same_core	51.83	20240502-204601424.jpg	20240502-204601.jpg
9302	2	timestamp_rendition:same_core	48.39	20240502-205700729.jpg	20240502-205700.jpg
9301	2	timestamp_rendition	56.07	20240502-204739011.jpg	20240502-204738.jpg
9299	2	timestamp_rendition:same_core	60.3	20240430-173520600.jpg	20240430-173520.jpg
9298	2	timestamp_rendition:same_core	88.42	20240429-090425364.jpg	20240429-090425.jpg
9297	2	timestamp_rendition	76.38	20240427-221236161.jpg	20240427-221235.jpg
9296	1	default_other:same_core	10.5	screenshot_2024-04-21-00-30-25-979_com.microsoft.emmx.jpg	defaultscreenshot_2024-04-21-00-30-25-979_com.microsoft.emmx.jpg
9291	2	timestamp_rendition:same_core	63.81	20240921-113608113.jpg	20240921-113608.jpg
9290	2	timestamp_rendition:same_core	86.22	20240420-120318300.jpg	20240420-120318.jpg
9289	1	timestamp_rendition:same_core	7.11	20240921-094812970.jpg	20240921-094812-3.jpg
9287	2	timestamp_rendition:same_core	76.97	20240420-180059757.jpg	20240420-180059.jpg
9286	1	timestamp_rendition:same_core	6.82	20240420-222614983.jpg	20240420-222614-3.jpg
9285	1	default_other:same_core	9.4	screenshot_2024-04-20-19-22-14-205_com.taou.maimai.jpg	defaultscreenshot_2024-04-20-19-22-14-205_com.taou.maimai.jpg
9284	2	timestamp_rendition:same_core	60.38	20240420-140030214.jpg	20240420-140030.jpg
9283	2	timestamp_rendition	58.15	20240420-140024088.jpg	20240420-140023.jpg
9282	2	timestamp_rendition:same_core	81.77	20240920-220646523.jpg	20240920-220646.jpg
9281	1	timestamp_rendition:same_core	48.96	20240920-095103247.jpg	20240920-095103.jpg
9280	1	timestamp_rendition	37.0	20240918-183332021.jpg	20240918-183331.jpg
9277	2	timestamp_rendition:same_core	96.25	20240917-092012670.jpg	20240917-092012.jpg
9275	2	timestamp_rendition:same_core	72.46	20240419-121754303.jpg	20240419-121754.jpg
9274	2	timestamp_rendition:same_core	56.36	20240417-181134827.jpg	20240417-181134.jpg
9273	2	timestamp_rendition:same_core	49.49	20240416-184423326.jpg	20240416-184423.jpg
9272	2	timestamp_rendition:same_core	44.14	20240416-184439188.jpg	20240416-184439.jpg
9271	1	default_camera:same_core	38.28	img_0164.jpg	defaultimg_0164.jpg
9270	1	default_camera:same_core	56.73	img_0162.jpg	defaultimg_0162-2.jpg
9269	1	default_camera:same_core	41.72	img_0158.jpg	defaultimg_0158-2.jpg
9268	1	default_camera:same_core	41.1	img_0160.jpg	defaultimg_0160.jpg
9267	1	default_camera:same_core	44.12	img_0159.jpg	defaultimg_0159-2.jpg
9266	1	default_camera:same_core	72.74	img_0157.jpg	defaultimg_0157-4.jpg
9265	1	default_camera:same_core	48.05	img_0157.jpg	defaultimg_0157-2.jpg
9264	1	default_camera:same_core	26.51	img_0155.jpg	defaultimg_0155.jpg
9263	1	default_camera:same_core	67.45	img_0155.jpg	defaultimg_0155-3.jpg
9262	1	default_camera:same_core	43.31	img_0151.jpg	defaultimg_0151.jpg
9261	1	default_camera:same_core	29.82	img_0146.jpg	defaultimg_0146.jpg
9260	1	default_camera:same_core	27.8	img_0145.jpg	defaultimg_0145.jpg
9258	1	default_camera:same_core	35.58	img_0143.jpg	defaultimg_0143.jpg
9257	1	default_camera:same_core	5.49	img_0143.jpg	defaultimg_0143-3.jpg
9255	1	default_camera:same_core	66.52	img_0139.jpg	defaultimg_0139-2.jpg
9254	1	default_camera:same_core	65.32	img_0138.jpg	defaultimg_0138-2.jpg
9253	2	default_camera:same_core	30.42	img_0140.jpg	defaultimg_0139.jpg
9252	1	default_camera:same_core	76.81	img_0140.jpg	defaultimg_0140-2.jpg
9251	1	default_other:same_core	32.27	screenshot_2024-01-08-08-41-34-795_com.tencent.mm.jpg	defaultscreenshot_2024-01-08-08-41-34-795_com.tencent.mm.jpg
9250	2	timestamp_rendition:same_core	71.88	20240916-173627689.jpg	20240916-173627.jpg
9248	1	default_camera:same_core	85.07	img_0135.jpg	defaultimg_0135.jpg
9247	1	default_camera:same_core	74.63	img_0134.jpg	defaultimg_0134-2.jpg
9246	2	timestamp_rendition:same_core	53.5	20240916-173610932.jpg	20240916-173610.jpg
9245	1	default_camera:same_core	7.45	img_0131.jpg	defaultimg_0131-2.jpg
9243	2	timestamp_rendition:same_core	61.3	20240916-173623962.jpg	20240916-173623.jpg
9238	2	timestamp_rendition:same_core	56.96	20240916-173601345.jpg	20240916-173601.jpg
9237	1	default_camera:same_core	38.37	img_0130.jpg	defaultimg_0130.jpg
9236	2	timestamp_rendition	77.59	20240916-154322556.jpg	20240916-154321.jpg
9235	1	default_other:same_core	12.6	screenshot_2024-01-01-09-12-12-433_com.tencent.mm-edit.jpg	defaultscreenshot_2024-01-01-09-12-12-433_com.tencent.mm-edit.jpg
9233	1	default_camera:same_core	5.2	img_0131.jpg	defaultimg_0131.jpg
9232	1	default_camera:same_core	44.18	img_0127.jpg	defaultimg_0127-2.jpg
9230	1	default_camera:same_core	11.83	img_0125.png	defaultimg_0125.png
9229	1	default_camera:same_core	52.08	img_0124.jpg	defaultimg_0124-2.jpg
9227	1	default_camera:same_core	5.63	img_0120.jpg	defaultimg_0120-3.jpg
9223	1	default_camera:same_core	69.1	img_0106.jpg	defaultimg_0106-2.jpg
9221	1	default_camera:same_core	37.17	img_0100.jpg	defaultimg_0100-3.jpg
9220	1	default_camera:same_core	47.88	img_0100.jpg	defaultimg_0100-2.jpg
9219	1	default_camera:same_core	51.56	img_0098.jpg	defaultimg_0098-2.jpg
9218	1	default_camera:same_core	59.25	img_0092.jpg	defaultimg_0092-2.jpg
9217	1	default_camera:same_core	56.71	img_0090.jpg	defaultimg_0090.jpg
9216	1	default_camera:same_core	30.22	img_0088.jpg	defaultimg_0088.jpg
9214	1	default_camera:same_core	61.12	img_0085.jpg	defaultimg_0085-2.jpg
9213	1	default_camera:same_core	46.34	img_0080.jpg	defaultimg_0080-2.jpg
9212	1	default_camera:same_core	26.8	img_0062.jpg	defaultimg_0062-3.jpg
9211	1	default_camera:same_core	46.77	img_0078.jpg	defaultimg_0078.jpg
9210	1	default_camera:same_core	35.08	img_0073.jpg	defaultimg_0073.jpg
9209	1	default_camera:same_core	37.0	img_0068.jpg	defaultimg_0068.jpg
9206	1	default_camera:same_core	48.42	img_0077.jpg	defaultimg_0077.jpg
9205	1	default_camera:same_core	31.11	img_0075.jpg	defaultimg_0075-2.jpg
9204	1	default_camera:same_core	22.88	img_0071.jpg	defaultimg_0071.jpg
9203	1	default_camera:same_core	35.93	img_0070.jpg	defaultimg_0070.jpg
9202	1	default_camera:same_core	27.72	img_0070.jpg	defaultimg_0070-2.jpg
9201	1	default_camera:same_core	22.99	img_0067.jpg	defaultimg_0067.jpg
9200	1	default_camera:same_core	41.18	img_0064.jpg	defaultimg_0064.jpg
9199	1	default_camera:same_core	27.59	img_0065.jpg	defaultimg_0065.jpg
9198	1	default_camera:same_core	38.57	img_0066.jpg	defaultimg_0066.jpg
9197	1	default_camera:same_core	48.12	img_0060.jpg	defaultimg_0060.jpg
9196	1	default_camera:same_core	45.32	img_0058.jpg	defaultimg_0058-2.jpg
9195	1	default_camera:same_core	23.81	img_0056.jpg	defaultimg_0056-2.jpg
9194	1	default_camera:same_core	19.72	img_0055.jpg	defaultimg_0055-2.jpg
9193	1	default_camera:same_core	39.62	img_0054.jpg	defaultimg_0054-2.jpg
9192	1	default_camera:same_core	36.64	img_0047.jpg	defaultimg_0047-2.jpg
9191	1	default_camera:same_core	41.57	img_0045.jpg	defaultimg_0045-3.jpg
9190	1	default_camera:same_core	41.92	img_0042.jpg	defaultimg_0042-2.jpg
9189	1	default_camera:same_core	27.6	img_0043.jpg	defaultimg_0043-2.jpg
9187	1	default_camera:same_core	30.33	img_0039.jpg	defaultimg_0039.jpg
9186	1	default_camera:same_core	44.06	img_0034.jpg	defaultimg_0034-2.jpg
9184	1	default_camera:same_core	42.66	img_0031.jpg	defaultimg_0031-2.jpg
9183	1	default_camera:same_core	38.52	img_0033.jpg	defaultimg_0033-2.jpg
9179	1	default_camera:same_core	38.89	img_0024.jpg	defaultimg_0024.jpg
9178	1	default_camera:same_core	39.33	img_0025.jpg	defaultimg_0025.jpg
9177	1	default_camera:same_core	62.12	img_0022.jpg	defaultimg_0022-2.jpg
9176	1	default_camera:same_core	40.16	img_0023.jpg	defaultimg_0023-2.jpg
9175	1	default_camera:same_core	48.13	img_0020.jpg	defaultimg_0020-2.jpg
9174	1	default_camera:same_core	56.57	img_0016.jpg	defaultimg_0016-2.jpg
9173	1	default_camera:same_core	46.17	img_0013.jpg	defaultimg_0013-2.jpg
9172	2	default_camera:same_core	78.87	img_0014.jpg	defaultimg_0014.jpg
9170	1	default_camera:same_core	31.77	img_0010.jpg	defaultimg_0010-3.jpg
9169	1	default_camera:same_core	44.87	img_0010.jpg	defaultimg_0010-2.jpg
9168	1	default_camera:same_core	38.79	img_0008.jpg	defaultimg_0008-3.jpg
9167	1	default_camera:same_core	39.55	img_0009.jpg	defaultimg_0009-2.jpg
9166	1	default_camera:same_core	31.0	img_0006.jpg	defaultimg_0006-2.jpg
9165	1	default_camera:same_core	38.47	img_0007.jpg	defaultimg_0007-2.jpg
9164	1	default_camera:same_core	55.51	img_0006.jpg	defaultimg_0006-3.jpg
9163	1	default_camera:same_core	60.12	img_0007.jpg	defaultimg_0007-3.jpg
9162	1	default_camera:same_core	38.13	img_0005.jpg	defaultimg_0005-2.jpg
9161	1	default_camera:same_core	54.96	img_0005.jpg	defaultimg_0005-3.jpg
9159	1	default_camera:same_core	51.78	img_0001.jpg	defaultimg_0001.jpg
9158	1	default_camera:same_core	7.02	img_0001.jpg	defaultimg_0001-2.jpg
9157	1	default_other:same_core	97.95	ggtu2946.jpeg	defaultggtu2946.jpeg
9156	1	default_other:same_core	11.02	hkua4805.jpeg	defaulthkua4805.jpeg
9155	1	default_other:same_core	7.93	gsfx5094.jpeg	defaultgsfx5094.jpeg
9154	1	default_other:same_core	8.17	gbnn9596.jpeg	defaultgbnn9596.jpeg
9151	1	default_other:same_core	12.9	fkdj4314.jpeg	defaultfkdj4314.jpeg
9149	1	default_other:same_core	10.33	ejig9791.jpeg	defaultejig9791.jpeg
9148	1	default_other:same_core	12.07	dzze2346.jpeg	defaultdzze2346.jpeg
9147	1	default_camera:same_core	69.31	dsci4356.jpg	defaultdsci4356.jpg
9146	1	default_camera:same_core	32.85	dscf2601.jpg	defaultdscf2601.jpg
9145	1	default_camera:same_core	17.65	dscf2598.jpg	defaultdscf2598.jpg
9144	1	default_camera:same_core	67.31	dscf2596.jpg	defaultdscf2596.jpg
9143	1	default_camera:same_core	28.25	dscf2599.jpg	defaultdscf2599.jpg
9141	1	default_camera:same_core	69.1	dscf2595.jpg	defaultdscf2595.jpg
9140	1	default_camera:same_core	75.34	dscf2588.jpg	defaultdscf2588.jpg
9139	1	default_camera:same_core	145.72	dscf2577.jpg	defaultdscf2577.jpg
9138	1	default_camera:same_core	56.67	dscf2570.jpg	defaultdscf2570.jpg
9136	1	default_camera:same_core	31.36	dsc_2759.jpg	defaultdsc_2759.jpg
9135	4	default_camera:same_core	53.42	dsc_2756.jpg	defaultdsc_2758.jpg
9134	1	default_camera:other	639.2	20240613-121012750.arw	defaultdsc01720.arw
9133	1	default_camera:same_core	643.75	dsc01678.arw	defaultdsc01678.arw
9132	1	default_camera:same_core	577.0	dsc01682.arw	defaultdsc01682.arw
9131	1	default_camera:same_core	763.17	dsc01672.arw	defaultdsc01672.arw
9130	1	default_camera:same_core	598.67	dsc01655.arw	defaultdsc01655.arw
9129	2	default_camera:other	839.54	20240611-111143718.arw	defaultdsc01330.arw
9127	1	default_camera:other	702.05	20240611-105310191.arw	defaultdsc01290.arw
9126	1	default_camera:other	621.35	20240611-105311407.arw	defaultdsc01292.arw
9125	3	default_camera:other	427.69	20240611-105351055.arw	defaultdsc01297.arw
9124	2	default_camera:other	550.86	20240611-105346448.arw	defaultdsc01295.arw
9123	6	default_camera:other	790.41	20240610-192922107.arw	defaultdsc01279.jpg
9118	2	default_camera:other	810.48	20240610-192401536.arw	defaultdsc01271.jpg
9117	4	default_camera:other	716.57	20240610-192143803.arw	defaultdsc01266.jpg
9114	1	default_camera:same_core	729.56	dsc01635.arw	defaultdsc01635.arw
9111	2	default_camera:same_core	425.1	dsc01243.arw	defaultdsc01243.jpg
9110	4	default_camera:other	442.62	20240610-171509446.arw	defaultdsc01242.jpg
9109	2	default_camera:other	434.36	20240610-171502966.arw	defaultdsc01240.jpg
9108	2	default_camera:other	389.95	20240610-171245982.arw	defaultdsc01235.jpg
9107	2	default_camera:same_core	397.37	dsc01233.arw	defaultdsc01233.jpg
9105	2	default_camera:same_core	493.89	dsc01236.arw	defaultdsc01236.jpg
9104	2	default_camera:other	374.91	20240610-170955770.arw	defaultdsc01234.jpg
9103	2	default_camera:other	375.22	20240610-170757415.arw	defaultdsc01232.jpg
9102	6	default_camera:other	421.65	20240610-170545607.arw	defaultdsc01228.jpg
9101	2	default_camera:same_core	394.07	dsc01227.arw	defaultdsc01227.jpg
9099	2	default_camera:same_core	435.87	dsc01225.arw	defaultdsc01225.jpg
9098	2	default_camera:same_core	412.77	dsc01226.arw	defaultdsc01226.jpg
9097	2	default_camera:other	418.54	20240610-170223580.arw	defaultdsc01220.jpg
9096	2	default_camera:same_core	458.86	dsc01218.arw	defaultdsc01218.jpg
9095	2	default_camera:same_core	355.57	dsc01217.arw	defaultdsc01217.jpg
9094	2	default_camera:other	430.76	20240610-165007488.arw	defaultdsc01215.jpg
9092	2	default_camera:same_core	349.83	dsc01216.arw	defaultdsc01216.jpg
9091	8	default_camera:other	442.42	20240610-170454650.arw	defaultdsc01224.jpg
9090	2	default_camera:same_core	352.27	dsc01211.arw	defaultdsc01211.jpg
9089	2	default_camera:other	518.73	20240610-164750399.arw	defaultdsc01210.jpg
9086	2	default_camera:same_core	523.56	dsc01209.arw	defaultdsc01209.jpg
9085	2	default_camera:other	383.98	20240610-164522447.arw	defaultdsc01206.jpg
9084	2	default_camera:other	482.18	20240610-164502691.arw	defaultdsc01203.jpg
9083	2	default_camera:same_core	479.49	dsc01205.arw	defaultdsc01205.jpg
9080	3	default_camera:other	473.84	20240610-164600231.arw	defaultdsc01207.jpg
9078	2	default_camera:same_core	490.98	dsc01204.arw	defaultdsc01204.jpg
9077	2	default_camera:other	571.39	20240610-163814105.arw	defaultdsc01199.jpg
9073	2	default_camera:same_core	395.87	dsc01193.arw	defaultdsc01193.jpg
9072	2	default_camera:other	380.06	20240610-162926823.arw	defaultdsc01191.jpg
9071	2	default_camera:other	374.52	20240610-163415945.arw	defaultdsc01192.jpg
9070	2	default_camera:other	433.0	20240610-162317010.arw	defaultdsc01188.jpg
9069	2	default_camera:same_core	433.75	dsc01190.arw	defaultdsc01190.jpg
9067	2	default_camera:other	379.95	20240610-162800845.arw	defaultdsc01189.jpg
9066	2	default_camera:same_core	654.66	dsc01186.arw	defaultdsc01186.jpg
9065	2	default_camera:same_core	878.69	dsc01185.arw	defaultdsc01185.jpg
9063	2	default_camera:same_core	325.06	dsc01187.arw	defaultdsc01187.jpg
9061	4	default_camera:other	775.51	20240610-104103658.arw	defaultdsc01178.jpg
9047	1	default_camera:same_core	792.51	dsc01149.arw	defaultdsc01149.arw
9046	2	default_camera:other	873.18	20240610-103201900.arw	defaultdsc01144.jpg
9044	2	default_camera:same_core	1113.08	dsc01133.arw	defaultdsc01133.jpg
9043	2	default_camera:same_core	1268.1	dsc01132.arw	defaultdsc01132.jpg
9042	2	default_camera:other	1276.8	20240610-101133241.arw	defaultdsc01130.jpg
9041	2	default_camera:other	1307.48	20240610-101528663.arw	defaultdsc01131.jpg
9040	2	default_camera:other	486.19	20240609-213544940.arw	defaultdsc01129.jpg
9039	4	default_camera:other	476.01	20240609-213148060.arw	defaultdsc01125.jpg
9038	2	default_camera:other	385.08	20240609-213231723.arw	defaultdsc01127.jpg
9037	2	default_camera:same_core	539.58	dsc01123.arw	defaultdsc01123.jpg
9036	1	default_camera:other	593.34	20240612-203526426.arw	defaultdsc01628.arw
9035	2	default_camera:other	416.92	20240609-213404500.arw	defaultdsc01128.jpg
9034	2	default_camera:same_core	376.62	dsc01122.arw	defaultdsc01122.jpg
9033	2	default_camera:same_core	563.7	dsc01124.arw	defaultdsc01124.jpg
9032	2	default_camera:other	625.0	20240609-212937660.arw	defaultdsc01121.jpg
9031	2	default_camera:same_core	497.48	dsc01120.arw	defaultdsc01120.jpg
9029	2	default_camera:same_core	394.81	dsc01117.arw	defaultdsc01117.jpg
9028	2	default_camera:same_core	644.07	dsc01118.arw	defaultdsc01118.jpg
9027	2	default_camera:same_core	410.63	dsc01116.arw	defaultdsc01116.jpg
9025	2	default_camera:same_core	363.88	dsc01112.arw	defaultdsc01112.jpg
9023	2	default_camera:same_core	370.79	dsc01114.arw	defaultdsc01114.jpg
9021	2	default_camera:same_core	367.42	dsc01111.arw	defaultdsc01111.jpg
9019	2	default_camera:same_core	697.44	dsc01107.arw	defaultdsc01107.jpg
9018	2	default_camera:other	568.79	20240609-212252203.arw	defaultdsc01109.jpg
9017	2	default_camera:other	502.74	20240609-210734700.arw	defaultdsc01106.jpg
9016	2	default_camera:same_core	457.86	dsc01105.arw	defaultdsc01105.jpg
9015	2	default_camera:other	693.08	20240609-210036741.arw	defaultdsc01102.jpg
9014	2	default_camera:same_core	468.0	dsc01104.arw	defaultdsc01104.jpg
9013	2	default_camera:same_core	472.14	dsc01103.arw	defaultdsc01103.jpg
9011	2	timestamp_rendition	48.05	20240915-143457077.jpg	20240915-143456.jpg
9010	2	default_camera:other	531.89	20240609-210003100.arw	defaultdsc01101.jpg
9009	2	timestamp_rendition	81.05	20240915-202252399.jpg	20240915-202251.jpg
9008	2	default_camera:other	635.83	20240609-205759880.arw	defaultdsc01099.jpg
9006	2	default_camera:same_core	466.25	dsc01097.arw	defaultdsc01097.jpg
9005	2	default_camera:same_core	455.04	dsc01096.arw	defaultdsc01096.jpg
9004	2	default_camera:same_core	449.78	dsc01095.arw	defaultdsc01095.jpg
9003	2	default_camera:other	633.63	20240609-205015320.arw	defaultdsc01091.jpg
9002	2	default_camera:other	615.03	20240609-204503833.arw	defaultdsc01084.jpg
9001	2	default_camera:other	533.0	20240609-204729151.arw	defaultdsc01087.jpg
9000	2	default_camera:other	606.45	20240609-205128841.arw	defaultdsc01093.jpg
8999	2	default_camera:other	514.26	20240609-205202960.arw	defaultdsc01094.jpg
8997	2	timestamp_rendition:same_core	64.67	20240914-122231942.jpg	20240914-122231.jpg
8996	2	default_camera:other	787.13	20240609-204623213.arw	defaultdsc01085.jpg
8995	2	default_camera:other	610.99	20240609-180558886.arw	defaultdsc01083.jpg
8994	2	default_camera:same_core	412.0	dsc01089.arw	defaultdsc01089.jpg
8993	2	default_camera:same_core	522.72	dsc01088.arw	defaultdsc01088.jpg
8992	2	timestamp_rendition:same_core	66.57	20240914-153217912.jpg	20240914-153217.jpg
8991	2	default_camera:same_core	507.9	dsc01076.arw	defaultdsc01076.jpg
8990	10	default_camera:other	537.81	20240609-174251767.arw	defaultdsc01077.jpg
8989	1	default_camera:same_core	747.59	dsc01072.arw	defaultdsc01072.arw
8988	2	default_camera:same_core	601.78	dsc01074.arw	defaultdsc01074.jpg
8987	1	default_camera:same_core	950.29	dsc01071.arw	defaultdsc01071.arw
8986	2	default_camera:same_core	591.93	dsc01075.arw	defaultdsc01075.jpg
8985	2	default_camera:same_core	746.44	dsc01073.arw	defaultdsc01073.jpg
8984	1	default_camera:other	492.21	20240612-125127895.arw	defaultdsc01616.arw
8983	1	default_camera:same_core	269.95	dsc01069.arw	defaultdsc01069.arw
8982	1	default_camera:other	1006.94	20240518-151356957.arw	defaultdsc01066.arw
8981	1	default_camera:same_core	1077.91	dsc01064.arw	defaultdsc01064.arw
8980	1	default_camera:other	879.78	20240518-150844080.arw	defaultdsc01061.arw
8979	1	default_camera:adjacent_id	879.43	dsc01060.arw	defaultdsc01062.arw
8978	1	default_camera:other	1142.6	20240518-150521261.arw	defaultdsc01057.arw
8977	1	default_camera:other	1414.82	20240518-150529125.arw	defaultdsc01058.arw
8976	1	default_camera:same_core	888.21	dsc01050.arw	defaultdsc01050.arw
8975	1	default_camera:same_core	581.65	dsc01054.arw	defaultdsc01054.arw
8974	1	default_camera:same_core	874.1	dsc01056.arw	defaultdsc01056.arw
8973	1	default_camera:same_core	1038.65	dsc01051.arw	defaultdsc01051.arw
8972	1	default_camera:other	1006.73	20240405-122933240.arw	defaultdsc01049.arw
8971	4	default_camera:other	1239.58	20240405-121108158.arw	defaultdsc01045.arw
8970	1	default_camera:adjacent_id	723.52	dsc01610.arw	defaultdsc01611.arw
8967	2	default_camera:other	338.76	20240331-163319922.arw	defaultdsc01032.arw
8966	2	default_camera:other	693.87	20240331-162748800.arw	defaultdsc01028.jpg
8965	3	default_camera:other	862.58	20240331-162923036.arw	defaultdsc01030.jpg
8963	1	default_camera:same_core	594.7	dsc01024.arw	defaultdsc01024.arw
8962	2	default_camera:other	464.53	20240331-161818972.arw	defaultdsc01021.jpg
8961	2	default_camera:other	430.12	20240331-161119158.arw	defaultdsc01016.jpg
8960	2	default_camera:other	413.1	20240331-161133638.arw	defaultdsc01017.jpg
8959	2	default_camera:other	425.0	20240331-160916299.arw	defaultdsc01014.jpg
8957	1	default_camera:same_core	455.59	dsc01020.arw	defaultdsc01020.arw
8956	2	default_camera:other	951.96	20240331-161042725.arw	defaultdsc01015.jpg
8955	1	default_camera:same_core	358.83	dsc01013.arw	defaultdsc01013.arw
8954	2	default_camera:other	494.61	20240331-155720200.arw	defaultdsc01006.jpg
8953	3	default_camera:other	421.89	20240331-160552170.arw	defaultdsc01011.jpg
8951	3	default_camera:other	586.71	20240331-155940228.arw	defaultdsc01010.jpg
8950	2	default_camera:other	1170.25	20240331-155427970.arw	defaultdsc01001.jpg
8949	1	default_camera:same_core	586.74	dsc00998.arw	defaultdsc00998.arw
8947	2	default_camera:other	750.46	20240331-154121332.arw	defaultdsc00999.jpg
8945	2	default_camera:same_core	506.13	dsc00989.arw	defaultdsc00989.jpg
8944	2	default_camera:same_core	632.63	dsc00991.arw	defaultdsc00991.jpg
8943	2	default_camera:other	633.49	20240331-153823883.arw	defaultdsc00994.jpg
8942	1	default_camera:same_core	497.11	dsc00985.arw	defaultdsc00985.arw
8941	2	default_camera:same_core	545.42	dsc00993.arw	defaultdsc00993.jpg
8940	2	default_camera:same_core	536.92	dsc00988.arw	defaultdsc00988.jpg
8939	2	default_camera:other	1428.78	20240330-190001441.arw	defaultdsc00984.jpg
8938	1	default_camera:same_core	486.92	dsc00987.arw	defaultdsc00987.arw
8937	1	default_camera:other	579.82	20240330-184917674.arw	defaultdsc00971.arw
8936	1	default_camera:other	612.16	20240330-185237352.arw	defaultdsc00976.arw
8935	2	default_camera:other	1019.54	20240330-185644286.arw	defaultdsc00979.jpg
8934	2	default_camera:same_core	1395.92	dsc00977.arw	defaultdsc00977.jpg
8933	2	timestamp_rendition:same_core	72.3	20240912-234234356.jpg	20240912-234234.jpg
8932	2	timestamp_rendition:same_core	74.45	20240912-234241850.jpg	20240912-234241.jpg
8931	2	default_camera:same_core	940.0	dsc00963.arw	defaultdsc00963.jpg
8930	2	default_camera:other	672.51	20240330-170111199.arw	defaultdsc00965.jpg
8929	1	default_camera:same_core	1057.77	dsc00948.arw	defaultdsc00948.arw
8927	1	default_camera:same_core	1032.45	dsc00951.arw	defaultdsc00951.arw
8922	1	default_camera:same_core	906.71	dsc00936.arw	defaultdsc00936.arw
8921	1	default_camera:same_core	1103.52	dsc00920.arw	defaultdsc00920.arw
8920	1	default_camera:same_core	672.31	dsc00918.arw	defaultdsc00918.arw
8919	1	default_camera:same_core	302.57	dsc00910.arw	defaultdsc00910.arw
8918	1	default_camera:same_core	567.22	dsc00917.arw	defaultdsc00917.arw
8917	2	timestamp_rendition	61.75	20240907-172402136.jpg	20240907-172401.jpg
8916	1	default_camera:same_core	302.77	dsc00908.arw	defaultdsc00908.arw
8915	1	default_camera:same_core	752.23	dsc00911.arw	defaultdsc00911.arw
8914	1	default_camera:same_core	538.66	dsc00904.arw	defaultdsc00904.arw
8913	1	default_camera:same_core	879.01	dsc00903.arw	defaultdsc00903.arw
8912	2	timestamp_rendition	72.59	20240907-130351069.jpg	20240907-130349.jpg
8911	1	default_camera:same_core	964.94	dsc00905.arw	defaultdsc00905.arw
8910	1	default_camera:same_core	1134.45	dsc00906.arw	defaultdsc00906.arw
8909	2	timestamp_rendition:same_core	83.08	20240905-184521961.jpg	20240905-184521.jpg
8902	2	timestamp_rendition:same_core	70.98	20240904-113855789.jpg	20240904-113855.jpg
8901	1	default_camera:other	559.85	20240612-124335770.arw	defaultdsc01595.arw
8899	1	default_camera:same_core	607.52	dsc01590.arw	defaultdsc01590.arw
8898	2	timestamp_rendition:same_core	77.61	20240904-190131787.jpg	20240904-190131.jpg
8895	1	timestamp_rendition:same_core	6.5	20240901-185423729.jpg	20240901-185423-3.jpg
8894	1	default_other:same_core	10.59	screenshot_2024-09-01-14-48-10-212_com.jingdong.app.mall-edit.jpg	defaultscreenshot_2024-09-01-14-48-10-212_com.jingdong.app.mall-edit.jpg
8892	1	default_camera:other	566.74	dsc01588.arw	defaultdsc01585.arw
8890	2	timestamp_rendition:same_id	125.78	img_20240831_181115.jpg	20240831-181115.jpg
8888	1	default_camera:same_core	724.25	dsc01576.arw	defaultdsc01576.arw
8887	1	default_other:same_core	9.69	screenshot_2024-08-31-18-26-11-226_com.eg.android.alipaygphone.jpg	defaultscreenshot_2024-08-31-18-26-11-226_com.eg.android.alipaygphone.jpg
8885	1	default_other:same_core	8.49	screenshot_2024-08-31-18-20-45-089_org.mozilla.firefox.jpg	defaultscreenshot_2024-08-31-18-20-45-089_org.mozilla.firefox.jpg
8884	2	timestamp_rendition:same_id	68.73	img_20240831_185702.jpg	20240831-185702.jpg
8883	1	default_other:same_core	9.86	screenshot_2024-08-31-18-24-09-036_com.eg.android.alipaygphone.jpg	defaultscreenshot_2024-08-31-18-24-09-036_com.eg.android.alipaygphone.jpg
8881	1	default_other:same_core	13.18	screenshot_2024-08-28-23-17-26-532_com.tencent.mm.jpg	defaultscreenshot_2024-08-28-23-17-26-532_com.tencent.mm.jpg
8880	1	default_other:same_core	11.5	screenshot_2024-08-26-23-01-40-070_ctrip.android.view.jpg	defaultscreenshot_2024-08-26-23-01-40-070_ctrip.android.view.jpg
8879	3	timestamp_rendition:same_core	688.87	20240827-185647747.jpg	20240827-185647-2.jpg
8878	2	timestamp_rendition:same_core	59.05	20240825-224331602.jpg	20240825-224331.jpg
8876	1	default_camera:same_core	1036.77	dsc00899.arw	defaultdsc00899.arw
8875	1	default_camera:same_core	1245.21	dsc00897.arw	defaultdsc00897.arw
8874	1	default_camera:same_core	1262.17	dsc00896.arw	defaultdsc00896.arw
8873	1	default_camera:same_core	1115.35	dsc00895.arw	defaultdsc00895.arw
8872	2	timestamp_rendition:same_core	150.63	20240824-091848030.jpg	20240824-091848.jpg
8871	1	timestamp_rendition:same_core	6.19	20240824-090151188.jpg	20240824-090151-3.jpg
8868	1	timestamp_rendition:same_core	6.02	20240824-090141690.jpg	20240824-090141-3.jpg
8867	2	timestamp_rendition:same_core	70.9	20240824-090119542.jpg	20240824-090119.jpg
8866	2	timestamp_rendition:same_core	96.59	20240824-091341970.jpg	20240824-091341.jpg
8864	1	default_other:same_core	13.96	screenshot_2024-08-24-22-26-31-979_tv.danmaku.bili-edit.jpg	defaultscreenshot_2024-08-24-22-26-31-979_tv.danmaku.bili-edit.jpg
8863	1	default_other:same_core	19.39	screenshot_2024-08-21-14-35-54-723_com.microsoft.emmx.jpg	defaultscreenshot_2024-08-21-14-35-54-723_com.microsoft.emmx.jpg
8861	1	default_other:same_core	16.62	screenshot_2024-08-21-14-35-40-875_com.microsoft.emmx.jpg	defaultscreenshot_2024-08-21-14-35-40-875_com.microsoft.emmx.jpg
8860	3	default_camera:other	396.19	dsc01547.arw	defaultdsc01563.arw
8858	2	timestamp_rendition:same_core	325.56	20240818-170748628.jpg	20240818-170748.jpg
8857	1	timestamp_rendition	9.52	20240818-170755946.jpg	20240818-170754-3.jpg
8855	1	default_other:same_core	17.22	screenshot_2024-08-18-14-40-00-703_com.taou.maimai.jpg	defaultscreenshot_2024-08-18-14-40-00-703_com.taou.maimai.jpg
8854	1	default_other:same_core	13.69	screenshot_2024-08-18-12-48-35-149_com.tencent.mm.jpg	defaultscreenshot_2024-08-18-12-48-35-149_com.tencent.mm.jpg
8853	1	default_camera:other	1052.06	20240612-114857391.arw	defaultdsc01539.arw
8849	2	timestamp_rendition:same_core	48.6	20240817-122054821.jpg	20240817-122054.jpg
8848	2	timestamp_rendition:same_core	96.72	20240817-121348887.jpg	20240817-121348.jpg
8847	1	default_other:same_core	9.23	screenshot_2024-08-12-13-24-35-706_com.tencent.mm.jpg	defaultscreenshot_2024-08-12-13-24-35-706_com.tencent.mm.jpg
8846	1	default_other:same_core	8.87	screenshot_2024-08-12-23-29-36-929_com.microsoft.emmx.jpg	defaultscreenshot_2024-08-12-23-29-36-929_com.microsoft.emmx.jpg
8844	2	timestamp_rendition:same_core	81.12	20240810-151350769.jpg	20240810-151350.jpg
8843	1	default_camera:other	898.35	20240612-112442587.arw	defaultdsc01527.arw
8842	1	default_other:same_core	11.21	screenshot_2024-08-03-21-12-33-744_com.baidu.baidumap.jpg	defaultscreenshot_2024-08-03-21-12-33-744_com.baidu.baidumap.jpg
8841	2	timestamp_rendition:same_core	58.41	20240803-181427847.jpg	20240803-181427.jpg
8840	1	default_other:same_core	11.36	screenshot_2024-08-03-21-12-10-845_com.baidu.baidumap.jpg	defaultscreenshot_2024-08-03-21-12-10-845_com.baidu.baidumap.jpg
8839	1	default_other:same_core	167.34	cvkl8819.jpeg	defaultcvkl8819.jpeg
8836	1	default_other:same_core	12.92	screenshot_2024-08-02-20-31-50-585_com.eg.android.alipaygphone.jpg	defaultscreenshot_2024-08-02-20-31-50-585_com.eg.android.alipaygphone.jpg
8833	2	timestamp_rendition	85.42	20240802-195852268.jpg	20240802-195851.jpg
8832	1	default_other:same_core	8.72	screenshot_2024-08-02-11-01-05-899_org.mozilla.firefox.jpg	defaultscreenshot_2024-08-02-11-01-05-899_org.mozilla.firefox.jpg
8831	1	default_other:same_core	127.21	bdob3490.jpeg	defaultbdob3490.jpeg
8825	1	default_other:same_core	9.73	screenshot_2024-08-01-13-19-22-700_com.tencent.mm.jpg	defaultscreenshot_2024-08-01-13-19-22-700_com.tencent.mm.jpg
8820	1	timestamp_rendition:same_core	10.61	20240801-122002.jpg	20240801-122002-2.jpg
8819	1	default_other:same_core	10.04	screenshot_2024-07-31-22-45-44-469_com.tencent.mm.jpg	defaultscreenshot_2024-07-31-22-45-44-469_com.tencent.mm.jpg
8818	1	default_other:same_core	10.65	screenshot_2024-07-29-13-04-27-486_com.taou.maimai.jpg	defaultscreenshot_2024-07-29-13-04-27-486_com.taou.maimai.jpg
8816	1	timestamp_rendition:same_core	39.78	20240727-111654329.jpg	20240727-111654.jpg
8815	1	default_other:same_core	9.23	screenshot_2024-07-26-18-54-40-911_com.tencent.mm.jpg	defaultscreenshot_2024-07-26-18-54-40-911_com.tencent.mm.jpg
8814	1	default_other:same_core	13.78	screenshot_2024-07-20-11-42-27-407_com.tencent.mm.jpg	defaultscreenshot_2024-07-20-11-42-27-407_com.tencent.mm.jpg
8813	1	default_other:same_core	11.55	screenshot_2024-07-21-13-42-53-476_com.xianqing.driving3d.jpg	defaultscreenshot_2024-07-21-13-42-53-476_com.xianqing.driving3d.jpg
8812	1	default_other:same_core	22.34	screenshot_2024-07-21-11-53-02-903_com.xianqing.driving3d.jpg	defaultscreenshot_2024-07-21-11-53-02-903_com.xianqing.driving3d.jpg
8808	2	timestamp_rendition:same_core	55.51	20240612-101848786.jpg	20240612-101848.jpg
8807	2	timestamp_rendition:same_core	61.32	20240612-101814973.jpg	20240612-101814.jpg
8805	2	timestamp_rendition:same_core	55.94	20240612-101837120.jpg	20240612-101837.jpg
8804	2	timestamp_rendition:same_core	54.77	20240612-101843284.jpg	20240612-101843.jpg
8803	2	timestamp_rendition:same_core	64.3	20240612-101827632.jpg	20240612-101827.jpg
8802	1	timestamp_rendition:same_core	50.07	20240612-104042744.jpg	20240612-104042.jpg
8801	1	default_other:same_core	20.51	screenshot_2024-06-12-09-44-40-876_com.tmri.app.main.jpg	defaultscreenshot_2024-06-12-09-44-40-876_com.tmri.app.main.jpg
8798	2	timestamp_rendition:same_core	80.08	20240719-201828861.jpg	20240719-201828.jpg
8793	1	default_camera:adjacent_id	550.74	dsc01506.arw	defaultdsc01507.arw
8784	2	timestamp_rendition:same_core	85.63	20240709-183917434.jpg	20240709-183917.jpg
8783	3	default_camera:other	517.88	20240611-172147627.arw	defaultdsc01499.arw
8782	2	timestamp_rendition:same_core	49.07	20240707-143831561.jpg	20240707-143831.jpg
8781	3	timestamp_rendition:same_core	681.85	20240707-165203514.jpg	20240707-165203-2.jpg
8779	1	default_camera:other	507.07	20240611-172123541.arw	defaultdsc01492.arw
8777	1	default_camera:same_core	758.27	dsc01488.arw	defaultdsc01488.arw
8776	1	timestamp_rendition:same_core	6.18	20240706-191932149.jpg	20240706-191932-3.jpg
8774	2	timestamp_rendition:same_core	69.14	20240706-185448334.jpg	20240706-185448.jpg
8773	2	timestamp_rendition:same_core	106.38	20240706-191301599.jpg	20240706-191301.jpg
8772	2	timestamp_rendition:same_core	54.74	20240706-081456842.jpg	20240706-081456.jpg
8771	1	default_other:same_core	12.13	21110025.jpg	default21110025.jpg
8770	1	default_camera:other	745.49	dsc01480.arw	defaultdsc01483.arw
8769	1	default_other:same_core	9.17	screenshot_2024-07-05-20-24-10-751_org.mozilla.firefox.jpg	defaultscreenshot_2024-07-05-20-24-10-751_org.mozilla.firefox.jpg
8768	1	default_other:same_core	71.97	2024063023393898.jpg	default2024063023393898.jpg
8765	1	default_other:same_core	11.71	screenshot_2024-06-24-23-37-19-903_com.jingdong.app.mall.jpg	defaultscreenshot_2024-06-24-23-37-19-903_com.jingdong.app.mall.jpg
8764	1	default_other:same_core	10.49	screenshot_2024-06-24-15-31-46-125_com.larus.nova-edit.jpg	defaultscreenshot_2024-06-24-15-31-46-125_com.larus.nova-edit.jpg
8763	1	default_other:same_core	13.09	screenshot_2024-06-24-21-07-52-341_com.xunmeng.pinduoduo.jpg	defaultscreenshot_2024-06-24-21-07-52-341_com.xunmeng.pinduoduo.jpg
8761	1	timestamp_rendition:same_core	5.31	20240622-123925183.jpg	20240622-123925-3.jpg
8760	1	timestamp_rendition:same_core	35.64	20240622-121748172.jpg	20240622-121748.jpg
8756	2	timestamp_rendition	63.98	20240622-121740077.jpg	20240622-121739.jpg
8754	1	default_other:same_core	11.85	screenshot_2024-06-20-22-48-29-316_com.tencent.mm.jpg	defaultscreenshot_2024-06-20-22-48-29-316_com.tencent.mm.jpg
8753	2	timestamp_rendition:same_core	58.72	20240618-122336270.jpg	20240618-122336.jpg
8750	2	timestamp_rendition:same_core	52.28	20240621-180536753.jpg	20240621-180536.jpg
8746	1	timestamp_rendition:same_core	6.43	20240617-221008204.jpg	20240617-221008-3.jpg
8745	1	default_other:same_core	6.57	screenshot_2024-06-17-18-32-00-595_com.tencent.mm-edit.jpg	defaultscreenshot_2024-06-17-18-32-00-595_com.tencent.mm-edit.jpg
8744	1	default_other:same_core	12.5	screenshot_2024-06-17-22-37-33-745_com.jingdong.app.mall.jpg	defaultscreenshot_2024-06-17-22-37-33-745_com.jingdong.app.mall.jpg
8743	2	timestamp_rendition	58.16	20240616-170247332.jpg	20240616-170244.jpg
8742	2	timestamp_rendition:same_core	55.61	20240616-094207180.jpg	20240616-094207.jpg
8741	1	default_camera:other	383.35	dsc01444.arw	defaultdsc01441.arw
8738	1	default_camera:other	737.81	20240611-122508330.arw	defaultdsc01435.arw
8736	1	timestamp_rendition:same_core	6.69	20240615-160735686.jpg	20240615-160735-3.jpg
8735	1	default_camera:other	701.43	20240611-122310106.arw	defaultdsc01428.arw
8734	1	timestamp_rendition:same_core	7.48	20240615-140844071.jpg	20240615-140844-3.jpg
8732	2	timestamp_rendition:same_core	188.82	20240615-140759519.jpg	20240615-140759.jpg
8731	1	default_camera:same_core	609.03	dsc01422.arw	defaultdsc01422.arw
8730	2	timestamp_rendition:same_core	62.09	20240615-160655411.jpg	20240615-160655.jpg
8729	2	timestamp_rendition:same_core	45.76	20240615-160610541.jpg	20240615-160610.jpg
8727	1	default_other:same_core	10.01	screenshot_2024-06-15-22-00-49-648_com.sankuai.meituan.jpg	defaultscreenshot_2024-06-15-22-00-49-648_com.sankuai.meituan.jpg
8726	1	default_other:same_core	9.35	screenshot_2024-06-15-13-21-45-575_com.android.mms.jpg	defaultscreenshot_2024-06-15-13-21-45-575_com.android.mms.jpg
8725	1	default_other:same_core	9.39	screenshot_2024-06-15-10-29-01-303_org.mozilla.firefox.jpg	defaultscreenshot_2024-06-15-10-29-01-303_org.mozilla.firefox.jpg
8724	1	default_other:same_core	6.2	screenshot_2024-06-14-23-26-32-331_com.android.settings.jpg	defaultscreenshot_2024-06-14-23-26-32-331_com.android.settings.jpg
8720	1	default_camera:other	311.78	20240611-120201507.arw	defaultdsc01410.arw
8718	1	default_camera:same_core	743.23	dsc01754.arw	defaultdsc01754.arw
8716	1	default_camera:same_core	455.86	dsc01405.arw	defaultdsc01405.arw
8715	1	default_other:same_core	78.85	1721312263282.jpg	default1721312263282.jpg
8714	1	default_other:same_core	41.84	1713668417748.jpg	default1713668417748.jpg
8712	1	default_camera:adjacent_id	829.06	dsc01750.arw	defaultdsc01749.arw
8710	1	default_camera:other	784.92	20240613-150613824.arw	defaultdsc01741.arw
8709	2	default_camera:other	783.28	20240611-115744919.arw	defaultdsc01399.arw
8704	1	timestamp_rendition	5.83	20241027-153405042.jpg	20241027-153404-3.jpg
8703	2	timestamp_rendition:same_core	62.67	20241027-163002725.jpg	20241027-163002.jpg
8702	2	timestamp_rendition:same_core	97.16	20241027-144426913.jpg	20241027-144426.jpg
8698	1	default_camera:same_core	596.08	dsc01366.arw	defaultdsc01366.arw
8694	2	timestamp_rendition:same_core	91.05	20241026-150600780.jpg	20241026-150600.jpg
8693	2	timestamp_rendition:same_core	55.22	20241026-143932816.jpg	20241026-143932.jpg
8691	1	default_camera:same_core	529.36	dsc01708.arw	defaultdsc01708.arw
8690	2	timestamp_rendition:same_core	54.48	20241026-143947635.jpg	20241026-143947.jpg
8689	2	timestamp_rendition:same_core	71.43	20241022-123347470.jpg	20241022-123347.jpg
8684	1	timestamp_rendition:same_core	5.38	20241021-222009793.jpg	20241021-222009-3.jpg
8683	1	timestamp_rendition:same_core	7.27	20241021-221055611.jpg	20241021-221055-3.jpg
8676	1	default_camera:same_core	839.41	dsc01328.arw	defaultdsc01328.arw
8674	2	timestamp_rendition:same_core	68.71	20241020-180123569.jpg	20241020-180123.jpg
8672	1	default_camera:same_core	1080.34	dsc01320.arw	defaultdsc01320.arw
8671	1	timestamp_rendition:same_core	5.6	20241018-230715442.jpg	20241018-230715-3.jpg
8670	3	default_camera:other	422.04	20240611-110726041.arw	defaultdsc01318.arw
8669	1	default_camera:same_core	397.9	dsc01315.arw	defaultdsc01315.arw
8667	1	default_camera:same_core	468.04	dsc01307.arw	defaultdsc01307.arw
8666	2	timestamp_rendition:same_core	56.38	20241013-131115702.jpg	20241013-131115.jpg
8665	1	default_camera:same_core	482.43	dsc01305.arw	defaultdsc01305.arw
8664	1	default_camera:same_core	401.08	dsc01302.arw	defaultdsc01302.arw
8663	2	timestamp_rendition	124.77	20241013-130510016.jpg	20241013-130509.jpg
8661	2	timestamp_rendition	45.59	20241013-170122062.jpg	20241013-170121.jpg
8660	2	timestamp_rendition:same_core	72.53	20241013-160722666.jpg	20241013-160722.jpg
8659	2	timestamp_rendition:same_core	63.96	20241013-160656144.jpg	20241013-160656.jpg
8658	6	default_camera:other	560.45	20240611-105109539.arw	defaultdsc01287.arw
8657	2	timestamp_rendition:same_core	59.3	20241013-151720597.jpg	20241013-151720.jpg
8656	2	timestamp_rendition:same_core	50.81	20241013-144245636.jpg	20241013-144245.jpg
8640	1	timestamp_rendition:same_id	14.32	img_20191124_165235.jpg	20191124-165235-3.jpg
8639	1	timestamp_rendition:same_id	9.64	img_20191124_170450.jpg	20191124-170450-3.jpg
8638	1	timestamp_rendition:same_id	15.92	img_20191124_171348.jpg	20191124-171348-3.jpg
8637	2	timestamp_rendition:same_id	139.29	img_20191124_134820.jpg	20191124-134820.jpg
8636	2	timestamp_rendition:same_id	100.8	img_20191124_172249.jpg	20191124-172249.jpg
8635	2	timestamp_rendition:same_id	127.5	img_20191124_150804.jpg	20191124-150804.jpg
8634	2	timestamp_rendition:same_id	50.01	img_20191124_141112.jpg	20191124-141112.jpg
8633	1	timestamp_rendition:same_id	15.38	img_20191124_133418.jpg	20191124-133418-3.jpg
8632	2	timestamp_rendition:same_id	98.43	pano_20191124_144306.jpg	20191124-144306-2.jpg
8631	2	timestamp_rendition:same_id	125.04	img_20191124_141032.jpg	20191124-141032.jpg
8630	2	timestamp_rendition:same_id	133.91	img_20191124_120240.jpg	20191124-120240.jpg
8629	1	timestamp_rendition:same_id	14.19	img_20191124_133124.jpg	20191124-133124-3.jpg
8624	1	timestamp_rendition:same_id	14.72	img_20191124_140827.jpg	20191124-140827-3.jpg
8623	2	timestamp_rendition:same_id	99.7	img_20191124_172229.jpg	20191124-172229.jpg
8622	1	timestamp_rendition:same_id	13.92	img_20191124_133122.jpg	20191124-133122-3.jpg
8621	2	timestamp_rendition:same_id	165.51	img_20191124_165257.jpg	20191124-165257.jpg
8619	1	timestamp_rendition:same_id	12.71	img_20191124_114152.jpg	20191124-114152-3.jpg
8617	2	timestamp_rendition:same_id	141.51	img_20191124_135513.jpg	20191124-135513.jpg
8616	2	timestamp_rendition:same_id	106.11	img_20191124_145430.jpg	20191124-145430.jpg
8615	2	timestamp_rendition:same_id	287.57	img_20191124_133436.jpg	20191124-133436.jpg
8614	2	timestamp_rendition:same_id	148.87	img_20191124_134516.jpg	20191124-134516.jpg
8613	2	timestamp_rendition:same_id	64.59	img_20191124_143720.jpg	20191124-143720.jpg
8612	2	timestamp_rendition:same_id	132.77	img_20191124_154401.jpg	20191124-154401.jpg
8609	2	timestamp_rendition:same_id	117.43	pano_20191124_133545.jpg	20191124-133545-2.jpg
8608	2	timestamp_rendition:same_id	140.78	img_20191124_134817.jpg	20191124-134817.jpg
8606	2	timestamp_rendition:same_id	143.05	img_20191124_153518.jpg	20191124-153518.jpg
8605	1	timestamp_rendition:same_id	14.97	img_20191124_133519.jpg	20191124-133519-3.jpg
8604	2	timestamp_rendition:same_id	120.06	img_20191124_152725.jpg	20191124-152725.jpg
8603	3	timestamp_rendition:same_id	1278.87	img_20191124_144026.jpg	20191124-144026-2.jpg
8602	2	timestamp_rendition:same_id	112.92	img_20191124_145435.jpg	20191124-145435.jpg
8601	2	timestamp_rendition:same_id	118.75	img_20191124_135516.jpg	20191124-135516.jpg
8600	2	timestamp_rendition:same_id	135.35	img_20191124_152716.jpg	20191124-152716.jpg
8597	2	timestamp_rendition:same_id	156.65	img_20191124_140519.jpg	20191124-140519.jpg
8596	2	timestamp_rendition:same_id	120.69	img_20191124_114156.jpg	20191124-114156.jpg
8595	2	timestamp_rendition:same_id	140.71	img_20191124_140602.jpg	20191124-140602.jpg
8593	2	timestamp_rendition:same_id	114.65	img_20191124_150759.jpg	20191124-150759.jpg
8592	1	timestamp_rendition:same_id	14.3	img_20191124_165258.jpg	20191124-165258-3.jpg
8591	1	timestamp_rendition:same_id	9.34	img_20191124_170445.jpg	20191124-170445-3.jpg
8590	6	timestamp_rendition:same_id	132.26	img_20191124_152741.jpg	20191124-152745.jpg
8589	1	timestamp_rendition:same_id	15.2	img_20191124_133444.jpg	20191124-133444-3.jpg
8587	4	timestamp_rendition:same_id	131.41	img_20191124_154346.jpg	20191124-154346.jpg
8586	1	timestamp_rendition:same_id	13.69	img_20191124_114142.jpg	20191124-114142-3.jpg
8584	1	timestamp_rendition:same_id	13.01	img_20191124_114146.jpg	20191124-114146-3.jpg
8583	2	timestamp_rendition:same_id	125.62	img_20191124_154350.jpg	20191124-154350.jpg
8582	2	timestamp_rendition:same_id	105.63	img_20191109_152440.jpg	20191109-152440.jpg
8581	2	timestamp_rendition:same_id	186.04	img_20191028_195618.jpg	20191028-195618.jpg
8580	2	timestamp_rendition:same_id	172.22	img_20191025_215415.jpg	20191025-215415.jpg
8579	2	timestamp_rendition:same_id	177.48	img_20191025_215436.jpg	20191025-215436.jpg
8578	2	timestamp_rendition:same_id	211.91	img_20191025_215406.jpg	20191025-215406.jpg
8571	1	default_camera:same_core	708.94	dsc00880.arw	defaultdsc00880.arw
8570	1	default_camera:same_core	681.94	dsc00881.arw	defaultdsc00881.arw
8568	1	timestamp_rendition:same_core	13.37	img_20191014_223812_1.jpg	20191014-223812-3.jpg
8565	1	default_camera:same_core	531.82	dsc00879.arw	defaultdsc00879.arw
8541	2	timestamp_rendition:same_id	58.94	img_20191006_094527.jpg	20191006-094527.jpg
8536	2	timestamp_rendition:same_id	146.0	img_20191002_173317.jpg	20191002-173317.jpg
8535	2	timestamp_rendition:same_id	113.54	img_20191001_182235.jpg	20191001-182235.jpg
8533	1	default_camera:same_core	86.37	img_0158.jpg	defaultimg_0158.jpg
8532	1	default_camera:same_core	79.43	img_0157.jpg	defaultimg_0157.jpg
8531	1	default_camera:same_core	89.5	img_0159.jpg	defaultimg_0159.jpg
8530	1	default_camera:same_core	106.35	img_0156.jpg	defaultimg_0156.jpg
8528	1	default_camera:same_core	64.79	img_0122.jpg	defaultimg_0122.jpg
8526	1	default_camera:same_core	59.4	img_0125.jpg	defaultimg_0125.jpg
8525	1	default_camera:same_core	60.48	img_0127.jpg	defaultimg_0127.jpg
8524	1	default_camera:same_core	61.92	img_0126.jpg	defaultimg_0126.jpg
8522	1	default_camera:same_core	66.37	img_0128.jpg	defaultimg_0128.jpg
8521	1	default_camera:same_core	60.26	img_0124.jpg	defaultimg_0124.jpg
8520	1	default_camera:same_core	105.78	img_0133.jpg	defaultimg_0133.jpg
8519	1	default_camera:same_core	62.43	img_0129.jpg	defaultimg_0129.jpg
8518	1	default_camera:same_core	61.69	img_0123.jpg	defaultimg_0123.jpg
8516	1	default_camera:same_core	62.92	img_0121.jpg	defaultimg_0121.jpg
8514	1	default_camera:same_core	83.28	img_0119.jpg	defaultimg_0119.jpg
8512	1	default_camera:same_core	79.6	img_0118.jpg	defaultimg_0118.jpg
8511	1	default_camera:same_core	76.92	img_0109.jpg	defaultimg_0109.jpg
8510	1	default_camera:same_core	76.9	img_0107.jpg	defaultimg_0107.jpg
8509	1	default_camera:same_core	88.63	img_0116.jpg	defaultimg_0116.jpg
8508	1	default_camera:same_core	72.96	img_0105.jpg	defaultimg_0105.jpg
8507	1	default_camera:same_core	77.08	img_0110.jpg	defaultimg_0110.jpg
8506	2	default_camera:same_core	81.1	img_0113.jpg	defaultimg_0114.jpg
8505	1	default_camera:same_core	75.97	img_0117.jpg	defaultimg_0117.jpg
8503	1	default_camera:same_core	78.84	img_0104.jpg	defaultimg_0104.jpg
8502	1	default_camera:same_core	77.12	img_0102.jpg	defaultimg_0102.jpg
8501	1	default_camera:same_core	80.3	img_0100.jpg	defaultimg_0100.jpg
8500	1	default_camera:same_core	177.29	img_0095.jpg	defaultimg_0095.jpg
8499	1	default_camera:same_core	70.83	img_0089.jpg	defaultimg_0089.jpg
8498	1	default_camera:same_core	71.28	img_0087.jpg	defaultimg_0087.jpg
8496	1	default_camera:same_core	154.98	img_0086.jpg	defaultimg_0086.jpg
8495	1	default_camera:same_core	76.16	img_0085.jpg	defaultimg_0085.jpg
8494	1	default_camera:same_core	66.23	img_0083.jpg	defaultimg_0083.jpg
8493	1	default_camera:same_core	65.42	img_0084.jpg	defaultimg_0084.jpg
8492	1	default_camera:same_core	97.76	img_0080.jpg	defaultimg_0080.jpg
8488	1	default_camera:same_core	98.76	img_0079.jpg	defaultimg_0079.jpg
8484	2	timestamp_rendition:same_id	68.87	img_20190813_205832.jpg	20190813-205832.jpg
8481	1	default_camera:same_core	93.47	img_0075.jpg	defaultimg_0075.jpg
8479	2	timestamp_rendition:same_id	62.53	img_20190803_142343.jpg	20190803-142343.jpg
8478	1	default_camera:same_core	94.28	img_0063.jpg	defaultimg_0063.jpg
8475	1	default_camera:same_core	186.38	img_0062.jpg	defaultimg_0062.jpg
8474	1	default_camera:same_core	134.33	img_0059.jpg	defaultimg_0059.jpg
8472	2	timestamp_rendition:same_id	107.1	img_20190915_142300.jpg	20190915-142300.jpg
8470	1	default_camera:same_core	88.27	img_0049.jpg	defaultimg_0049.jpg
8469	2	timestamp_rendition:same_id	282.99	img_20190915_182122.jpg	20190915-182122.jpg
8468	2	timestamp_rendition:same_id	115.39	img_20190915_142325.jpg	20190915-142325.jpg
8467	2	timestamp_rendition:same_id	119.6	img_20190915_142255.jpg	20190915-142255.jpg
8466	1	default_camera:same_core	96.01	img_0050.jpg	defaultimg_0050.jpg
8465	1	default_camera:same_core	119.3	img_0056.jpg	defaultimg_0056.jpg
8464	1	default_camera:same_core	86.79	img_0053.jpg	defaultimg_0053.jpg
8463	1	default_camera:same_core	139.45	img_0055.jpg	defaultimg_0055.jpg
8461	1	default_camera:same_core	82.07	img_0054.jpg	defaultimg_0054.jpg
8460	1	timestamp_rendition:same_id	5.57	img_20190727_172129.jpg	20190727-172129-3.jpg
8458	1	default_camera:same_core	91.21	img_0051.jpg	defaultimg_0051.jpg
8457	2	timestamp_rendition:same_id	78.81	img_20190727_134043.jpg	20190727-134043.jpg
8456	2	timestamp_rendition:same_id	69.42	img_20190727_133950.jpg	20190727-133950.jpg
8454	1	default_camera:same_core	98.5	img_0047.jpg	defaultimg_0047.jpg
8453	2	timestamp_rendition:same_id	57.61	img_20190727_134912.jpg	20190727-134912.jpg
8452	2	timestamp_rendition:same_id	87.09	img_20190727_133101.jpg	20190727-133101.jpg
8451	2	timestamp_rendition:same_id	81.63	img_20190727_133943.jpg	20190727-133943.jpg
8449	2	timestamp_rendition:same_id	102.48	pano_20190727_133909.jpg	20190727-133909-2.jpg
8448	1	default_camera:same_core	82.12	img_0048.jpg	defaultimg_0048.jpg
8446	1	timestamp_rendition:same_id	53.15	img_20190727_134450.jpg	20190727-134450.jpg
8445	2	timestamp_rendition:same_id	78.37	img_20190727_134008.jpg	20190727-134008.jpg
8443	1	default_camera:same_core	105.08	img_0046.jpg	defaultimg_0046.jpg
8442	1	default_camera:same_core	95.3	img_0036.jpg	defaultimg_0036.jpg
8440	2	timestamp_rendition:same_id	95.93	pano_20190727_133045.jpg	20190727-133045-2.jpg
8439	2	timestamp_rendition:same_id	85.81	img_20190727_133059.jpg	20190727-133059.jpg
8437	1	default_camera:same_core	134.88	img_0038.jpg	defaultimg_0038.jpg
8436	1	default_camera:same_core	91.87	img_0042.jpg	defaultimg_0042.jpg
8434	1	default_camera:same_core	87.13	img_0043.jpg	defaultimg_0043.jpg
8433	1	default_camera:same_core	105.18	img_0045.jpg	defaultimg_0045.jpg
8432	1	default_camera:same_core	94.91	img_0041.jpg	defaultimg_0041.jpg
8431	1	default_camera:same_core	112.35	img_0044.jpg	defaultimg_0044.jpg
8430	1	default_camera:same_core	114.23	img_0033.jpg	defaultimg_0033.jpg
8429	1	default_camera:same_core	102.4	img_0034.jpg	defaultimg_0034.jpg
8428	1	default_camera:same_core	89.97	img_0032.jpg	defaultimg_0032.jpg
8427	1	default_camera:same_core	104.69	img_0030.jpg	defaultimg_0030.jpg
8426	1	default_camera:same_core	98.62	img_0028.jpg	defaultimg_0028.jpg
8421	1	timestamp_rendition:same_id	38.74	img_20190629_181741.jpg	20190629-181741.jpg
8418	1	default_camera:same_core	117.55	img_0029.jpg	defaultimg_0029.jpg
8416	1	default_other:same_core	6.19	screenshot_2024-05-27-23-01-16-797_com.android.settings.jpg	defaultscreenshot_2024-05-27-23-01-16-797_com.android.settings.jpg
8415	1	default_camera:same_core	131.71	img_0021.jpg	defaultimg_0021.jpg
8413	1	default_camera:same_core	101.98	img_0008.jpg	defaultimg_0008.jpg
8411	1	default_camera:same_core	114.64	img_0016.jpg	defaultimg_0016.jpg
8410	1	default_camera:same_core	98.37	img_0005.jpg	defaultimg_0005.jpg
8409	1	default_camera:same_core	129.18	img_0013.jpg	defaultimg_0013.jpg
8408	1	default_camera:same_core	94.32	img_0006.jpg	defaultimg_0006.jpg
8406	1	default_other:other	8.59	screenshot_2023-12-23-15-57-37-618_com.miui.weather2.jpg	defaultscreenshot_2024-04-03-23-34-35-668_com.miui.weather2.jpg
8405	1	default_camera:same_core	112.87	img_0007.jpg	defaultimg_0007.jpg
8404	1	default_camera:same_core	98.5	img_0003.jpg	defaultimg_0003.jpg
8403	1	default_camera:same_core	93.81	img_0002.jpg	defaultimg_0002.jpg
8398	1	timestamp_rendition:same_id	5.07	img_20190615_130350.jpg	20190615-130350-3.jpg
8397	2	timestamp_rendition:same_id	117.52	img_20190615_134750.jpg	20190615-134750.jpg
8396	2	timestamp_rendition:same_id	68.37	img_20190615_130453.jpg	20190615-130453.jpg
8395	2	timestamp_rendition:same_id	65.23	img_20190615_115802.jpg	20190615-115802.jpg
8394	2	timestamp_rendition:same_id	74.59	img_20190615_122349.jpg	20190615-122349.jpg
8393	2	timestamp_rendition:same_id	63.11	img_20190615_230545.jpg	20190615-230545.jpg
8391	2	timestamp_rendition:same_id	48.4	img_20190615_115756.jpg	20190615-115756.jpg
8390	2	timestamp_rendition:same_id	77.62	img_20190615_135122.jpg	20190615-135122.jpg
8388	2	timestamp_rendition:same_id	116.19	img_20190615_135148.jpg	20190615-135148.jpg
8386	2	timestamp_rendition:same_id	49.99	img_20190615_182144.jpg	20190615-182144.jpg
8385	2	timestamp_rendition:same_id	68.32	img_20190615_122322.jpg	20190615-122322.jpg
8383	2	timestamp_rendition:same_id	93.77	img_20190602_120425.jpg	20190602-120425.jpg
8379	2	timestamp_rendition:same_core	66.82	img_20190602_120514_1.jpg	20190602-120514.jpg
8378	2	timestamp_rendition:same_id	50.28	img_20190527_110926.jpg	20190527-110926.jpg
8377	2	timestamp_rendition:same_id	44.33	img_20190527_090653.jpg	20190527-090653.jpg
8350	1	default_camera:same_core	589.84	dsc00862.arw	defaultdsc00862.arw
8348	1	default_camera:same_core	944.89	dsc00863.arw	defaultdsc00863.arw
8347	1	default_camera:same_core	663.44	dsc00861.arw	defaultdsc00861.arw
8346	1	default_camera:same_core	898.72	dsc00859.arw	defaultdsc00859.arw
8345	1	default_camera:same_core	722.48	dsc00860.arw	defaultdsc00860.arw
8343	2	timestamp_rendition:same_id	83.29	img_20190507_233035.jpg	20190507-233035.jpg
8342	1	timestamp_rendition:same_id	13.34	img_20190914_150934.jpg	20190914-150934-3.jpg
8340	2	timestamp_rendition:same_id	96.91	img_20190914_143943.jpg	20190914-143943.jpg
8339	2	timestamp_rendition:same_id	103.5	img_20190914_143901.jpg	20190914-143901.jpg
8338	1	default_camera:same_core	658.84	dsc00854.arw	defaultdsc00854.arw
8337	2	timestamp_rendition:same_id	187.35	img_20190914_152050.jpg	20190914-152050.jpg
8336	2	timestamp_rendition:same_id	129.46	img_20190914_143909.jpg	20190914-143909.jpg
8335	1	default_camera:same_core	856.65	dsc00844.arw	defaultdsc00844.arw
8334	2	timestamp_rendition:same_id	118.07	img_20190914_150931.jpg	20190914-150931.jpg
8333	2	timestamp_rendition:same_id	103.64	img_20190914_145718.jpg	20190914-145718.jpg
8330	2	timestamp_rendition:same_id	121.36	img_20190914_143903.jpg	20190914-143903.jpg
8329	2	timestamp_rendition:same_id	113.21	img_20190914_154154.jpg	20190914-154154.jpg
8328	2	timestamp_rendition:same_id	112.53	img_20190914_154152.jpg	20190914-154152.jpg
8325	2	timestamp_rendition:same_id	128.29	img_20190914_150940.jpg	20190914-150940.jpg
8324	1	default_camera:same_core	890.04	dsc00856.arw	defaultdsc00856.arw
8322	1	default_camera:same_core	651.34	dsc00846.arw	defaultdsc00846.arw
8321	1	default_camera:same_core	703.46	dsc00855.arw	defaultdsc00855.arw
8320	1	default_other:same_core	217.29	dpp_0584.jpg	defaultdpp_0584.jpg
8319	1	default_camera:same_core	870.1	dsc00857.arw	defaultdsc00857.arw
8318	1	default_camera:same_core	905.2	dsc00843.arw	defaultdsc00843.arw
8316	1	default_other:same_core	217.07	dpp_0582.jpg	defaultdpp_0582.jpg
8315	1	default_camera:same_core	653.91	dsc00836.arw	defaultdsc00836.arw
8314	1	default_other:same_core	196.93	dpp_0583.jpg	defaultdpp_0583.jpg
8313	1	default_camera:same_core	745.67	dsc00841.arw	defaultdsc00841.arw
8312	1	default_camera:same_core	576.67	dsc00835.arw	defaultdsc00835.arw
8311	1	default_camera:same_core	571.21	dsc00834.arw	defaultdsc00834.arw
8310	1	default_camera:same_core	1095.34	dsc00829.arw	defaultdsc00829.arw
8309	1	default_camera:same_core	1035.44	dsc00831.arw	defaultdsc00831.arw
8305	1	default_other:same_core	189.32	dpp_0569.jpg	defaultdpp_0569.jpg
8303	1	default_other:same_core	195.88	dpp_0567.jpg	defaultdpp_0567.jpg
8301	1	default_other:same_core	149.2	dpp_0564.jpg	defaultdpp_0564.jpg
8300	1	default_other:same_core	153.75	dpp_0566.jpg	defaultdpp_0566.jpg
8299	1	default_camera:same_core	555.52	dsc00826.arw	defaultdsc00826.arw
8298	1	default_other:same_core	127.96	dpp_0560.jpg	defaultdpp_0560.jpg
8297	1	default_other:same_core	187.74	dpp_0557.jpg	defaultdpp_0557.jpg
8296	1	default_other:same_core	147.7	dpp_0565.jpg	defaultdpp_0565.jpg
8295	1	default_other:same_core	184.46	dpp_0563.jpg	defaultdpp_0563.jpg
8294	1	default_other:same_core	159.88	dpp_0562.jpg	defaultdpp_0562.jpg
8293	1	default_other:same_core	142.17	dpp_0559.jpg	defaultdpp_0559.jpg
8292	1	default_other:same_core	200.64	dpp_0558.jpg	defaultdpp_0558.jpg
8291	1	default_other:same_core	257.45	dpp_0556.jpg	defaultdpp_0556.jpg
8290	1	default_other:same_core	208.29	dpp_0553.jpg	defaultdpp_0553.jpg
8289	1	default_other:same_core	175.51	dpp_0552.jpg	defaultdpp_0552.jpg
8287	1	default_other:same_core	177.17	dpp_0548.jpg	defaultdpp_0548.jpg
8286	1	default_other:same_core	162.78	dpp_0549.jpg	defaultdpp_0549.jpg
8285	1	default_other:same_core	178.09	dpp_0555.jpg	defaultdpp_0555.jpg
8284	1	default_other:same_core	175.54	dpp_0551.jpg	defaultdpp_0551.jpg
8283	1	default_other:same_core	152.07	dpp_0550.jpg	defaultdpp_0550.jpg
8282	1	default_other:same_core	147.99	dpp_0547.jpg	defaultdpp_0547.jpg
8281	1	default_other:same_core	264.16	dpp_0546.jpg	defaultdpp_0546.jpg
8280	1	default_other:same_core	189.92	dpp_0545.jpg	defaultdpp_0545.jpg
8279	1	default_other:same_core	153.0	dpp_0544.jpg	defaultdpp_0544.jpg
8278	3	default_other:same_core	183.87	dpp_0543.jpg	defaultdpp_0541.jpg
8276	1	default_other:same_core	193.03	dpp_0540.jpg	defaultdpp_0540.jpg
8275	1	default_other:same_core	183.15	dpp_0539.jpg	defaultdpp_0539.jpg
8273	1	default_other:same_core	183.52	dpp_0538.jpg	defaultdpp_0538.jpg
8272	1	default_other:same_core	219.27	dpp_0537.jpg	defaultdpp_0537.jpg
8271	1	default_other:same_core	268.04	dpp_0536.jpg	defaultdpp_0536.jpg
8270	1	default_other:same_core	156.15	dpp_0535.jpg	defaultdpp_0535.jpg
8269	1	default_other:same_core	135.22	dpp_0533.jpg	defaultdpp_0533.jpg
8268	1	default_other:same_core	151.18	dpp_0534.jpg	defaultdpp_0534.jpg
8266	1	default_other:same_core	270.22	dpp_0532.jpg	defaultdpp_0532.jpg
8265	1	default_other:same_core	155.79	dpp_0531.jpg	defaultdpp_0531.jpg
8264	1	default_other:same_core	213.37	dpp_0530.jpg	defaultdpp_0530.jpg
8263	1	default_other:same_core	263.47	dpp_0529.jpg	defaultdpp_0529.jpg
8262	1	default_other:same_core	181.83	dpp_0527.jpg	defaultdpp_0527.jpg
8261	1	default_other:same_core	191.16	dpp_0528.jpg	defaultdpp_0528.jpg
8260	1	default_other:same_core	226.05	dpp_0526.jpg	defaultdpp_0526.jpg
8259	1	default_other:same_core	177.77	dpp_0525.jpg	defaultdpp_0525.jpg
8258	1	default_other:same_core	155.22	dpp_0518.jpg	defaultdpp_0518.jpg
8257	1	default_other:same_core	243.21	dpp_0523.jpg	defaultdpp_0523.jpg
8256	1	default_other:same_core	194.96	dpp_0519.jpg	defaultdpp_0519.jpg
8255	1	default_other:same_core	208.58	dpp_0524.jpg	defaultdpp_0524.jpg
8254	1	default_other:same_core	176.21	dpp_0522.jpg	defaultdpp_0522.jpg
8253	1	default_other:same_core	218.4	dpp_0516.jpg	defaultdpp_0516.jpg
8252	1	default_other:same_core	209.98	dpp_0520.jpg	defaultdpp_0520.jpg
8250	1	default_other:same_core	178.14	dpp_0521.jpg	defaultdpp_0521.jpg
8249	1	default_other:same_core	205.19	dpp_0515.jpg	defaultdpp_0515.jpg
8248	1	default_other:same_core	166.42	dpp_0517.jpg	defaultdpp_0517.jpg
8247	1	default_other:same_core	216.37	dpp_0510.jpg	defaultdpp_0510.jpg
8246	1	default_other:same_core	170.45	dpp_0511.jpg	defaultdpp_0511.jpg
8245	1	default_other:same_core	200.22	dpp_0514.jpg	defaultdpp_0514.jpg
8244	1	default_other:same_core	136.72	dpp_0513.jpg	defaultdpp_0513.jpg
8243	1	default_other:same_core	184.7	dpp_0512.jpg	defaultdpp_0512.jpg
8242	1	default_other:same_core	161.86	dpp_0509.jpg	defaultdpp_0509.jpg
8240	1	default_other:same_core	186.95	dpp_0507.jpg	defaultdpp_0507.jpg
8239	1	default_other:same_core	150.89	dpp_0505.jpg	defaultdpp_0505.jpg
8238	1	default_other:same_core	162.58	dpp_0506.jpg	defaultdpp_0506.jpg
8237	1	default_other:same_core	146.43	dpp_0508.jpg	defaultdpp_0508.jpg
8236	1	default_other:same_core	176.19	dpp_0504.jpg	defaultdpp_0504.jpg
8235	1	default_other:same_core	182.65	dpp_0502.jpg	defaultdpp_0502.jpg
8234	1	default_other:same_core	172.54	dpp_0503.jpg	defaultdpp_0503.jpg
8233	1	default_other:same_core	249.19	dpp_0501.jpg	defaultdpp_0501.jpg
8232	1	default_other:same_core	140.6	dpp_0500.jpg	defaultdpp_0500.jpg
8231	1	default_other:same_core	166.77	dpp_0498.jpg	defaultdpp_0498.jpg
8230	1	default_other:same_core	172.66	dpp_0499.jpg	defaultdpp_0499.jpg
8229	1	default_other:same_core	160.64	dpp_0497.jpg	defaultdpp_0497.jpg
8228	1	default_other:same_core	137.76	dpp_0495.jpg	defaultdpp_0495.jpg
8227	1	default_other:same_core	124.13	dpp_0492.jpg	defaultdpp_0492.jpg
8226	1	default_other:same_core	160.7	dpp_0496.jpg	defaultdpp_0496.jpg
8225	1	default_other:same_core	233.16	dpp_0490.jpg	defaultdpp_0490.jpg
8224	1	default_other:same_core	118.64	dpp_0493.jpg	defaultdpp_0493.jpg
8223	1	default_other:same_core	204.82	dpp_0488.jpg	defaultdpp_0488.jpg
8222	1	default_other:same_core	225.05	dpp_0491.jpg	defaultdpp_0491.jpg
8221	1	default_other:same_core	250.42	dpp_0489.jpg	defaultdpp_0489.jpg
8220	1	default_other:same_core	127.34	dpp_0494.jpg	defaultdpp_0494.jpg
8219	1	default_other:same_core	208.8	dpp_0487.jpg	defaultdpp_0487.jpg
8218	1	default_other:same_core	268.17	dpp_0486.jpg	defaultdpp_0486.jpg
8217	1	default_other:same_core	133.26	dpp_0478.jpg	defaultdpp_0478.jpg
8216	1	default_other:same_core	231.1	dpp_0485.jpg	defaultdpp_0485.jpg
8215	1	default_other:same_core	174.6	dpp_0484.jpg	defaultdpp_0484.jpg
8214	1	default_other:same_core	112.58	dpp_0479.jpg	defaultdpp_0479.jpg
8213	1	default_other:same_core	83.08	dpp_0481.jpg	defaultdpp_0481.jpg
8212	1	default_other:same_core	155.75	dpp_0477.jpg	defaultdpp_0477.jpg
8210	1	default_other:same_core	130.36	dpp_0483.jpg	defaultdpp_0483.jpg
8209	1	default_other:same_core	159.67	dpp_0482.jpg	defaultdpp_0482.jpg
8208	1	default_other:same_core	139.5	dpp_0476.jpg	defaultdpp_0476.jpg
8207	1	default_other:same_core	128.23	dpp_0475.jpg	defaultdpp_0475.jpg
8206	1	default_other:same_core	139.39	dpp_0474.jpg	defaultdpp_0474.jpg
8204	1	default_other:same_core	148.3	dpp_0473.jpg	defaultdpp_0473.jpg
8203	1	default_other:same_core	168.91	dpp_0472.jpg	defaultdpp_0472.jpg
8202	1	default_other:same_core	155.23	dpp_0471.jpg	defaultdpp_0471.jpg
8201	1	default_other:same_core	146.75	dpp_0470.jpg	defaultdpp_0470.jpg
8200	1	default_other:same_core	157.24	dpp_0469.jpg	defaultdpp_0469.jpg
8199	1	default_other:same_core	158.55	dpp_0468.jpg	defaultdpp_0468.jpg
8198	1	default_other:same_core	168.6	dpp_0467.jpg	defaultdpp_0467.jpg
8197	1	default_other:same_core	146.78	dpp_0466.jpg	defaultdpp_0466.jpg
8196	1	default_other:same_core	172.75	dpp_0465.jpg	defaultdpp_0465.jpg
8193	1	default_camera:same_core	423.75	dsc00823.arw	defaultdsc00823.arw
8192	1	default_camera:same_core	351.13	dsc00824.arw	defaultdsc00824.arw
8191	1	default_other:same_core	136.22	dpp_0460.jpg	defaultdpp_0460.jpg
8189	1	default_other:same_core	160.24	dpp_0463.jpg	defaultdpp_0463.jpg
8187	1	default_camera:same_core	466.09	dsc00805.arw	defaultdsc00805.arw
8185	1	default_camera:same_core	378.51	dsc00804.arw	defaultdsc00804.arw
8184	1	default_other:same_core	145.24	dpp_0459.jpg	defaultdpp_0459.jpg
8182	1	default_camera:same_core	384.1	dsc00802.arw	defaultdsc00802.arw
8181	1	default_camera:same_core	382.05	dsc00801.arw	defaultdsc00801.arw
8180	1	default_other:same_core	130.54	dpp_0462.jpg	defaultdpp_0462.jpg
8179	1	default_camera:same_core	380.9	dsc00800.arw	defaultdsc00800.arw
8178	1	default_other:same_core	130.64	dpp_0461.jpg	defaultdpp_0461.jpg
8177	1	default_camera:same_core	376.7	dsc00799.arw	defaultdsc00799.arw
8176	1	default_camera:same_core	937.99	dsc00794.arw	defaultdsc00794.arw
8175	1	default_other:same_core	131.95	dpp_0458.jpg	defaultdpp_0458.jpg
8174	1	default_camera:same_core	466.46	dsc00798.arw	defaultdsc00798.arw
8173	1	default_camera:same_core	397.6	dsc00797.arw	defaultdsc00797.arw
8171	1	default_other:same_core	142.27	dpp_0464.jpg	defaultdpp_0464.jpg
8169	1	default_other:same_core	195.7	dpp_0456.jpg	defaultdpp_0456.jpg
8168	1	default_camera:same_core	448.39	dsc00791.arw	defaultdsc00791.arw
8167	1	default_camera:same_core	443.85	dsc00790.arw	defaultdsc00790.arw
8166	1	default_camera:same_core	577.23	dsc00792.arw	defaultdsc00792.arw
8165	1	default_camera:same_core	570.03	dsc00793.arw	defaultdsc00793.arw
8164	1	default_camera:same_core	885.23	dsc00787.arw	defaultdsc00787.arw
8163	1	default_camera:same_core	375.71	dsc00785.arw	defaultdsc00785.arw
8162	1	default_camera:same_core	446.37	dsc00780.arw	defaultdsc00780.arw
8161	1	default_camera:same_core	730.1	dsc00783.arw	defaultdsc00783.arw
8160	1	default_camera:same_core	607.26	dsc00782.arw	defaultdsc00782.arw
8158	1	default_camera:same_core	378.46	dsc00784.arw	defaultdsc00784.arw
8157	1	default_camera:same_core	375.22	dsc00779.arw	defaultdsc00779.arw
8156	1	default_other:same_core	206.53	dpp_0455.jpg	defaultdpp_0455.jpg
8154	1	default_other:same_core	193.52	dpp_0451.jpg	defaultdpp_0451.jpg
8153	2	default_other:same_core	302.1	dpp_0449.jpg	defaultdpp_0450.jpg
8152	1	default_camera:same_core	396.53	dsc00776.arw	defaultdsc00776.arw
8151	1	default_camera:same_core	378.68	dsc00774.arw	defaultdsc00774.arw
8147	1	default_other:same_core	264.77	dpp_0442.jpg	defaultdpp_0442.jpg
8146	1	default_other:same_core	157.6	dpp_0438.jpg	defaultdpp_0438.jpg
8145	1	default_other:same_core	154.48	dpp_0437.jpg	defaultdpp_0437.jpg
8144	1	default_other:same_core	231.98	dpp_0436.jpg	defaultdpp_0436.jpg
8143	1	default_other:same_core	187.05	dpp_0439.jpg	defaultdpp_0439.jpg
8142	1	default_other:same_core	211.24	dpp_0430.jpg	defaultdpp_0430.jpg
8141	1	default_other:same_core	136.96	dpp_0435.jpg	defaultdpp_0435.jpg
8140	2	default_other:same_core	170.27	dpp_0433.jpg	defaultdpp_0434.jpg
8139	1	default_other:same_core	218.14	dpp_0431.jpg	defaultdpp_0431.jpg
8138	1	default_other:same_core	206.24	dpp_0429.jpg	defaultdpp_0429.jpg
8137	1	timestamp_rendition:same_id	37.27	img_20131007_115811.jpg	20131007-115811-2.jpg
8133	1	default_other:same_core	244.68	dpp_0423.jpg	defaultdpp_0423.jpg
8130	1	default_other:same_core	134.65	dpp_0399.jpg	defaultdpp_0399.jpg
8129	1	default_other:same_core	218.46	dpp_0404.jpg	defaultdpp_0404.jpg
8128	1	default_other:same_core	159.55	dpp_0402.jpg	defaultdpp_0402.jpg
8127	1	default_other:same_core	202.87	dpp_0407.jpg	defaultdpp_0407.jpg
8126	1	default_other:same_core	122.7	dpp_0406.jpg	defaultdpp_0406.jpg
8125	1	default_other:same_core	151.63	dpp_0401.jpg	defaultdpp_0401.jpg
8124	1	default_other:same_core	193.15	dpp_0403.jpg	defaultdpp_0403.jpg
8123	1	default_other:same_core	206.72	dpp_0405.jpg	defaultdpp_0405.jpg
8122	1	default_other:same_core	149.1	dpp_0400.jpg	defaultdpp_0400.jpg
8121	1	default_other:same_core	138.11	dpp_0398.jpg	defaultdpp_0398.jpg
8119	1	default_other:same_core	237.71	dpp_0389.jpg	defaultdpp_0389.jpg
8118	1	default_other:same_core	295.64	dpp_0387.jpg	defaultdpp_0387.jpg
8116	1	default_other:same_core	247.9	dpp_0390.jpg	defaultdpp_0390.jpg
8113	1	default_other:same_core	142.24	dpp_0395.jpg	defaultdpp_0395.jpg
8112	1	default_other:same_core	165.46	dpp_0394.jpg	defaultdpp_0394.jpg
8111	1	default_other:same_core	178.65	dpp_0393.jpg	defaultdpp_0393.jpg
8110	1	default_other:same_core	239.43	dpp_0388.jpg	defaultdpp_0388.jpg
8109	1	default_other:same_core	301.78	dpp_0386.jpg	defaultdpp_0386.jpg
8108	1	default_other:same_core	380.56	dpp_0385.jpg	defaultdpp_0385.jpg
8107	1	default_other:same_core	349.06	dpp_0379.jpg	defaultdpp_0379.jpg
8106	1	default_other:same_core	247.94	dpp_0384.jpg	defaultdpp_0384.jpg
8103	1	default_other:same_core	319.07	dpp_0381.jpg	defaultdpp_0381.jpg
8102	1	default_other:same_core	292.36	dpp_0382.jpg	defaultdpp_0382.jpg
8101	1	default_other:same_core	292.32	dpp_0370.jpg	defaultdpp_0370.jpg
8100	1	default_other:same_core	310.86	dpp_0371.jpg	defaultdpp_0371.jpg
8099	1	default_other:same_core	309.09	dpp_0369.jpg	defaultdpp_0369.jpg
8098	1	default_other:same_core	284.65	dpp_0368.jpg	defaultdpp_0368.jpg
8097	1	default_other:same_core	292.41	dpp_0366.jpg	defaultdpp_0366.jpg
8096	1	default_other:same_core	271.35	dpp_0365.jpg	defaultdpp_0365.jpg
8095	1	default_other:same_core	270.95	dpp_0363.jpg	defaultdpp_0363.jpg
8093	1	default_other:same_core	293.78	dpp_0362.jpg	defaultdpp_0362.jpg
8092	1	default_other:same_core	275.28	dpp_0361.jpg	defaultdpp_0361.jpg
8090	1	default_other:same_core	183.41	dpp_0355.jpg	defaultdpp_0355.jpg
8089	1	default_other:same_core	176.17	dpp_0354.jpg	defaultdpp_0354.jpg
8088	1	default_other:same_core	233.31	dpp_0353.jpg	defaultdpp_0353.jpg
8087	1	default_other:same_core	162.16	dpp_0351.jpg	defaultdpp_0351.jpg
8086	1	default_other:same_core	206.26	dpp_0348.jpg	defaultdpp_0348.jpg
8084	1	default_other:same_core	129.49	dpp_0349.jpg	defaultdpp_0349.jpg
8081	1	default_camera:same_core	1133.21	dsc00757.arw	defaultdsc00757.arw
8080	1	default_camera:same_core	988.51	dsc00756.arw	defaultdsc00756.arw
8078	1	default_other:same_core	227.72	dpp_0346.jpg	defaultdpp_0346.jpg
8076	1	default_other:same_core	230.68	dpp_0347.jpg	defaultdpp_0347.jpg
8075	1	default_other:same_core	237.45	dpp_0352.jpg	defaultdpp_0352.jpg
8073	1	default_camera:adjacent_id	755.09	dsc00752.arw	defaultdsc00750.arw
8071	1	default_timestamp:same_core	5.98	2013-06-29 18.18.57.jpg	default2013-06-29 18.18.57.jpg
8069	1	default_camera:same_core	756.93	dsc00736.arw	defaultdsc00736.arw
8067	2	default_other:same_core	154.89	dpp_0345.jpg	defaultdpp_0344.jpg
8064	1	default_other:same_core	199.46	dpp_0339.jpg	defaultdpp_0339.jpg
8060	1	default_camera:same_core	1127.05	dsc00717.arw	defaultdsc00717.arw
8058	1	default_other:same_core	193.35	dpp_0337.jpg	defaultdpp_0337.jpg
8057	1	default_camera:same_core	1033.12	dsc00708.arw	defaultdsc00708.arw
8056	1	default_other:same_core	188.45	dpp_0338.jpg	defaultdpp_0338.jpg
8049	1	default_other:same_core	144.02	dpp_0333.jpg	defaultdpp_0333.jpg
8048	2	default_other:same_core	138.23	dpp_0334.jpg	defaultdpp_0334.jpg
8047	1	default_other:same_core	183.1	dpp_0332.jpg	defaultdpp_0332.jpg
8045	1	default_other:same_core	163.95	dpp_0330.jpg	defaultdpp_0330.jpg
8044	1	default_other:same_core	162.31	dpp_0329.jpg	defaultdpp_0329.jpg
8043	1	default_other:same_core	184.31	dpp_0326.jpg	defaultdpp_0326.jpg
8042	1	default_other:same_core	172.94	dpp_0328.jpg	defaultdpp_0328.jpg
8041	1	default_other:same_core	176.64	dpp_0327.jpg	defaultdpp_0327.jpg
8040	1	default_other:same_core	171.19	dpp_0325.jpg	defaultdpp_0325.jpg
8039	1	default_other:same_core	190.04	dpp_0322.jpg	defaultdpp_0322.jpg
8038	1	default_other:same_core	196.33	dpp_0323.jpg	defaultdpp_0323.jpg
8037	1	default_other:same_core	221.0	dpp_0318.jpg	defaultdpp_0318.jpg
8036	1	default_other:same_core	230.92	dpp_0319.jpg	defaultdpp_0319.jpg
8035	1	default_other:same_core	185.25	dpp_0321.jpg	defaultdpp_0321.jpg
8034	1	default_other:same_core	182.73	dpp_0316.jpg	defaultdpp_0316.jpg
8033	1	default_other:same_core	226.58	dpp_0320.jpg	defaultdpp_0320.jpg
8032	1	default_other:same_core	230.48	dpp_0315.jpg	defaultdpp_0315.jpg
8031	1	default_other:same_core	171.04	dpp_0324.jpg	defaultdpp_0324.jpg
8030	1	default_other:same_core	228.47	dpp_0313.jpg	defaultdpp_0313.jpg
8028	1	default_other:same_core	228.69	dpp_0312.jpg	defaultdpp_0312.jpg
8027	1	default_other:same_core	254.11	dpp_0310.jpg	defaultdpp_0310.jpg
8026	1	default_other:same_core	205.86	dpp_0309.jpg	defaultdpp_0309.jpg
8025	1	default_other:same_core	255.5	dpp_0308.jpg	defaultdpp_0308.jpg
8023	1	default_other:same_core	191.42	dpp_0307.jpg	defaultdpp_0307.jpg
8022	1	default_other:same_core	323.32	dpp_0303.jpg	defaultdpp_0303.jpg
8021	1	default_other:same_core	155.86	dpp_0298.jpg	defaultdpp_0298.jpg
8020	1	default_other:same_core	233.73	dpp_0297.jpg	defaultdpp_0297.jpg
8019	1	default_other:same_core	155.62	dpp_0300.jpg	defaultdpp_0300.jpg
8018	1	default_camera:same_core	902.99	dsc00675.arw	defaultdsc00675.arw
8016	1	default_other:same_core	172.69	dpp_0299.jpg	defaultdpp_0299.jpg
8015	1	default_camera:same_core	620.49	dsc00677.arw	defaultdsc00677.arw
8014	1	default_other:same_core	161.98	dpp_0301.jpg	defaultdpp_0301.jpg
8013	1	default_other:same_core	185.14	dpp_0296.jpg	defaultdpp_0296.jpg
8012	1	timestamp_rendition:same_id	91.12	img_20230604_130016.jpg	20230604-130016.jpg
8011	1	timestamp_rendition:same_id	64.64	img_20230603_184941.jpg	20230603-184941.jpg
8010	1	timestamp_rendition:same_id	86.15	img_20230603_230332.jpg	20230603-230332.jpg
8009	1	timestamp_rendition:same_id	42.85	img_20230601_094825.jpg	20230601-094825.jpg
8008	1	timestamp_rendition:same_id	62.73	img_20230530_222742.jpg	20230530-222742.jpg
8007	1	default_other:same_core	240.13	dpp_0290.jpg	defaultdpp_0290.jpg
8005	1	timestamp_rendition:same_id	51.46	img_20230530_222800.jpg	20230530-222800.jpg
8003	1	default_other:same_core	136.66	dpp_0293.jpg	defaultdpp_0293.jpg
8002	1	default_other:same_core	243.79	dpp_0295.jpg	defaultdpp_0295.jpg
8001	1	default_other:same_core	224.52	dpp_0294.jpg	defaultdpp_0294.jpg
8000	1	default_other:same_core	239.59	dpp_0286.jpg	defaultdpp_0286.jpg
7999	1	timestamp_rendition:same_id	47.14	img_20230527_190703.jpg	20230527-190703.jpg
7998	1	timestamp_rendition:same_id	48.01	img_20230527_185842.jpg	20230527-185842.jpg
7997	1	timestamp_rendition:same_id	62.2	img_20230527_194012.jpg	20230527-194012.jpg
7996	1	timestamp_rendition:same_id	104.06	img_20230527_193230.jpg	20230527-193230.jpg
7995	1	timestamp_rendition:same_id	57.74	img_20230527_193149.jpg	20230527-193149.jpg
7994	1	timestamp_rendition:same_id	69.3	img_20230527_193157.jpg	20230527-193157.jpg
7993	1	timestamp_rendition:same_id	78.31	img_20230527_191510.jpg	20230527-191510.jpg
7992	1	timestamp_rendition:same_id	79.39	img_20230527_190055.jpg	20230527-190055.jpg
7991	1	timestamp_rendition:same_id	153.77	img_20230527_191440.jpg	20230527-191440.jpg
7990	1	default_other:same_core	214.85	dpp_0277.jpg	defaultdpp_0277.jpg
7989	1	timestamp_rendition:same_id	41.55	img_20230524_120934.jpg	20230524-120934.jpg
7986	1	default_other:same_core	251.29	dpp_0282.jpg	defaultdpp_0282.jpg
7985	1	default_other:same_core	225.24	dpp_0276.jpg	defaultdpp_0276.jpg
7984	1	default_other:same_core	190.61	dpp_0275.jpg	defaultdpp_0275.jpg
7983	1	default_other:same_core	250.39	dpp_0268.jpg	defaultdpp_0268.jpg
7982	1	default_other:same_core	200.51	dpp_0274.jpg	defaultdpp_0274.jpg
7981	2	default_other:same_core	160.48	dpp_0269.jpg	defaultdpp_0270.jpg
7980	1	default_other:same_core	174.68	dpp_0273.jpg	defaultdpp_0273.jpg
7979	1	default_other:same_core	210.85	dpp_0271.jpg	defaultdpp_0271.jpg
7977	1	default_other:same_core	252.14	dpp_0264.jpg	defaultdpp_0264.jpg
7976	1	default_other:same_core	202.91	dpp_0255.jpg	defaultdpp_0255.jpg
7975	1	default_other:same_core	278.15	dpp_0263.jpg	defaultdpp_0263.jpg
7974	3	default_other:same_core	194.32	dpp_0256.jpg	defaultdpp_0258.jpg
7973	1	default_other:same_core	201.18	dpp_0254.jpg	defaultdpp_0254.jpg
7972	1	default_other:same_core	201.38	dpp_0253.jpg	defaultdpp_0253.jpg
7971	1	default_other:same_core	245.31	dpp_0248.jpg	defaultdpp_0248.jpg
7970	1	default_other:same_core	201.18	dpp_0246.jpg	defaultdpp_0246.jpg
7968	1	default_other:same_core	228.23	dpp_0249.jpg	defaultdpp_0249.jpg
7967	1	default_other:same_core	259.71	dpp_0245.jpg	defaultdpp_0245.jpg
7966	1	default_other:same_core	213.88	dpp_0247.jpg	defaultdpp_0247.jpg
7965	1	default_other:same_core	194.12	dpp_0252.jpg	defaultdpp_0252.jpg
7963	2	default_other:same_core	202.49	dpp_0251.jpg	defaultdpp_0250.jpg
7962	1	default_other:same_core	190.77	dpp_0243.jpg	defaultdpp_0243.jpg
7961	1	timestamp_rendition:same_id	44.34	img_20230520_171046.jpg	20230520-171046.jpg
7960	1	default_other:same_core	191.42	dpp_0244.jpg	defaultdpp_0244.jpg
7959	1	timestamp_rendition:same_id	51.15	img_20230520_155748.jpg	20230520-155748.jpg
7958	1	timestamp_rendition:same_id	46.34	img_20230520_171027.jpg	20230520-171027.jpg
7957	1	timestamp_rendition:same_id	45.75	img_20230520_135055.jpg	20230520-135055.jpg
7956	1	timestamp_rendition:same_id	41.68	img_20230520_135037.jpg	20230520-135037.jpg
7955	1	timestamp_rendition:same_id	60.12	img_20230518_153116.jpg	20230518-153116.jpg
7954	1	timestamp_rendition:same_id	79.24	img_20230517_215438.jpg	20230517-215438.jpg
7953	1	default_other:same_core	181.76	dpp_0238.jpg	defaultdpp_0238.jpg
7952	2	default_other:same_core	218.14	dpp_0233.jpg	defaultdpp_0233.jpg
7951	1	timestamp_rendition:same_id	49.35	img_20230513_125924.jpg	20230513-125924.jpg
7950	1	timestamp_rendition:same_id	37.28	img_20230513_142313.jpg	20230513-142313.jpg
7949	1	default_other:same_core	126.37	dpp_0236.jpg	defaultdpp_0236.jpg
7948	1	default_other:same_core	138.53	dpp_0235.jpg	defaultdpp_0235.jpg
7947	1	timestamp_rendition:same_id	42.11	img_20230510_215506.jpg	20230510-215506.jpg
7946	1	timestamp_rendition:same_id	52.87	img_20230510_215502.jpg	20230510-215502.jpg
7945	1	timestamp_rendition:same_id	55.75	img_20230510_215213.jpg	20230510-215213.jpg
7944	1	default_other:same_core	167.18	dpp_0240.jpg	defaultdpp_0240.jpg
7943	1	default_other:same_core	193.09	dpp_0239.jpg	defaultdpp_0239.jpg
7942	1	timestamp_rendition:same_id	68.39	img_20230506_120807.jpg	20230506-120807.jpg
7941	1	timestamp_rendition:same_id	41.63	img_20230504_110825.jpg	20230504-110825.jpg
7940	1	timestamp_rendition:same_id	77.74	img_20230504_191733.jpg	20230504-191733.jpg
7939	1	default_other:same_core	269.25	dpp_0241.jpg	defaultdpp_0241.jpg
7938	1	default_other:same_core	204.37	dpp_0232.jpg	defaultdpp_0232.jpg
7937	1	timestamp_rendition:same_id	59.7	img_20230503_203822.jpg	20230503-203822.jpg
7936	1	timestamp_rendition:same_id	36.62	img_20230503_203132.jpg	20230503-203132.jpg
7935	1	default_other:same_core	169.91	dpp_0225.jpg	defaultdpp_0225.jpg
7934	1	timestamp_rendition:same_id	44.45	img_20230429_222601.jpg	20230429-222601.jpg
7932	1	default_other:same_core	149.52	dpp_0228.jpg	defaultdpp_0228.jpg
7931	1	default_other:same_core	215.4	dpp_0229.jpg	defaultdpp_0229.jpg
7930	1	default_other:same_core	163.87	dpp_0224.jpg	defaultdpp_0224.jpg
7928	1	default_other:same_core	222.21	dpp_0231.jpg	defaultdpp_0231.jpg
7927	1	default_other:same_core	160.8	dpp_0227.jpg	defaultdpp_0227.jpg
7924	1	default_other:same_core	137.5	dpp_0226.jpg	defaultdpp_0226.jpg
7922	1	default_other:same_core	136.72	dpp_0223.jpg	defaultdpp_0223.jpg
7921	1	default_other:same_core	136.48	dpp_0222.jpg	defaultdpp_0222.jpg
7919	1	default_other:same_core	134.56	dpp_0221.jpg	defaultdpp_0221.jpg
7917	1	default_other:same_core	132.38	dpp_0218.jpg	defaultdpp_0218.jpg
7916	1	default_other:same_core	122.58	dpp_0220.jpg	defaultdpp_0220.jpg
7914	1	default_other:same_core	135.04	dpp_0219.jpg	defaultdpp_0219.jpg
7912	1	default_other:same_core	180.97	dpp_0217.jpg	defaultdpp_0217.jpg
7905	1	default_timestamp:same_core	6.91	2013-06-28 12.40.42.jpg	default2013-06-28 12.40.42.jpg
7903	1	default_timestamp:same_core	7.08	2013-06-21 12.11.30.jpg	default2013-06-21 12.11.30.jpg
7902	1	default_timestamp:same_core	7.2	2013-06-21 12.11.40.jpg	default2013-06-21 12.11.40.jpg
7894	1	default_timestamp:same_core	6.81	2013-06-15 17.29.55.jpg	default2013-06-15 17.29.55.jpg
7893	1	default_timestamp:same_core	6.88	2013-06-15 17.29.01.jpg	default2013-06-15 17.29.01.jpg
7892	1	default_timestamp:same_core	6.82	2013-06-15 17.29.03.jpg	default2013-06-15 17.29.03.jpg
7887	1	default_timestamp:same_core	6.61	2013-06-13 11.58.06.jpg	default2013-06-13 11.58.06.jpg
7886	1	default_timestamp:same_core	5.52	2013-06-13 12.02.06.jpg	default2013-06-13 12.02.06.jpg
7885	1	default_timestamp:same_core	6.27	2013-06-13 11.58.10.jpg	default2013-06-13 11.58.10.jpg
7884	1	default_timestamp:same_core	7.1	2013-06-13 11.57.50.jpg	default2013-06-13 11.57.50.jpg
7883	1	default_timestamp:same_core	6.14	2013-06-13 11.57.59.jpg	default2013-06-13 11.57.59.jpg
7882	1	default_timestamp:same_core	6.32	2013-06-13 11.58.01.jpg	default2013-06-13 11.58.01.jpg
7881	1	default_timestamp:same_core	6.51	2013-06-13 11.58.08.jpg	default2013-06-13 11.58.08.jpg
7879	1	default_timestamp:same_core	6.93	2013-06-13 11.57.47.jpg	default2013-06-13 11.57.47.jpg
7878	1	default_timestamp:same_core	6.64	2013-06-13 11.54.39.jpg	default2013-06-13 11.54.39.jpg
7876	1	default_timestamp:same_core	6.98	2013-06-13 11.54.35.jpg	default2013-06-13 11.54.35.jpg
7875	1	default_timestamp:same_core	7.07	2013-06-13 11.54.37.jpg	default2013-06-13 11.54.37.jpg
7866	1	default_other:same_core	296.66	dpp_0191.jpg	defaultdpp_0191.jpg
7863	1	default_other:same_core	296.33	dpp_0190.jpg	defaultdpp_0190.jpg
7862	1	default_other:same_core	308.08	dpp_0186.jpg	defaultdpp_0186.jpg
7860	1	default_other:same_core	158.3	dpp_0183.jpg	defaultdpp_0183.jpg
7858	1	default_other:same_core	161.28	dpp_0188.jpg	defaultdpp_0188.jpg
7857	1	default_other:same_core	174.5	dpp_0189.jpg	defaultdpp_0189.jpg
7856	1	default_other:same_core	219.22	dpp_0181.jpg	defaultdpp_0181.jpg
7854	1	default_other:same_core	310.22	dpp_0184.jpg	defaultdpp_0184.jpg
7853	1	default_other:same_core	164.98	dpp_0187.jpg	defaultdpp_0187.jpg
7851	1	default_other:same_core	295.73	dpp_0185.jpg	defaultdpp_0185.jpg
7849	1	default_other:same_core	160.78	dpp_0180.jpg	defaultdpp_0180.jpg
7846	1	default_other:same_core	167.44	dpp_0179.jpg	defaultdpp_0179.jpg
7845	1	default_other:same_core	314.83	dpp_0177.jpg	defaultdpp_0177.jpg
7843	1	default_other:same_core	186.99	dpp_0175.jpg	defaultdpp_0175.jpg
7841	1	timestamp_rendition:same_id	65.46	img_20230430_180750.jpg	20230430-180750.jpg
7840	1	default_other:same_core	231.35	dpp_0176.jpg	defaultdpp_0176.jpg
7839	1	default_other:same_core	327.57	dpp_0178.jpg	defaultdpp_0178.jpg
7838	1	timestamp_rendition:same_id	48.14	img_20230430_181102.jpg	20230430-181102.jpg
7837	1	timestamp_rendition:same_id	96.76	img_20230430_205008.jpg	20230430-205008.jpg
7836	1	timestamp_rendition:same_id	53.33	img_20230430_181054.jpg	20230430-181054.jpg
7835	1	timestamp_rendition:same_id	92.91	img_20230430_140946.jpg	20230430-140946.jpg
7834	1	timestamp_rendition:same_id	65.52	img_20230428_161140.jpg	20230428-161140.jpg
7832	1	timestamp_rendition:same_id	53.3	img_20230426_121138.jpg	20230426-121138.jpg
7829	1	default_timestamp:same_core	7.47	2013-05-31 12.09.57.jpg	default2013-05-31 12.09.57.jpg
7828	1	default_timestamp:same_core	7.59	2013-05-31 12.09.53.jpg	default2013-05-31 12.09.53.jpg
7827	1	default_timestamp:same_core	7.55	2013-05-31 12.09.44.jpg	default2013-05-31 12.09.44.jpg
7826	1	default_timestamp:same_core	7.93	2013-05-31 12.08.08.jpg	default2013-05-31 12.08.08.jpg
7825	1	default_timestamp:same_core	7.74	2013-05-31 12.08.06.jpg	default2013-05-31 12.08.06.jpg
7822	1	default_timestamp:same_core	8.15	2013-05-30 18.15.50.jpg	default2013-05-30 18.15.50.jpg
7821	1	default_timestamp:same_core	7.32	2013-05-30 18.14.52.jpg	default2013-05-30 18.14.52.jpg
7817	1	default_timestamp:same_core	6.9	2013-05-30 12.00.28.jpg	default2013-05-30 12.00.28.jpg
7816	1	default_timestamp:same_core	6.87	2013-05-30 12.00.21.jpg	default2013-05-30 12.00.21.jpg
7815	1	default_timestamp:same_core	7.09	2013-05-30 12.00.24.jpg	default2013-05-30 12.00.24.jpg
7813	1	default_timestamp:same_core	9.14	2013-05-29 12.16.42.jpg	default2013-05-29 12.16.42.jpg
7811	1	timestamp_rendition:same_id	73.98	img_20230422_095437.jpg	20230422-095437.jpg
7810	1	timestamp_rendition:same_id	38.52	img_20230422_095223.jpg	20230422-095223.jpg
7809	1	timestamp_rendition:same_id	73.78	img_20230422_211657.jpg	20230422-211657.jpg
7808	1	timestamp_rendition:same_id	58.61	img_20230422_095349.jpg	20230422-095349.jpg
7807	1	timestamp_rendition:same_id	38.07	img_20230422_094318.jpg	20230422-094318.jpg
7806	1	timestamp_rendition:same_id	39.2	img_20230422_102454.jpg	20230422-102454.jpg
7805	1	timestamp_rendition:same_id	42.13	img_20230422_143101.jpg	20230422-143101.jpg
7804	1	timestamp_rendition:same_id	82.43	img_20230422_185503.jpg	20230422-185503.jpg
7803	1	timestamp_rendition:same_id	81.24	img_20230422_093755.jpg	20230422-093755.jpg
7802	1	timestamp_rendition:same_id	63.08	img_20230422_094558.jpg	20230422-094558.jpg
7801	1	timestamp_rendition:same_id	42.75	img_20230422_143940.jpg	20230422-143940.jpg
7800	1	timestamp_rendition:same_id	48.78	img_20230422_111350.jpg	20230422-111350.jpg
7799	1	timestamp_rendition:same_id	73.74	img_20230422_101538.jpg	20230422-101538.jpg
7798	1	timestamp_rendition:same_id	58.0	img_20230422_094959.jpg	20230422-094959.jpg
7793	1	timestamp_rendition:same_id	58.7	img_20230421_165322.jpg	20230421-165322.jpg
7792	1	timestamp_rendition:same_id	62.44	img_20230421_170451.jpg	20230421-170451.jpg
7791	1	timestamp_rendition:same_id	60.9	img_20230421_130004.jpg	20230421-130004.jpg
7790	1	timestamp_rendition:same_id	67.09	img_20230421_133003.jpg	20230421-133003.jpg
7789	1	timestamp_rendition:same_id	66.82	img_20230421_191739.jpg	20230421-191739.jpg
7788	1	timestamp_rendition:same_id	64.07	img_20230421_170455.jpg	20230421-170455.jpg
7787	1	timestamp_rendition:same_id	48.87	img_20230421_152445.jpg	20230421-152445.jpg
7785	1	timestamp_rendition:same_id	67.68	img_20230421_174630.jpg	20230421-174630.jpg
7783	1	timestamp_rendition:same_id	126.43	img_20230421_172643.jpg	20230421-172643.jpg
7782	1	timestamp_rendition:same_id	42.02	img_20230421_202202.jpg	20230421-202202.jpg
7781	1	timestamp_rendition:same_id	54.97	img_20230421_171423.jpg	20230421-171423.jpg
7780	1	timestamp_rendition:same_id	61.19	img_20230421_125808.jpg	20230421-125808.jpg
7778	1	timestamp_rendition:same_id	51.13	img_20230416_125547.jpg	20230416-125547.jpg
7777	1	timestamp_rendition:same_id	88.87	img_20230416_185843.jpg	20230416-185843.jpg
7776	1	timestamp_rendition:same_id	71.64	img_20230416_184421.jpg	20230416-184421.jpg
7774	1	timestamp_rendition:same_id	67.72	img_20230415_192123.jpg	20230415-192123.jpg
7773	1	timestamp_rendition:same_id	62.48	img_20230415_211720.jpg	20230415-211720.jpg
7772	1	timestamp_rendition:same_id	131.16	img_20230415_193902.jpg	20230415-193902.jpg
7771	1	timestamp_rendition:same_id	163.7	img_20230415_212333.jpg	20230415-212333.jpg
7769	1	timestamp_rendition:same_id	56.16	img_20230415_193714.jpg	20230415-193714.jpg
7768	1	timestamp_rendition:same_id	48.61	img_20230415_211949.jpg	20230415-211949.jpg
7766	1	timestamp_rendition:same_id	64.32	img_20230415_192100.jpg	20230415-192100.jpg
7765	1	timestamp_rendition:same_id	180.18	img_20230415_212018.jpg	20230415-212018.jpg
7763	1	timestamp_rendition:same_id	232.5	img_20230415_211900.jpg	20230415-211900.jpg
7762	1	timestamp_rendition:same_id	53.5	img_20230415_192957.jpg	20230415-192957.jpg
7761	1	timestamp_rendition:same_id	58.66	img_20230415_200827.jpg	20230415-200827.jpg
7760	1	timestamp_rendition:same_id	44.46	img_20230415_193149.jpg	20230415-193149.jpg
7759	1	timestamp_rendition:same_id	48.41	img_20230415_194456.jpg	20230415-194456.jpg
7758	1	timestamp_rendition:same_id	53.98	img_20230415_193729.jpg	20230415-193729.jpg
7757	1	timestamp_rendition:same_id	49.18	img_20230415_195644.jpg	20230415-195644.jpg
7756	1	timestamp_rendition:same_id	52.71	img_20230415_193544.jpg	20230415-193544.jpg
7755	1	timestamp_rendition:same_id	42.04	img_20230415_193129.jpg	20230415-193129.jpg
7754	1	timestamp_rendition:same_id	47.11	img_20230415_193026.jpg	20230415-193026.jpg
7753	1	timestamp_rendition:same_id	46.32	img_20230415_181711.jpg	20230415-181711.jpg
7752	2	timestamp_rendition:same_id	62.54	img_20230415_192631.jpg	20230415-192631.jpg
7751	1	timestamp_rendition:same_id	58.82	img_20230415_182913.jpg	20230415-182913.jpg
7750	1	timestamp_rendition:same_id	55.01	img_20230415_191854.jpg	20230415-191854.jpg
7748	1	timestamp_rendition:same_id	82.53	img_20230415_114418.jpg	20230415-114418.jpg
7747	1	timestamp_rendition:same_id	61.17	img_20230415_114259.jpg	20230415-114259.jpg
7746	1	timestamp_rendition:same_id	60.29	img_20230415_191908.jpg	20230415-191908.jpg
7744	1	timestamp_rendition:same_id	59.41	img_20230410_100201.jpg	20230410-100201.jpg
7743	1	timestamp_rendition:same_id	61.52	img_20230408_192844.jpg	20230408-192844.jpg
7741	1	timestamp_rendition:same_id	39.4	img_20230409_191301.jpg	20230409-191301.jpg
7740	1	timestamp_rendition:same_id	44.64	img_20230409_191257.jpg	20230409-191257.jpg
7739	1	timestamp_rendition:same_id	52.04	img_20230409_144843.jpg	20230409-144843.jpg
7738	1	timestamp_rendition:same_id	7.98	img_20230409_095328.jpg	20230409-095328-2.jpg
7737	1	timestamp_rendition:same_id	69.76	img_20230409_191233.jpg	20230409-191233.jpg
7736	1	timestamp_rendition:same_id	69.0	img_20230402_130947.jpg	20230402-130947.jpg
7733	1	timestamp_rendition:same_id	59.38	img_20230401_182740.jpg	20230401-182740.jpg
7732	1	timestamp_rendition:same_id	74.39	img_20230401_210626.jpg	20230401-210626.jpg
7731	1	timestamp_rendition:same_id	38.01	img_20230401_154904.jpg	20230401-154904.jpg
7730	1	timestamp_rendition:same_id	55.21	img_20230401_150834.jpg	20230401-150834.jpg
7728	1	timestamp_rendition:same_id	76.29	img_20230331_122917.jpg	20230331-122917.jpg
7727	1	timestamp_rendition:same_id	53.0	img_20230329_120900.jpg	20230329-120900.jpg
7725	1	timestamp_rendition	7301.94	img_5526.cr2	20130828-180646-2.jpg
7724	1	timestamp_rendition:same_core	58.43	img_20190117_163525_1180.jpg	20190117-163525.jpg
7723	1	timestamp_rendition:same_core	68.27	img_20190117_163517_1179.jpg	20190117-163517.jpg
7721	1	timestamp_rendition:same_id	65.17	img_20230325_182853.jpg	20230325-182853.jpg
7720	1	timestamp_rendition:same_id	40.2	img_20230325_182859.jpg	20230325-182859.jpg
7719	1	timestamp_rendition:same_id	187.63	img_20230325_134058.jpg	20230325-134058.jpg
7717	1	timestamp_rendition:same_id	201.56	img_20230325_134037.jpg	20230325-134037.jpg
7715	1	timestamp_rendition:same_id	67.34	img_20230324_224457.jpg	20230324-224457.jpg
7714	1	timestamp_rendition:same_id	76.31	img_20230324_224454.jpg	20230324-224454.jpg
7713	1	timestamp_rendition:same_id	109.08	img_20230322_122319.jpg	20230322-122319.jpg
7712	1	timestamp_rendition:same_id	65.82	img_20230321_120525.jpg	20230321-120525.jpg
7710	1	timestamp_rendition:same_id	125.73	img_20230319_181628.jpg	20230319-181628.jpg
7708	1	timestamp_rendition:same_id	71.1	img_20230319_181435.jpg	20230319-181435.jpg
7705	1	timestamp_rendition:same_id	67.49	img_20230318_171119.jpg	20230318-171119.jpg
7704	1	timestamp_rendition:same_id	53.04	img_20230318_182305.jpg	20230318-182305.jpg
7703	1	timestamp_rendition:same_id	43.44	img_20230310_211141.jpg	20230310-211141.jpg
7702	1	timestamp_rendition:same_id	55.76	img_20230311_214748.jpg	20230311-214748.jpg
7698	1	timestamp_rendition:same_id	50.54	img_20230312_181057.jpg	20230312-181057.jpg
7697	1	default_other:same_core	195.16	dpp_0501.jpg	defaultdpp_0501-2.jpg
7694	1	timestamp_rendition:same_id	64.19	img_20230312_174744.jpg	20230312-174744.jpg
7693	1	timestamp_rendition:same_id	47.51	img_20230312_181850.jpg	20230312-181850.jpg
7692	1	timestamp_rendition:same_id	55.41	img_20230312_182506.jpg	20230312-182506.jpg
7691	1	timestamp_rendition:same_id	46.96	img_20230312_174827.jpg	20230312-174827.jpg
7690	1	timestamp_rendition:same_id	46.64	img_20230312_132527.jpg	20230312-132527.jpg
7689	1	timestamp_rendition:same_id	78.9	img_20230307_224246.jpg	20230307-224246.jpg
7688	2	default_other:same_core	233.34	dpp_0503.jpg	defaultdpp_0504-2.jpg
7686	1	default_other:same_core	163.77	dpp_0500.jpg	defaultdpp_0500-2.jpg
7685	1	timestamp_rendition	50.43	img_1060.jpg	20181019-154039.jpg
7684	1	default_other:same_core	135.52	dpp_0495.jpg	defaultdpp_0495-2.jpg
7682	2	default_other:same_core	177.85	dpp_0494.jpg	defaultdpp_0493-2.jpg
7681	1	default_other:same_core	151.75	dpp_0497.jpg	defaultdpp_0497-2.jpg
7680	1	default_other:same_core	184.28	dpp_0498.jpg	defaultdpp_0498-2.jpg
7679	1	default_other:same_core	125.43	dpp_0496.jpg	defaultdpp_0496-2.jpg
7678	1	default_other:same_core	171.07	dpp_0499.jpg	defaultdpp_0499-2.jpg
7674	5	default_other:same_core	150.39	dpp_0489.jpg	defaultdpp_0488-2.jpg
7673	1	default_other:same_core	127.32	dpp_0487.jpg	defaultdpp_0487-2.jpg
7672	1	default_other:same_core	133.36	dpp_0486.jpg	defaultdpp_0486-2.jpg
7671	1	default_other:same_core	140.02	dpp_0485.jpg	defaultdpp_0485-2.jpg
7669	1	default_other:same_core	129.87	dpp_0484.jpg	defaultdpp_0484-2.jpg
7668	1	default_other:same_core	131.58	dpp_0481.jpg	defaultdpp_0481-2.jpg
7667	1	default_other:same_core	132.09	dpp_0483.jpg	defaultdpp_0483-2.jpg
7666	1	default_other:same_core	129.36	dpp_0482.jpg	defaultdpp_0482-2.jpg
7664	3	default_other:same_core	137.98	dpp_0479.jpg	defaultdpp_0480-2.jpg
7663	1	default_other:same_core	137.1	dpp_0477.jpg	defaultdpp_0477-2.jpg
7662	1	default_other:same_core	123.2	dpp_0476.jpg	defaultdpp_0476-2.jpg
7659	2	default_other:same_core	120.37	dpp_0474.jpg	defaultdpp_0475-2.jpg
7658	2	default_other:same_core	130.16	dpp_0473.jpg	defaultdpp_0472-2.jpg
7657	1	default_other:same_core	117.71	dpp_0471.jpg	defaultdpp_0471-2.jpg
7655	1	default_other:same_core	126.87	dpp_0470.jpg	defaultdpp_0470-2.jpg
7653	3	default_other:same_core	146.0	dpp_0467.jpg	defaultdpp_0468-2.jpg
7651	1	default_other:same_core	149.43	dpp_0466.jpg	defaultdpp_0466-2.jpg
7650	1	default_other:same_core	137.5	dpp_0464.jpg	defaultdpp_0464-2.jpg
7648	1	default_other:same_core	126.97	dpp_0461.jpg	defaultdpp_0461-2.jpg
7647	2	default_other:same_core	124.28	dpp_0462.jpg	defaultdpp_0463-2.jpg
7646	2	default_other:same_core	134.24	dpp_0459.jpg	defaultdpp_0460-2.jpg
7644	1	default_other:same_core	126.59	dpp_0458.jpg	defaultdpp_0458-2.jpg
7643	2	default_other:same_core	123.75	dpp_0457.jpg	defaultdpp_0456-2.jpg
7641	4	default_other:same_core	221.76	dpp_0453.jpg	defaultdpp_0454-2.jpg
7640	1	default_other:same_core	202.98	dpp_0451.jpg	defaultdpp_0451-2.jpg
7637	2	default_other:same_core	168.16	dpp_0449.jpg	defaultdpp_0449-2.jpg
7635	2	default_other:same_core	172.1	dpp_0447.jpg	defaultdpp_0448-2.jpg
7634	1	default_other:same_core	169.7	dpp_0446.jpg	defaultdpp_0446-2.jpg
7632	1	default_other:same_core	164.98	dpp_0445.jpg	defaultdpp_0445-2.jpg
7630	3	default_other:same_core	171.78	dpp_0437.jpg	defaultdpp_0436-3.jpg
7629	1	default_other:same_core	171.35	dpp_0435.jpg	defaultdpp_0435-3.jpg
7628	1	default_other:same_core	166.09	dpp_0427.jpg	defaultdpp_0427-3.jpg
7626	1	default_other:same_core	172.83	dpp_0430.jpg	defaultdpp_0430-3.jpg
7625	1	default_other:same_core	149.99	dpp_0431.jpg	defaultdpp_0431-3.jpg
7624	1	default_other:same_core	172.39	dpp_0434.jpg	defaultdpp_0434-3.jpg
7623	1	default_other:same_core	176.24	dpp_0429.jpg	defaultdpp_0429-3.jpg
7621	1	default_other:same_core	147.13	dpp_0432.jpg	defaultdpp_0432-3.jpg
7620	1	default_other:same_core	176.22	dpp_0433.jpg	defaultdpp_0433-3.jpg
7617	1	default_other:same_core	204.76	dpp_0425.jpg	defaultdpp_0425-3.jpg
7616	1	default_other:same_core	171.84	dpp_0428.jpg	defaultdpp_0428-3.jpg
7614	1	default_other:same_core	199.29	dpp_0426.jpg	defaultdpp_0426-3.jpg
7612	1	default_other:same_core	191.84	dpp_0423.jpg	defaultdpp_0423-3.jpg
7611	1	default_other:same_core	196.06	dpp_0424.jpg	defaultdpp_0424-3.jpg
7609	1	default_other:same_core	201.51	dpp_0422.jpg	defaultdpp_0422-3.jpg
7598	1	timestamp_rendition:same_id	57.51	img_20230305_155752.jpg	20230305-155752.jpg
7597	1	timestamp_rendition:same_id	65.62	img_20230305_155748.jpg	20230305-155748.jpg
7596	1	timestamp_rendition:same_id	47.93	img_20230305_102204.jpg	20230305-102204.jpg
7595	1	timestamp_rendition:same_id	56.55	img_20230305_102137.jpg	20230305-102137.jpg
7594	1	timestamp_rendition:same_id	97.08	img_20230303_084841.jpg	20230303-084841.jpg
7592	1	timestamp_rendition:same_id	77.68	img_20230302_095858.jpg	20230302-095858.jpg
7591	1	timestamp_rendition:same_id	76.94	img_20230301_185512.jpg	20230301-185512.jpg
7590	1	timestamp_rendition:same_id	82.56	img_20230301_200317.jpg	20230301-200317.jpg
7588	1	timestamp_rendition:same_id	41.02	img_20230228_131721.jpg	20230228-131721.jpg
7587	1	timestamp_rendition:same_id	70.38	img_20230228_131731.jpg	20230228-131731.jpg
7586	1	timestamp_rendition:same_id	32.1	img_20230227_231539.jpg	20230227-231539.jpg
7584	1	timestamp_rendition:same_id	93.66	img_20230227_231440.jpg	20230227-231440.jpg
7583	1	timestamp_rendition:same_id	62.61	img_20230226_103718.jpg	20230226-103718.jpg
7581	1	timestamp_rendition:same_id	130.82	img_20230225_155830.jpg	20230225-155830.jpg
7579	1	timestamp_rendition:same_id	45.64	img_20230225_125611.jpg	20230225-125611.jpg
7578	1	timestamp_rendition:same_id	93.49	img_20230225_155707.jpg	20230225-155707.jpg
7576	1	default_other:same_core	160.27	dpp_0111.jpg	defaultdpp_0111.jpg
7574	1	timestamp_rendition:same_id	78.81	img_20230222_184643.jpg	20230222-184643.jpg
7572	1	default_other:same_core	159.04	dpp_0110.jpg	defaultdpp_0110.jpg
7571	1	timestamp_rendition:same_id	90.02	img_20230221_095041.jpg	20230221-095041.jpg
7570	1	timestamp_rendition:same_id	43.18	img_20230221_220241.jpg	20230221-220241.jpg
7569	1	timestamp_rendition:same_id	92.49	img_20230221_095021.jpg	20230221-095021.jpg
7568	1	timestamp_rendition:same_id	65.09	img_20230221_095019.jpg	20230221-095019.jpg
7567	1	default_other:same_core	151.39	dpp_0107.jpg	defaultdpp_0107.jpg
7566	1	timestamp_rendition:same_id	44.15	img_20230219_185552.jpg	20230219-185552.jpg
7565	2	default_other:same_core	163.61	dpp_0108.jpg	defaultdpp_0109.jpg
7562	1	timestamp_rendition:same_id	49.13	img_20230218_173301.jpg	20230218-173301.jpg
7560	1	timestamp_rendition:same_id	22.45	img_20230218_173244.jpg	20230218-173244.jpg
7559	1	timestamp_rendition:same_id	58.99	img_20230218_142055.jpg	20230218-142055.jpg
7558	1	default_other:same_core	164.01	dpp_0105.jpg	defaultdpp_0105.jpg
7557	1	default_other:same_core	163.34	dpp_0106.jpg	defaultdpp_0106.jpg
7556	1	default_other:same_core	168.09	dpp_0104.jpg	defaultdpp_0104.jpg
7555	1	default_other:same_core	177.05	dpp_0103.jpg	defaultdpp_0103.jpg
7552	1	default_other:same_core	184.23	dpp_0101.jpg	defaultdpp_0101.jpg
7546	1	default_other:same_core	223.19	dpp_0001.jpg	defaultdpp_0001.jpg
7544	1	timestamp_rendition:same_id	54.51	img_20230215_155931.jpg	20230215-155931.jpg
7543	1	timestamp_rendition:same_id	67.01	img_20230215_155901.jpg	20230215-155901.jpg
7542	1	timestamp_rendition:same_id	78.19	img_20230215_160109.jpg	20230215-160109.jpg
7541	1	timestamp_rendition:same_id	62.98	img_20230215_155905.jpg	20230215-155905.jpg
7540	1	timestamp_rendition:same_id	62.56	img_20230215_155920.jpg	20230215-155920.jpg
7539	1	timestamp_rendition:same_id	60.49	img_20230215_153929.jpg	20230215-153929.jpg
7538	1	timestamp_rendition:same_id	71.12	img_20230215_155924.jpg	20230215-155924.jpg
7537	1	timestamp_rendition:same_id	55.98	img_20230215_155914.jpg	20230215-155914.jpg
7536	1	timestamp_rendition:same_id	48.13	img_20230215_152134.jpg	20230215-152134.jpg
7535	1	timestamp_rendition:same_id	66.8	img_20230215_155853.jpg	20230215-155853.jpg
7534	1	timestamp_rendition:same_id	51.17	img_20230214_121020.jpg	20230214-121020.jpg
7532	1	timestamp_rendition:same_id	139.05	img_20230214_220453.jpg	20230214-220453.jpg
7531	1	timestamp_rendition:same_id	51.91	img_20230213_222227.jpg	20230213-222227.jpg
7530	1	timestamp_rendition:same_id	51.38	img_20230213_222233.jpg	20230213-222233.jpg
7529	1	timestamp_rendition:same_id	68.68	img_20230212_165535.jpg	20230212-165535.jpg
7523	1	timestamp_rendition:same_id	56.68	img_20230211_192534.jpg	20230211-192534.jpg
7522	1	timestamp_rendition:same_id	61.87	img_20230211_144113.jpg	20230211-144113.jpg
7521	1	timestamp_rendition:same_id	64.37	img_20230211_144432.jpg	20230211-144432.jpg
7520	1	timestamp_rendition:same_id	34.24	img_20230211_213322.jpg	20230211-213322.jpg
7519	1	timestamp_rendition:same_id	54.42	img_20230211_144123.jpg	20230211-144123.jpg
7518	1	timestamp_rendition:same_id	46.87	img_20230211_144346.jpg	20230211-144346.jpg
7517	1	timestamp_rendition:same_id	39.63	img_20230211_213258.jpg	20230211-213258.jpg
7516	1	timestamp_rendition:same_id	44.51	img_20230211_144117.jpg	20230211-144117.jpg
7515	1	timestamp_rendition:same_id	87.56	img_20230211_144406.jpg	20230211-144406.jpg
7514	1	timestamp_rendition:same_id	56.75	img_20230209_212713.jpg	20230209-212713.jpg
7512	1	timestamp_rendition:same_id	40.31	img_20230208_184046.jpg	20230208-184046.jpg
7511	1	timestamp_rendition:same_id	48.69	img_20230208_125343.jpg	20230208-125343.jpg
7506	1	timestamp_rendition:same_id	61.23	img_20230207_222409.jpg	20230207-222409.jpg
7505	1	timestamp_rendition:same_id	66.65	img_20230207_222424.jpg	20230207-222424.jpg
7504	1	timestamp_rendition:same_id	43.73	img_20230207_222249.jpg	20230207-222249.jpg
7503	1	timestamp_rendition:same_id	30.3	img_20230207_222124.jpg	20230207-222124.jpg
7502	1	timestamp_rendition:same_id	79.09	img_20230207_095608.jpg	20230207-095608.jpg
7501	1	timestamp_rendition:same_id	64.99	img_20230207_130406.jpg	20230207-130406.jpg
7500	1	timestamp_rendition:same_id	46.84	img_20230207_192208.jpg	20230207-192208.jpg
7499	1	timestamp_rendition:same_id	65.48	img_20230206_125227.jpg	20230206-125227.jpg
7498	1	timestamp_rendition:same_core	64.41	img_20230206_095242_1.jpg	20230206-095242.jpg
7497	1	default_other:same_core	137.17	dpp_0425.jpg	defaultdpp_0425-2.jpg
7496	1	timestamp_rendition:same_id	64.07	img_20230206_225013.jpg	20230206-225013.jpg
7495	1	timestamp_rendition:same_id	70.22	img_20230206_095230.jpg	20230206-095230.jpg
7492	1	timestamp_rendition:same_id	50.55	img_20230203_223206.jpg	20230203-223206.jpg
7484	1	timestamp_rendition:same_id	49.4	img_20140213_161419.jpg	20140213-161419.jpg
7480	1	timestamp_rendition:same_id	72.69	img_20230205_162345.jpg	20230205-162345.jpg
7479	1	timestamp_rendition:same_id	46.54	img_20230205_231244.jpg	20230205-231244.jpg
7478	1	timestamp_rendition:same_id	33.57	img_20230205_231454.jpg	20230205-231454.jpg
7477	1	timestamp_rendition:same_id	37.41	img_20230205_161932.jpg	20230205-161932.jpg
7476	1	timestamp_rendition:same_id	59.34	img_20230205_172806.jpg	20230205-172806.jpg
7475	1	timestamp_rendition:same_id	58.1	img_20230205_211134.jpg	20230205-211134.jpg
7474	1	timestamp_rendition:same_id	34.65	img_20230205_162253.jpg	20230205-162253.jpg
7458	1	default_other:same_core	210.17	dpp_0181.jpg	defaultdpp_0181-4.jpg
7455	1	default_other:same_core	244.28	dpp_0180.jpg	defaultdpp_0180-4.jpg
7453	1	default_other:same_core	199.96	dpp_0178.jpg	defaultdpp_0178-4.jpg
7450	1	default_other:same_core	191.72	dpp_0179.jpg	defaultdpp_0179-4.jpg
7449	1	default_other:same_core	176.13	dpp_0175.jpg	defaultdpp_0175-4.jpg
7447	1	default_other:same_core	190.52	dpp_0177.jpg	defaultdpp_0177-4.jpg
7446	1	default_other:same_core	185.04	dpp_0176.jpg	defaultdpp_0176-4.jpg
7441	1	default_timestamp:same_core	5.24	2013-07-18 12.20.02.jpg	default2013-07-18 12.20.02.jpg
7440	1	default_timestamp:same_core	5.4	2013-07-18 12.20.24.jpg	default2013-07-18 12.20.24.jpg
7435	1	timestamp_rendition:same_id	46.24	img_20230130_192120.jpg	20230130-192120.jpg
7434	1	timestamp_rendition:same_id	41.5	img_20230130_123648.jpg	20230130-123648.jpg
7433	1	timestamp_rendition:same_id	50.97	img_20230130_130229.jpg	20230130-130229.jpg
7432	1	timestamp_rendition:same_id	59.81	img_20230130_121513.jpg	20230130-121513.jpg
7414	1	timestamp_rendition:same_id	38.87	img_20230129_145033.jpg	20230129-145033.jpg
7413	1	timestamp_rendition:same_id	41.0	img_20230129_195857.jpg	20230129-195857.jpg
7412	1	timestamp_rendition:same_id	55.16	img_20230129_152953.jpg	20230129-152953.jpg
7411	1	timestamp_rendition:same_id	93.13	img_20230129_151546.jpg	20230129-151546.jpg
7410	1	timestamp_rendition:same_id	42.4	img_20230129_160211.jpg	20230129-160211.jpg
7409	1	timestamp_rendition:same_id	50.25	img_20230129_202344.jpg	20230129-202344.jpg
7408	1	timestamp_rendition:same_id	57.01	img_20230129_202448.jpg	20230129-202448.jpg
7407	1	timestamp_rendition:same_id	122.67	img_20230129_154716.jpg	20230129-154716.jpg
7406	1	timestamp_rendition:same_id	47.47	img_20230129_150512.jpg	20230129-150512.jpg
7405	1	timestamp_rendition:same_id	43.89	img_20230129_195603.jpg	20230129-195603.jpg
7404	1	timestamp_rendition:same_id	50.32	img_20230129_143801.jpg	20230129-143801.jpg
7403	1	timestamp_rendition:same_id	35.11	img_20230129_161251.jpg	20230129-161251.jpg
7402	1	timestamp_rendition:same_id	55.34	img_20230128_160758.jpg	20230128-160758.jpg
7401	1	timestamp_rendition:same_id	58.04	img_20230128_155558.jpg	20230128-155558.jpg
7400	1	timestamp_rendition:same_id	50.03	img_20230128_153540.jpg	20230128-153540.jpg
7335	1	timestamp_rendition:same_id	43.34	img_20230127_183554.jpg	20230127-183554.jpg
7334	1	timestamp_rendition:same_id	45.45	img_20230127_183329.jpg	20230127-183329.jpg
7331	1	timestamp_rendition:same_id	42.25	img_20230123_181721.jpg	20230123-181721.jpg
7325	1	timestamp_rendition	5.8	img_0598.jpg	20180513-111535-3.jpg
7324	1	timestamp_rendition	5.07	img_0587.jpg	20180513-105904-3.jpg
7323	1	timestamp_rendition	5.22	img_0588.jpg	20180513-105907-3.jpg
7321	1	timestamp_rendition	7.42	img_0511.jpg	20180513-083319-3.jpg
7319	1	default_other:same_core	128.94	dpp_0444.jpg	defaultdpp_0444-2.jpg
7318	1	default_other:same_core	155.03	dpp_0441.jpg	defaultdpp_0441-2.jpg
7317	1	default_other:same_core	131.8	dpp_0442.jpg	defaultdpp_0442-2.jpg
7316	2	default_other:same_core	169.42	dpp_0440.jpg	defaultdpp_0439-2.jpg
7314	1	default_other:same_core	126.97	dpp_0443.jpg	defaultdpp_0443-2.jpg
7313	1	default_other:same_core	137.52	dpp_0437.jpg	defaultdpp_0437-2.jpg
7312	1	default_other:same_core	158.16	dpp_0434.jpg	defaultdpp_0434-2.jpg
7310	1	default_other:same_core	160.22	dpp_0438.jpg	defaultdpp_0438-2.jpg
7309	1	default_other:same_core	153.32	dpp_0436.jpg	defaultdpp_0436-2.jpg
7307	1	default_other:same_core	157.59	dpp_0435.jpg	defaultdpp_0435-2.jpg
7296	1	default_other:same_core	120.74	dpp_0427.jpg	defaultdpp_0427-2.jpg
7295	2	default_other:same_core	154.48	dpp_0433.jpg	defaultdpp_0432-2.jpg
7294	1	default_other:same_core	122.87	dpp_0429.jpg	defaultdpp_0429-2.jpg
7293	1	default_other:same_core	123.91	dpp_0428.jpg	defaultdpp_0428-2.jpg
7292	1	default_other:same_core	119.51	dpp_0424.jpg	defaultdpp_0424-2.jpg
7290	1	default_other:same_core	130.49	dpp_0431.jpg	defaultdpp_0431-2.jpg
7288	1	default_other:same_core	123.12	dpp_0426.jpg	defaultdpp_0426-2.jpg
7287	1	default_other:same_core	123.12	dpp_0430.jpg	defaultdpp_0430-2.jpg
7285	1	default_timestamp:same_core	6.84	2013-05-25 07.49.32.jpg	default2013-05-25 07.49.32.jpg
7284	1	default_timestamp:same_core	6.67	2013-05-25 07.47.44.jpg	default2013-05-25 07.47.44.jpg
7283	1	default_timestamp:same_core	6.83	2013-05-25 07.49.39.jpg	default2013-05-25 07.49.39.jpg
7282	1	default_timestamp:same_core	6.83	2013-05-25 07.49.48.jpg	default2013-05-25 07.49.48.jpg
7281	1	default_timestamp:same_core	6.79	2013-05-25 07.47.59.jpg	default2013-05-25 07.47.59.jpg
7280	1	default_timestamp:same_core	6.64	2013-05-25 07.48.12.jpg	default2013-05-25 07.48.12.jpg
7277	3	default_other:same_core	126.99	dpp_0423.jpg	defaultdpp_0421-2.jpg
7276	1	default_other:same_core	126.76	dpp_0413.jpg	defaultdpp_0413-2.jpg
7275	1	default_timestamp:same_core	5.7	2013-05-24 12.56.56.jpg	default2013-05-24 12.56.56.jpg
7274	1	default_timestamp:same_core	6.77	2013-05-24 18.35.59.jpg	default2013-05-24 18.35.59.jpg
7273	1	default_timestamp:same_core	7.1	2013-05-24 18.36.08.jpg	default2013-05-24 18.36.08.jpg
7272	1	default_timestamp:same_core	5.66	2013-05-24 12.57.06.jpg	default2013-05-24 12.57.06.jpg
7270	1	default_timestamp:same_core	5.77	2013-05-24 12.56.59.jpg	default2013-05-24 12.56.59.jpg
7269	1	default_timestamp:same_core	5.82	2013-05-24 12.57.01.jpg	default2013-05-24 12.57.01.jpg
7268	1	default_timestamp:same_core	5.75	2013-05-24 12.57.03.jpg	default2013-05-24 12.57.03.jpg
7267	1	default_timestamp:same_core	7.71	2013-05-24 18.35.21.jpg	default2013-05-24 18.35.21.jpg
7266	1	default_timestamp:same_core	6.15	2013-05-24 12.57.16.jpg	default2013-05-24 12.57.16.jpg
7265	1	default_other:same_core	121.56	dpp_0419.jpg	defaultdpp_0419-2.jpg
7264	1	default_timestamp:same_core	9.06	2013-05-23 14.15.00.jpg	default2013-05-23 14.15.00.jpg
7263	1	default_other:same_core	122.31	dpp_0420.jpg	defaultdpp_0420-2.jpg
7262	1	default_timestamp:same_core	7.29	2013-05-23 13.55.33.jpg	default2013-05-23 13.55.33.jpg
7260	1	default_timestamp:same_core	8.17	2013-05-23 13.55.22.jpg	default2013-05-23 13.55.22.jpg
7259	1	default_timestamp:same_core	8.04	2013-05-23 13.55.20.jpg	default2013-05-23 13.55.20.jpg
7258	1	default_timestamp:same_core	7.86	2013-05-23 13.55.08.jpg	default2013-05-23 13.55.08.jpg
7257	1	default_timestamp:same_core	8.02	2013-05-23 13.55.11.jpg	default2013-05-23 13.55.11.jpg
7256	1	default_other:same_core	124.56	dpp_0418.jpg	defaultdpp_0418-2.jpg
7255	1	default_timestamp:same_core	7.7	2013-05-22 07.31.27.jpg	default2013-05-22 07.31.27.jpg
7254	1	default_timestamp:same_core	6.64	2013-05-22 07.25.29.jpg	default2013-05-22 07.25.29.jpg
7253	1	default_timestamp:same_core	6.68	2013-05-22 07.25.32.jpg	default2013-05-22 07.25.32.jpg
7252	1	default_timestamp:same_core	6.52	2013-05-22 07.25.22.jpg	default2013-05-22 07.25.22.jpg
7251	1	default_timestamp:same_core	6.64	2013-05-22 07.25.26.jpg	default2013-05-22 07.25.26.jpg
7249	2	default_other:same_core	124.32	dpp_0417.jpg	defaultdpp_0416-2.jpg
7248	2	default_other:same_core	121.43	dpp_0414.jpg	defaultdpp_0415-2.jpg
7247	1	default_other:same_core	118.0	dpp_0412.jpg	defaultdpp_0412-2.jpg
7246	1	default_other:same_core	123.94	dpp_0411.jpg	defaultdpp_0411-2.jpg
7245	1	default_other:same_core	136.63	dpp_0407.jpg	defaultdpp_0407-2.jpg
7244	1	default_other:same_core	125.59	dpp_0410.jpg	defaultdpp_0410-2.jpg
7242	1	default_other:same_core	142.88	dpp_0401.jpg	defaultdpp_0401-2.jpg
7241	2	default_other:same_core	130.78	dpp_0408.jpg	defaultdpp_0409-2.jpg
7240	4	default_other:same_core	147.16	dpp_0403.jpg	defaultdpp_0405-2.jpg
7238	1	default_other:same_core	130.85	dpp_0406.jpg	defaultdpp_0406-2.jpg
7236	2	default_other:same_core	181.32	dpp_0394.jpg	defaultdpp_0394-2.jpg
7234	2	default_other:same_core	137.17	dpp_0399.jpg	defaultdpp_0400-2.jpg
7233	1	default_other:same_core	167.41	dpp_0392.jpg	defaultdpp_0392-2.jpg
7230	1	default_other:same_core	315.06	dpp_0396.jpg	defaultdpp_0396-2.jpg
7229	1	default_other:same_core	146.07	dpp_0398.jpg	defaultdpp_0398-2.jpg
7227	1	default_other:same_core	136.41	dpp_0397.jpg	defaultdpp_0397-2.jpg
7223	1	timestamp_rendition:same_id	47.52	img_20230121_182541.jpg	20230121-182541.jpg
7222	1	default_other:same_core	294.01	dpp_0395.jpg	defaultdpp_0395-2.jpg
7221	1	timestamp_rendition:same_id	158.73	img_20230119_215033.jpg	20230119-215033.jpg
7219	2	default_other:same_core	164.44	dpp_0391.jpg	defaultdpp_0391-2.jpg
7217	2	default_other:same_core	147.77	dpp_0388.jpg	defaultdpp_0389-2.jpg
7215	1	default_other:same_core	140.25	dpp_0387.jpg	defaultdpp_0387-2.jpg
7213	1	timestamp_rendition:same_id	78.82	img_20230113_215025.jpg	20230113-215025.jpg
7212	1	timestamp_rendition:same_id	52.12	img_20230113_215018.jpg	20230113-215018.jpg
7211	1	timestamp_rendition:same_id	92.16	img_20230113_214134.jpg	20230113-214134.jpg
7210	1	timestamp_rendition:same_id	55.01	img_20230113_215000.jpg	20230113-215000.jpg
7209	1	timestamp_rendition:same_id	58.17	img_20230113_214412.jpg	20230113-214412.jpg
7208	1	timestamp_rendition:same_id	63.63	img_20230113_214125.jpg	20230113-214125.jpg
7206	1	default_other:same_core	161.57	dpp_0382.jpg	defaultdpp_0382-2.jpg
7204	1	default_other:same_core	138.56	dpp_0386.jpg	defaultdpp_0386-2.jpg
7202	1	default_other:same_core	139.76	dpp_0383.jpg	defaultdpp_0383-2.jpg
7200	1	default_other:same_core	145.57	dpp_0385.jpg	defaultdpp_0385-2.jpg
7197	1	default_other:same_core	175.88	dpp_0384.jpg	defaultdpp_0384-2.jpg
7196	1	default_other:same_core	148.24	dpp_0380.jpg	defaultdpp_0380-2.jpg
7195	1	default_other:same_core	158.51	dpp_0381.jpg	defaultdpp_0381-2.jpg
7193	1	default_other:same_core	125.37	dpp_0376.jpg	defaultdpp_0376-2.jpg
7191	1	default_other:same_core	125.8	dpp_0372.jpg	defaultdpp_0372-2.jpg
7190	1	default_other:same_core	136.35	dpp_0379.jpg	defaultdpp_0379-2.jpg
7189	1	default_other:same_core	140.11	dpp_0378.jpg	defaultdpp_0378-2.jpg
7187	1	timestamp_rendition:same_id	33.06	img_20230107_114049.jpg	20230107-114049.jpg
7186	1	timestamp_rendition:same_id	49.66	img_20230107_114837.jpg	20230107-114837.jpg
7185	1	timestamp_rendition:same_id	39.78	img_20230107_113717.jpg	20230107-113717.jpg
7184	1	timestamp_rendition:same_id	61.23	img_20230107_113900.jpg	20230107-113900.jpg
7183	1	default_other:same_core	113.47	dpp_0377.jpg	defaultdpp_0377-2.jpg
7181	1	timestamp_rendition:same_id	38.62	img_20221231_122028.jpg	20221231-122028.jpg
7180	1	timestamp_rendition:same_id	75.45	img_20221231_122740.jpg	20221231-122740.jpg
7178	1	default_other:same_core	129.21	dpp_0375.jpg	defaultdpp_0375-2.jpg
7176	1	timestamp_rendition:same_id	46.57	img_20221222_202038.jpg	20221222-202038.jpg
7175	1	default_other:same_core	150.51	dpp_0374.jpg	defaultdpp_0374-2.jpg
7174	1	timestamp_rendition:same_id	57.29	img_20221222_195719.jpg	20221222-195719.jpg
7173	1	default_other:same_core	163.49	dpp_0370.jpg	defaultdpp_0370-2.jpg
7172	2	default_other:same_core	147.49	dpp_0371.jpg	defaultdpp_0373-2.jpg
7169	1	default_other:same_core	128.91	dpp_0368.jpg	defaultdpp_0368-2.jpg
7164	1	default_other:same_core	122.63	dpp_0367.jpg	defaultdpp_0367-2.jpg
7162	1	timestamp_rendition:same_id	63.87	img_20221218_073737.jpg	20221218-073737.jpg
7161	1	timestamp_rendition:same_id	50.84	img_20221218_091143.jpg	20221218-091143.jpg
7160	1	timestamp_rendition:same_id	37.34	img_20221218_091209.jpg	20221218-091209.jpg
7159	1	default_other:same_core	110.79	dpp_0365.jpg	defaultdpp_0365-2.jpg
7155	1	default_other:same_core	129.97	dpp_0369.jpg	defaultdpp_0369-2.jpg
7152	1	timestamp_rendition:same_id	71.89	img_20221202_100413.jpg	20221202-100413.jpg
7151	1	default_other:same_core	133.58	dpp_0366.jpg	defaultdpp_0366-2.jpg
7150	1	default_camera:same_core	152.58	dscn4569.jpg	defaultdscn4569.jpg
7148	1	timestamp_rendition:same_id	55.8	img_20221111_131238.jpg	20221111-131238.jpg
7147	1	default_other:same_core	138.72	dpp_0364.jpg	defaultdpp_0364-2.jpg
7146	1	timestamp_rendition:same_id	41.24	img_20221107_183418.jpg	20221107-183418.jpg
7145	1	timestamp_rendition:same_id	95.55	img_20221107_183703.jpg	20221107-183703.jpg
7144	1	default_other:same_core	156.02	dpp_0361.jpg	defaultdpp_0361-2.jpg
7141	1	timestamp_rendition:same_id	28.53	img_20221102_183148.jpg	20221102-183148.jpg
7139	1	timestamp_rendition:same_id	46.49	img_20221027_124942.jpg	20221027-124942.jpg
7138	1	default_other:same_core	151.22	dpp_0358.jpg	defaultdpp_0358-2.jpg
7136	1	timestamp_rendition:same_id	53.59	img_20221022_162158.jpg	20221022-162158.jpg
7134	1	timestamp_rendition:same_id	52.73	img_20221022_233815.jpg	20221022-233815.jpg
7132	1	timestamp_rendition:same_id	60.36	img_20221022_194927.jpg	20221022-194927.jpg
7128	1	timestamp_rendition:same_id	118.4	img_20221020_220153.jpg	20221020-220153.jpg
7127	1	timestamp_rendition:same_id	115.8	img_20221020_220150.jpg	20221020-220150.jpg
7126	1	default_other:same_core	131.67	dpp_0357.jpg	defaultdpp_0357-2.jpg
7124	1	timestamp_rendition:same_id	128.6	img_20221015_183548.jpg	20221015-183548.jpg
7123	2	default_other:same_core	168.67	dpp_0360.jpg	defaultdpp_0359-2.jpg
7119	1	timestamp_rendition:same_id	111.67	img_20221012_183847.jpg	20221012-183847.jpg
7118	1	default_other:same_core	154.28	dpp_0356.jpg	defaultdpp_0356-2.jpg
7117	1	timestamp_rendition:same_id	38.54	img_20221014_202938.jpg	20221014-202938.jpg
7116	1	timestamp_rendition:same_id	39.07	img_20221010_091901.jpg	20221010-091901.jpg
7115	1	default_other:same_core	118.47	dpp_0355.jpg	defaultdpp_0355-2.jpg
7114	1	timestamp_rendition:same_id	65.97	img_20221009_100147.jpg	20221009-100147.jpg
7112	1	default_other:same_core	196.54	dpp_0347.jpg	defaultdpp_0347-2.jpg
7111	1	timestamp_rendition:same_id	55.13	img_20221011_135422.jpg	20221011-135422.jpg
7110	1	timestamp_rendition:same_id	55.23	img_20221011_135420.jpg	20221011-135420.jpg
7109	1	default_other:same_core	166.7	dpp_0346.jpg	defaultdpp_0346-2.jpg
7108	1	timestamp_rendition	9.61	img_0388.jpg	20180413-114113-3.jpg
7107	1	default_other:same_core	122.52	dpp_0349.jpg	defaultdpp_0349-2.jpg
7105	1	default_other:same_core	132.38	dpp_0348.jpg	defaultdpp_0348-2.jpg
7104	1	default_other:same_core	129.88	dpp_0352.jpg	defaultdpp_0352-2.jpg
7101	2	default_other:same_core	144.16	dpp_0350.jpg	defaultdpp_0351-2.jpg
7100	2	default_other:same_core	157.46	dpp_0354.jpg	defaultdpp_0353-2.jpg
7099	1	default_other:same_core	140.83	dpp_0335.jpg	defaultdpp_0335-2.jpg
7098	4	default_other:same_core	113.79	dpp_0344.jpg	defaultdpp_0345-2.jpg
7096	1	default_other:same_core	112.26	dpp_0336.jpg	defaultdpp_0336-2.jpg
7095	2	default_other:same_core	134.63	dpp_0337.jpg	defaultdpp_0338-2.jpg
7093	2	default_other:same_core	133.67	dpp_0339.jpg	defaultdpp_0340-2.jpg
7091	1	default_other:same_core	112.32	dpp_0341.jpg	defaultdpp_0341-2.jpg
7090	1	default_other:same_core	152.5	dpp_0334.jpg	defaultdpp_0334-2.jpg
7088	1	default_other:same_core	108.91	dpp_0327.jpg	defaultdpp_0327-2.jpg
7086	1	default_other:same_core	166.46	dpp_0322.jpg	defaultdpp_0322-2.jpg
7084	1	default_other:same_core	109.3	dpp_0326.jpg	defaultdpp_0326-2.jpg
7083	2	default_other:same_core	135.65	dpp_0324.jpg	defaultdpp_0325-2.jpg
7082	1	default_other:same_core	116.04	dpp_0328.jpg	defaultdpp_0328-2.jpg
7079	1	default_other:same_core	124.28	dpp_0330.jpg	defaultdpp_0330-2.jpg
7077	3	default_other:same_core	137.95	dpp_0333.jpg	defaultdpp_0332-2.jpg
7076	1	default_camera:same_core	59.51	dsci4371.jpg	defaultdsci4371.jpg
7075	1	default_other:same_core	123.44	dpp_0329.jpg	defaultdpp_0329-2.jpg
7074	1	default_camera:same_core	48.22	dsci4374.jpg	defaultdsci4374.jpg
7073	1	default_camera:same_core	56.0	dsci4375.jpg	defaultdsci4375.jpg
7072	1	default_other:same_core	160.89	dpp_0323.jpg	defaultdpp_0323-2.jpg
7070	1	timestamp_rendition:same_id	91.77	img_20221006_103414.jpg	20221006-103414.jpg
7069	1	timestamp_rendition:same_id	38.12	img_20221006_122500.jpg	20221006-122500.jpg
7068	1	timestamp_rendition:same_id	55.47	img_20221006_105042.jpg	20221006-105042.jpg
7067	1	timestamp_rendition:same_id	58.75	img_20221006_094643.jpg	20221006-094643.jpg
7066	1	timestamp_rendition:same_id	26.95	img_20221006_105049.jpg	20221006-105049.jpg
7065	1	timestamp_rendition:same_id	26.69	img_20221006_105054.jpg	20221006-105054.jpg
7064	1	timestamp_rendition:same_id	53.71	img_20221006_091505.jpg	20221006-091505.jpg
7063	1	timestamp_rendition:same_id	60.45	img_20221006_085753.jpg	20221006-085753.jpg
7062	1	default_other:same_core	153.8	dpp_0321.jpg	defaultdpp_0321-2.jpg
7061	1	timestamp_rendition:same_id	39.6	img_20221006_091515.jpg	20221006-091515.jpg
7060	1	timestamp_rendition:same_id	55.07	img_20221006_103134.jpg	20221006-103134.jpg
7059	1	timestamp_rendition:same_id	27.11	img_20221006_105057.jpg	20221006-105057.jpg
7058	1	timestamp_rendition:same_id	62.58	img_20221006_103913.jpg	20221006-103913.jpg
7057	1	timestamp_rendition:same_id	33.44	img_20221006_095321.jpg	20221006-095321.jpg
7056	1	timestamp_rendition:same_id	64.69	img_20221006_085851.jpg	20221006-085851.jpg
7055	1	timestamp_rendition:same_id	62.09	img_20221006_103612.jpg	20221006-103612.jpg
7054	1	timestamp_rendition:same_id	70.52	img_20221006_105030.jpg	20221006-105030.jpg
7051	1	timestamp_rendition:same_id	161.82	img_20221006_095903.jpg	20221006-095903.jpg
7050	1	default_camera:same_core	53.47	dsci4345.jpg	defaultdsci4345.jpg
7049	1	default_camera:same_core	48.24	dsci4344.jpg	defaultdsci4344.jpg
7047	1	default_camera:same_core	49.16	dsci4343.jpg	defaultdsci4343.jpg
7045	1	default_other:same_core	329.5	dpp_0319.jpg	defaultdpp_0319-2.jpg
7042	1	default_other:same_core	289.67	dpp_0312.jpg	defaultdpp_0312-2.jpg
7041	1	default_other:same_core	269.16	dpp_0313.jpg	defaultdpp_0313-2.jpg
7039	3	default_other:same_core	268.38	dpp_0316.jpg	defaultdpp_0314-2.jpg
7037	2	default_other:same_core	270.71	dpp_0318.jpg	defaultdpp_0317-2.jpg
7036	1	default_timestamp:same_core	19.61	2013-02-25 21.17.58.jpg	default2013-02-25 21.17.58.jpg
7035	1	default_other:same_core	300.5	dpp_0320.jpg	defaultdpp_0320-2.jpg
7033	1	default_other:same_core	236.69	dpp_0311.jpg	defaultdpp_0311-2.jpg
7031	1	default_other:same_core	282.93	dpp_0310.jpg	defaultdpp_0310-2.jpg
7029	1	default_other:same_core	321.66	dpp_0307.jpg	defaultdpp_0307-2.jpg
7028	1	default_other:same_core	186.64	dpp_0308.jpg	defaultdpp_0308-2.jpg
7027	1	default_timestamp:same_core	10.97	2013-02-05 09.57.03.jpg	default2013-02-05 09.57.03.jpg
7025	1	default_timestamp:same_core	5.39	2013-01-25 12.31.18.jpg	default2013-01-25 12.31.18.jpg
7024	1	default_timestamp:same_core	5.18	2013-01-25 12.31.10.jpg	default2013-01-25 12.31.10.jpg
7023	1	default_timestamp:same_core	6.66	2013-01-24 13.22.00.jpg	default2013-01-24 13.22.00.jpg
7022	1	default_timestamp:same_core	6.36	2013-01-24 22.34.51.jpg	default2013-01-24 22.34.51.jpg
7021	2	default_other:same_core	189.88	dpp_0306.jpg	defaultdpp_0305-2.jpg
7020	1	default_other:same_core	173.2	dpp_0304.jpg	defaultdpp_0304-2.jpg
7019	1	default_other:same_core	234.61	dpp_0309.jpg	defaultdpp_0309-2.jpg
7017	1	default_timestamp:same_core	5.0	2013-01-16 10.58.23.jpg	default2013-01-16 10.58.23.jpg
7016	1	default_other:same_core	188.68	dpp_0300.jpg	defaultdpp_0300-2.jpg
7015	3	default_other:same_core	175.87	dpp_0302.jpg	defaultdpp_0301-2.jpg
7014	1	default_other:same_core	190.01	dpp_0299.jpg	defaultdpp_0299-2.jpg
7013	1	timestamp_rendition:same_id	72.11	img_20221005_172136.jpg	20221005-172136.jpg
7012	1	timestamp_rendition:same_id	87.63	img_20221005_181942.jpg	20221005-181942.jpg
7011	1	timestamp_rendition:same_id	78.68	img_20221005_181946.jpg	20221005-181946.jpg
7010	1	timestamp_rendition:same_id	54.34	img_20221005_181306.jpg	20221005-181306.jpg
7009	1	timestamp_rendition:same_id	81.47	img_20221005_180201.jpg	20221005-180201.jpg
7008	1	timestamp_rendition:same_id	67.39	img_20221005_200038.jpg	20221005-200038.jpg
7006	1	timestamp_rendition:same_id	63.39	img_20221005_180150.jpg	20221005-180150.jpg
7005	1	timestamp_rendition:same_id	52.94	img_20221005_181936.jpg	20221005-181936.jpg
7004	1	timestamp_rendition:same_id	54.43	img_20221005_175634.jpg	20221005-175634.jpg
7002	1	timestamp_rendition:same_id	66.48	img_20221005_195727.jpg	20221005-195727.jpg
7001	1	timestamp_rendition:same_id	63.69	img_20221005_181929.jpg	20221005-181929.jpg
7000	1	timestamp_rendition:same_id	134.56	img_20221005_202456.jpg	20221005-202456.jpg
6999	1	timestamp_rendition:same_id	82.12	img_20221005_182456.jpg	20221005-182456.jpg
6998	1	timestamp_rendition:same_id	46.07	img_20221005_142822.jpg	20221005-142822.jpg
6997	1	timestamp_rendition:same_id	81.53	img_20221005_105747.jpg	20221005-105745.jpg
6996	1	default_other:same_core	167.79	dpp_0297.jpg	defaultdpp_0297-2.jpg
6994	1	default_other:same_core	17.2	2012-10-31 16.55.25-edited.jpg	default2012-10-31 16.55.25-edited.jpg
6993	1	default_other:same_core	43.23	1743.jpg	default1743.jpg
6992	1	default_other:same_core	44.39	2191.jpg	default2191.jpg
6990	1	default_other:same_core	134.67	dpp_0290.jpg	defaultdpp_0290-2.jpg
6989	1	default_other:same_core	53.32	2228.jpg	default2228.jpg
6988	2	default_other:same_core	171.12	dpp_0296.jpg	defaultdpp_0295-2.jpg
6985	1	default_other:same_core	43.5	1460.jpg	default1460.jpg
6984	1	default_other:same_core	170.87	dpp_0298.jpg	defaultdpp_0298-2.jpg
6983	1	default_other:same_core	44.33	2262.jpg	default2262.jpg
6981	4	default_other:same_core	156.18	dpp_0294.jpg	defaultdpp_0291-2.jpg
6979	1	default_other:same_core	43.23	2029.jpg	default2029.jpg
6978	1	default_other:same_core	54.11	1978.jpg	default1978.jpg
6977	1	default_other:same_core	139.93	dpp_0289.jpg	defaultdpp_0289-3.jpg
6976	1	default_other:same_core	117.68	2260.jpg	default2260.jpg
6975	1	default_other:same_core	149.31	dpp_0288.jpg	defaultdpp_0288-3.jpg
6973	1	default_other:same_core	50.45	2079.jpg	default2079.jpg
6971	1	default_other:same_core	82.86	1196.jpg	default1196.jpg
6970	1	default_other:same_core	153.77	dpp_0287.jpg	defaultdpp_0287-3.jpg
6969	1	default_other:same_core	58.04	2198.jpg	default2198.jpg
6968	3	default_other:same_core	148.9	dpp_0285.jpg	defaultdpp_0284-3.jpg
6966	1	default_other:same_core	143.92	dpp_0283.jpg	defaultdpp_0283-3.jpg
6965	1	default_other:same_core	68.05	1201.jpg	default1201.jpg
6964	1	default_other:same_core	138.44	dpp_0280.jpg	defaultdpp_0280-3.jpg
6962	1	default_other:same_core	75.67	1632.jpg	default1632.jpg
6961	2	default_other:same_core	140.31	dpp_0282.jpg	defaultdpp_0281-3.jpg
6960	1	default_other:same_core	130.7	dpp_0279.jpg	defaultdpp_0279-3.jpg
6959	1	default_other:other	64.21	赵昱.jpg	default赵昱.jpg
6958	1	default_other:other	81.17	杨丽龙.jpg	default杨丽龙.jpg
6957	1	default_other:other	77.34	王革.jpg	default王革.jpg
6956	1	default_other:other	67.61	畅博.jpg	default畅博.jpg
6955	1	default_other:other	77.68	蒋海燕.jpg	default蒋海燕.jpg
6954	1	default_other:other	67.51	王海洋.jpg	default王海洋.jpg
6953	1	default_other:other	74.66	李瑞锋.jpg	default李瑞锋.jpg
6952	1	default_other:other	88.07	焦毅.jpg	default焦毅.jpg
6951	1	default_other:other	95.13	李扬.jpg	default李扬.jpg
6950	1	default_other:same_core	42.47	1291.jpg	default1291.jpg
6949	1	default_other:other	72.12	李尚青.jpg	default李尚青.jpg
6948	1	default_other:other	68.18	李江伟.jpg	default李江伟.jpg
6947	1	default_other:other	76.69	李媛.jpg	default李媛.jpg
6946	1	default_other:other	80.46	吴敏杰.jpg	default吴敏杰.jpg
6945	1	default_other:same_core	158.34	嘉艺-8x12c-83张.jpg	default嘉艺-8x12c-83张.jpg
6944	1	default_other:other	65.24	唐秋凡.jpg	default唐秋凡.jpg
6943	1	default_other:other	87.52	张莹莹.jpg	default张莹莹.jpg
6942	1	default_other:same_core	144.32	dpp_0278.jpg	defaultdpp_0278-3.jpg
6941	1	default_other:same_core	14.74	ybul6556.jpeg	defaultybul6556.jpeg
6940	1	default_other:same_core	55.39	1300.jpg	default1300.jpg
6939	1	default_other:same_core	44.59	xs13012019-黄钰.jpg	defaultxs13012019-黄钰.jpg
6938	1	default_other:same_core	15.08	wx_camera_1590761565330.jpg	defaultwx_camera_1590761565330.jpg
6937	1	default_other:same_core	10.97	wx_camera_1586083120144.jpg	defaultwx_camera_1586083120144.jpg
6936	1	default_other:same_core	15.14	wx_camera_1583924293900.jpg	defaultwx_camera_1583924293900.jpg
6935	1	default_other:same_core	21.18	wx_camera_1587386942000.jpg	defaultwx_camera_1587386942000.jpg
6934	1	default_other:same_core	15.07	wx_camera_1588438924703.jpg	defaultwx_camera_1588438924703.jpg
6933	1	default_other:same_core	13.76	wx_camera_1590315651201.jpg	defaultwx_camera_1590315651201.jpg
6932	1	default_other:same_core	12.47	wx_camera_1583752882436.jpg	defaultwx_camera_1583752882436.jpg
6931	1	default_other:same_core	11.51	wx_camera_1583752872893.jpg	defaultwx_camera_1583752872893.jpg
6930	1	default_other:same_core	15.33	wx_camera_1581937270667.jpg	defaultwx_camera_1581937270667.jpg
6929	1	default_other:same_core	11.62	wx_camera_1578048702289.jpg	defaultwx_camera_1578048702289.jpg
6928	1	default_other:same_core	16.34	wx_camera_1582018174012.jpg	defaultwx_camera_1582018174012.jpg
6927	1	default_other:same_core	16.6	wx_camera_1581080476239.jpg	defaultwx_camera_1581080476239.jpg
6926	1	default_other:same_core	15.21	wx_camera_1581080776864.jpg	defaultwx_camera_1581080776864.jpg
6925	1	default_other:same_core	19.37	wx_camera_1581929935753.jpg	defaultwx_camera_1581929935753.jpg
6924	1	default_other:same_core	13.95	wx_camera_1578048594188.jpg	defaultwx_camera_1578048594188.jpg
6923	1	default_other:same_core	13.38	wx_camera_1579581555707.jpg	defaultwx_camera_1579581555707.jpg
6922	1	default_other:same_core	10.3	wx_camera_1574820868318.jpg	defaultwx_camera_1574820868318.jpg
6921	1	default_other:same_core	13.04	wx_camera_1575087737550.jpg	defaultwx_camera_1575087737550.jpg
6920	1	default_other:same_core	10.64	wx_camera_1574820857877.jpg	defaultwx_camera_1574820857877.jpg
6919	1	default_other:same_core	138.56	dpp_0277.jpg	defaultdpp_0277-3.jpg
6918	1	default_other:same_core	15.64	wx_camera_1574399224677.jpg	defaultwx_camera_1574399224677.jpg
6917	1	default_other:same_core	55.82	1620.jpg	default1620.jpg
6916	1	default_other:same_core	12.24	wx_camera_1572063838298.jpg	defaultwx_camera_1572063838298.jpg
6915	1	default_other:same_core	15.09	wx_camera_1568477250869.jpg	defaultwx_camera_1568477250869.jpg
6914	1	default_other:same_core	20.44	wx_camera_1567166816616.jpg	defaultwx_camera_1567166816616.jpg
6913	1	default_other:same_core	14.55	wx_camera_1566920202547.jpg	defaultwx_camera_1566920202547.jpg
6912	1	default_other:same_core	52.47	1990.jpg	default1990.jpg
6911	1	default_other:same_core	10.19	wx_camera_1566649088173.jpg	defaultwx_camera_1566649088173.jpg
6910	1	default_other:same_core	6.49	ween7133.jpeg	defaultween7133.jpeg
6909	1	default_other:same_core	6.97	wx_camera_1560419646923.jpg	defaultwx_camera_1560419646923.jpg
6907	1	default_other:same_core	135.55	dpp_0275.jpg	defaultdpp_0275-3.jpg
6906	1	default_other:same_core	5.11	wx_camera_1558531700138.jpg	defaultwx_camera_1558531700138.jpg
6905	1	default_other:same_core	5.85	whje4753.jpeg	defaultwhje4753.jpeg
6902	1	default_other:same_core	195.96	tsxy1530.jpeg	defaulttsxy1530.jpeg
6901	1	default_other:same_core	7.81	tbig5578.jpeg	defaulttbig5578.jpeg
6900	1	default_other:same_core	10.82	stfg6942.jpeg	defaultstfg6942.jpeg
6895	1	default_other:same_core	77.51	qfwn2196.jpeg	defaultqfwn2196.jpeg
6894	1	default_other:same_core	6.99	qwop1406.jpeg	defaultqwop1406.jpeg
6883	1	default_other:same_core	140.81	dpp_0274.jpg	defaultdpp_0274-3.jpg
6881	1	default_other:other	158.52	img_5712.jpg	defaultnwub8621.jpeg
6880	1	default_other:same_core	8.34	okhl9653.jpeg	defaultokhl9653.jpeg
6875	1	default_other:same_core	12.96	ntsl8530.jpeg	defaultntsl8530.jpeg
6874	1	default_other:same_core	85.86	mmexport1596550875467.jpg	defaultmmexport1596550875467.jpg
6873	1	default_other:same_core	52.81	mmexport1588476531178.jpg	defaultmmexport1588476531178.jpg
6870	1	default_other:same_core	16.96	mmexport1587791482960.png	defaultmmexport1587791482960.png
6869	1	default_other:same_core	117.8	mmexport1588476488956.jpg	defaultmmexport1588476488956.jpg
6868	1	default_other:same_core	47.87	mmexport1574606537596.jpg	defaultmmexport1574606537596.jpg
6867	1	default_other:same_core	47.84	mmexport1574606514497.jpg	defaultmmexport1574606514497.jpg
6866	1	default_other:same_core	42.29	mmexport1585387505404.jpg	defaultmmexport1585387505404.jpg
6865	1	default_other:same_core	59.78	mmexport1573387189788.jpg	defaultmmexport1573387189788.jpg
6864	1	default_other:same_core	102.5	mmexport1574606662872.jpg	defaultmmexport1574606662872.jpg
6863	1	default_other:same_core	144.0	dpp_0273.jpg	defaultdpp_0273-3.jpg
6862	1	default_other:same_core	117.01	mmexport1573387270312.jpg	defaultmmexport1573387270312.jpg
6860	1	default_other:same_core	46.38	mmexport1574606548491.jpg	defaultmmexport1574606548491.jpg
6859	1	default_other:same_core	60.22	mmexport1573387287494.jpg	defaultmmexport1573387287494.jpg
6858	1	default_other:same_core	77.14	mmexport1573387306881.jpg	defaultmmexport1573387306881.jpg
6857	1	default_other:same_core	89.64	mmexport1573387229016.jpg	defaultmmexport1573387229016.jpg
6853	1	default_other:same_core	13.45	mmexport1566054162929.jpg	defaultmmexport1566054162929.jpg
6851	1	default_other:same_core	14.55	mmexport1566054168994.jpg	defaultmmexport1566054168994.jpg
6848	1	default_other:same_core	157.46	mmexport1563265890100.jpg	defaultmmexport1563265890100.jpg
6846	1	default_other:same_core	143.69	mmexport1563253714588.jpg	defaultmmexport1563253714588.jpg
6841	1	default_other:same_core	147.13	mmexport1563253698987.jpg	defaultmmexport1563253698987.jpg
6839	1	default_other:same_core	42.25	2007.jpg	default2007.jpg
6838	1	default_other:same_core	143.1	mmexport1563253677153.jpg	defaultmmexport1563253677153.jpg
6837	1	timestamp_rendition:same_id	78.98	img_20221004_161900.jpg	20221004-161900.jpg
6835	1	timestamp_rendition:same_id	47.23	img_20221004_162435.jpg	20221004-162435.jpg
6830	1	default_other:same_core	80.92	micromsg.1450249544327.jpg	defaultmicromsg.1450249544327.jpg
6827	1	default_other:same_core	119.29	micromsg.1448002158799.jpg	defaultmicromsg.1448002158799.jpg
6824	1	timestamp_rendition:same_id	80.56	img_20221004_162430.jpg	20221004-162430.jpg
6823	1	timestamp_rendition:same_id	53.71	img_20221004_161152.jpg	20221004-161152.jpg
6822	1	timestamp_rendition:same_id	35.78	img_20221004_163023.jpg	20221004-163023.jpg
6821	1	default_other:same_core	128.48	dpp_0272.jpg	defaultdpp_0272-3.jpg
6820	1	timestamp_rendition:same_id	73.92	img_20221004_160742.jpg	20221004-160742.jpg
6819	1	timestamp_rendition:same_id	75.65	img_20221004_155516.jpg	20221004-155516.jpg
6818	1	timestamp_rendition:same_id	74.82	img_20221004_154635.jpg	20221004-154635.jpg
6817	1	timestamp_rendition:same_id	41.21	img_20221004_161914.jpg	20221004-161914.jpg
6814	1	default_camera:same_core	8.31	img_e0995.jpg	defaultimg_e0995.jpg
6813	1	timestamp_rendition:same_id	95.27	img_20221004_161342.jpg	20221004-161342.jpg
6812	1	default_camera:same_core	48.46	img_e0366.jpg	defaultimg_e0366.jpg
6808	1	default_camera:same_core	52.5	img_e0386.jpg	defaultimg_e0386.jpg
6807	1	timestamp_rendition:same_id	44.9	img_20221004_092432.jpg	20221004-092432.jpg
6806	1	timestamp_rendition:same_id	49.4	img_20221004_224031.jpg	20221004-224031.jpg
6805	1	default_camera:same_core	18.49	img_e0244.jpg	defaultimg_e0244.jpg
6803	1	default_camera:same_core	34.85	img_e0241.jpg	defaultimg_e0241.jpg
6802	1	default_camera:same_core	93.17	img_9999.jpg	defaultimg_9999.jpg
6801	1	timestamp_rendition:same_id	43.06	img_20221004_152130.jpg	20221004-152130.jpg
6800	1	default_camera:same_core	100.37	img_9995.jpg	defaultimg_9995.jpg
6798	1	default_camera:same_core	99.19	img_9996.jpg	defaultimg_9996.jpg
6796	1	default_camera:same_core	97.73	img_9998.jpg	defaultimg_9998.jpg
6795	1	default_camera:same_core	96.11	img_9986.jpg	defaultimg_9986.jpg
6794	1	default_camera:same_core	107.49	img_9992.jpg	defaultimg_9992.jpg
6791	1	default_camera:same_core	106.09	img_9993.jpg	defaultimg_9993.jpg
6790	1	default_camera:same_core	121.53	img_9973.jpg	defaultimg_9973.jpg
6789	1	default_camera:same_core	128.07	img_9981.jpg	defaultimg_9981.jpg
6788	1	default_camera:same_core	90.65	img_9971.jpg	defaultimg_9971.jpg
6787	1	default_other:same_core	142.82	dpp_0276.jpg	defaultdpp_0276-3.jpg
6786	1	default_camera:same_core	95.37	img_9969.jpg	defaultimg_9969.jpg
6785	1	default_camera:same_core	91.63	img_9955.jpg	defaultimg_9955.jpg
6784	1	default_camera:same_core	99.14	img_9963.jpg	defaultimg_9963.jpg
6783	1	default_camera:same_core	95.94	img_9959.jpg	defaultimg_9959.jpg
6782	1	default_timestamp:same_core	21.93	2012-10-08 23.13.23.jpg	default2012-10-08 23.13.23.jpg
6781	1	default_camera:same_core	118.83	img_9967.jpg	defaultimg_9967.jpg
6780	2	default_camera:same_core	212.55	img_9965.jpg	defaultimg_9965_modified.jpg
6779	1	default_camera:same_core	90.58	img_9953.jpg	defaultimg_9953.jpg
6778	1	default_camera:same_core	86.52	img_9928.jpg	defaultimg_9928.jpg
6777	1	default_camera:same_core	96.11	img_9957.jpg	defaultimg_9957.jpg
6776	1	default_camera:same_core	90.45	img_9949.jpg	defaultimg_9949.jpg
6775	1	default_camera:same_core	87.68	img_9951.jpg	defaultimg_9951.jpg
6774	1	default_camera:same_core	83.58	img_9948.jpg	defaultimg_9948.jpg
6773	1	default_camera:same_core	87.81	img_9943.jpg	defaultimg_9943.jpg
6772	1	default_camera:same_core	136.97	img_9952.jpg	defaultimg_9952.jpg
6770	1	default_camera:same_core	119.39	img_9936.jpg	defaultimg_9936.jpg
6769	1	default_camera:same_core	108.62	img_9933.jpg	defaultimg_9933.jpg
6768	1	default_camera:same_core	72.64	img_9925.jpg	defaultimg_9925.jpg
6767	1	default_camera:same_core	119.36	img_9913.jpg	defaultimg_9913.jpg
6765	1	default_camera:same_core	98.1	img_9945.jpg	defaultimg_9945.jpg
6764	1	default_camera:same_core	87.41	img_9946.jpg	defaultimg_9946.jpg
6763	1	default_camera:same_core	85.02	img_9932.jpg	defaultimg_9932.jpg
6762	1	default_camera:same_core	85.78	img_9931.jpg	defaultimg_9931.jpg
6761	1	default_camera:same_core	112.72	img_9902.jpg	defaultimg_9902.jpg
6760	1	default_camera:same_core	140.9	img_9924.jpg	defaultimg_9924.jpg
6759	1	default_camera:same_core	122.46	img_9918.jpg	defaultimg_9918.jpg
6758	1	default_camera:same_core	110.24	img_9922.jpg	defaultimg_9922.jpg
6757	1	default_camera:same_core	127.83	img_9919.jpg	defaultimg_9919.jpg
6756	1	default_camera:same_core	137.39	img_9921.jpg	defaultimg_9921.jpg
6755	1	default_camera:same_core	119.24	img_9912.jpg	defaultimg_9912.jpg
6754	1	default_camera:same_core	80.29	img_9926.jpg	defaultimg_9926.jpg
6753	1	default_camera:same_core	103.14	img_9905.jpg	defaultimg_9905.jpg
6752	1	default_camera:same_core	118.78	img_9908.jpg	defaultimg_9908.jpg
6751	1	default_camera:same_core	114.05	img_9894.jpg	defaultimg_9894.jpg
6750	1	default_camera:same_core	102.49	img_9892.jpg	defaultimg_9892.jpg
6748	1	default_camera:same_core	125.22	img_9906.jpg	defaultimg_9906.jpg
6747	1	default_camera:same_core	111.75	img_9898.jpg	defaultimg_9898.jpg
6746	1	default_camera:same_core	102.39	img_9897.jpg	defaultimg_9897.jpg
6744	1	default_camera:same_core	118.33	img_9900.jpg	defaultimg_9900.jpg
6743	1	default_camera:same_core	111.32	img_9890.jpg	defaultimg_9890.jpg
6742	1	default_camera:same_core	102.98	img_9889.jpg	defaultimg_9889.jpg
6741	1	default_camera:same_core	123.0	img_9883.jpg	defaultimg_9883.jpg
6740	1	default_camera:same_core	114.15	img_9882.jpg	defaultimg_9882.jpg
6739	1	default_camera:same_core	130.46	img_9886.jpg	defaultimg_9886.jpg
6738	1	default_camera:same_core	153.37	img_9885.jpg	defaultimg_9885.jpg
6737	1	default_camera:same_core	368.15	img_9876.jpg	defaultimg_9876.jpg
6736	1	default_camera:same_core	102.65	img_9875.jpg	defaultimg_9875.jpg
6735	1	default_camera:same_core	96.78	img_9879.jpg	defaultimg_9879.jpg
6734	1	default_camera:same_core	97.2	img_9878.jpg	defaultimg_9878.jpg
6733	1	default_camera:same_core	123.62	img_9869.jpg	defaultimg_9869.jpg
6732	1	default_camera:same_core	126.95	img_9870.jpg	defaultimg_9870.jpg
6731	1	default_camera:same_core	98.22	img_9839.jpg	defaultimg_9839.jpg
6730	1	default_camera:same_core	115.73	img_9873.jpg	defaultimg_9873.jpg
6729	1	default_camera:same_core	112.68	img_9862.jpg	defaultimg_9862.jpg
6728	1	default_camera:same_core	105.28	img_9866.jpg	defaultimg_9866.jpg
6727	1	default_camera:same_core	110.54	img_9871.jpg	defaultimg_9871.jpg
6725	1	default_camera:same_core	144.49	img_9851.jpg	defaultimg_9851.jpg
6724	1	default_camera:same_core	81.41	img_9854.jpg	defaultimg_9854.jpg
6723	1	default_camera:same_core	83.73	img_9840.jpg	defaultimg_9840.jpg
6721	1	default_camera:same_core	99.69	img_9858.jpg	defaultimg_9858.jpg
6720	1	default_camera:same_core	117.74	img_9844.jpg	defaultimg_9844.jpg
6719	1	default_camera:same_core	101.97	img_9856.jpg	defaultimg_9856.jpg
6718	1	default_camera:same_core	90.52	img_9845.jpg	defaultimg_9845.jpg
6717	1	default_camera:same_core	83.82	img_9819.jpg	defaultimg_9819.jpg
6716	1	default_camera:same_core	74.84	img_9823.jpg	defaultimg_9823.jpg
6715	1	default_camera:same_core	93.08	img_9837.jpg	defaultimg_9837.jpg
6714	1	default_camera:same_core	88.74	img_9830.jpg	defaultimg_9830.jpg
6713	1	default_camera:same_core	146.87	img_9832.jpg	defaultimg_9832.jpg
6712	1	default_camera:same_core	78.18	img_9822.jpg	defaultimg_9822.jpg
6711	1	default_camera:same_core	99.51	img_9836.jpg	defaultimg_9836.jpg
6710	1	default_camera:same_core	90.72	img_9829.jpg	defaultimg_9829.jpg
6709	1	default_camera:same_core	78.71	img_9814.jpg	defaultimg_9814.jpg
6708	1	default_camera:same_core	71.88	img_9834.jpg	defaultimg_9834.jpg
6707	1	default_camera:same_core	76.48	img_9813.jpg	defaultimg_9813.jpg
6706	1	default_other:same_core	53.89	1406.jpg	default1406.jpg
6705	1	default_camera:same_core	77.28	img_9818.jpg	defaultimg_9818.jpg
6704	1	default_camera:same_core	73.86	img_9802.jpg	defaultimg_9802.jpg
6703	1	default_camera:same_core	81.68	img_9812.jpg	defaultimg_9812.jpg
6702	2	default_camera:same_core	99.53	img_9811.jpg	defaultimg_9811.jpg
6701	1	default_camera:same_core	80.7	img_9797.jpg	defaultimg_9797.jpg
6700	1	default_camera:same_core	71.53	img_9808.jpg	defaultimg_9808.jpg
6699	1	default_camera:same_core	77.64	img_9807.jpg	defaultimg_9807.jpg
6698	1	default_camera:same_core	81.56	img_9805.jpg	defaultimg_9805.jpg
6697	1	default_camera:same_core	103.0	img_9804.jpg	defaultimg_9804.jpg
6696	1	default_camera:same_core	84.74	img_9794.jpg	defaultimg_9794.jpg
6695	1	default_camera:same_core	84.12	img_9786.jpg	defaultimg_9786.jpg
6694	1	default_camera:same_core	74.87	img_9791.jpg	defaultimg_9791.jpg
6693	1	default_camera:same_core	109.97	img_9790.jpg	defaultimg_9790.jpg
6692	1	default_camera:same_core	86.77	img_9788.jpg	defaultimg_9788.jpg
6691	1	default_camera:same_core	90.13	img_9787.jpg	defaultimg_9787.jpg
6690	1	default_other:same_core	48.24	2.jpg	default2.jpg
6689	1	default_camera:same_core	91.71	img_9796.jpg	defaultimg_9796.jpg
6688	1	default_camera:same_core	72.57	img_9789.jpg	defaultimg_9789.jpg
6687	1	default_camera:same_core	117.0	img_9778.jpg	defaultimg_9778.jpg
6686	2	default_other:same_core	134.79	dpp_0270.jpg	defaultdpp_0271-3.jpg
6685	1	default_camera:same_core	86.61	img_9785.jpg	defaultimg_9785.jpg
6684	1	default_camera:same_core	93.14	img_9766.jpg	defaultimg_9766.jpg
6683	1	default_camera:same_core	79.65	img_9777.jpg	defaultimg_9777.jpg
6682	1	default_camera:same_core	72.94	img_9779.jpg	defaultimg_9779.jpg
6680	1	default_camera:same_core	82.17	img_9776.jpg	defaultimg_9776.jpg
6678	1	default_camera:same_core	91.57	img_9755.jpg	defaultimg_9755.jpg
6677	1	default_camera:same_core	133.98	img_9762.jpg	defaultimg_9762.jpg
6676	1	default_camera:same_core	68.09	img_9760.jpg	defaultimg_9760.jpg
6675	1	default_camera:same_core	93.85	img_9769.jpg	defaultimg_9769.jpg
6674	1	default_camera:same_core	75.6	img_9744.jpg	defaultimg_9744.jpg
6673	1	default_camera:same_core	89.92	img_9763.jpg	defaultimg_9763.jpg
6672	1	default_camera:same_core	95.74	img_9768.jpg	defaultimg_9768.jpg
6671	1	default_camera:same_core	74.21	img_9758.jpg	defaultimg_9758.jpg
6670	1	default_camera:same_core	101.94	img_9757.jpg	defaultimg_9757.jpg
6669	1	default_camera:same_core	98.11	img_9754.jpg	defaultimg_9754.jpg
6668	1	default_camera:same_core	106.28	img_9752.jpg	defaultimg_9752.jpg
6667	1	default_camera:same_core	73.86	img_9756.jpg	defaultimg_9756.jpg
6666	1	default_camera:same_core	121.02	img_9748.jpg	defaultimg_9748.jpg
6665	1	default_camera:same_core	139.92	img_9750.jpg	defaultimg_9750.jpg
6664	1	default_camera:same_core	86.51	img_9742.jpg	defaultimg_9742.jpg
6663	1	default_camera:same_core	77.04	img_9743.jpg	defaultimg_9743.jpg
6662	1	default_camera:same_core	62.73	img_9741.jpg	defaultimg_9741.jpg
6661	1	default_camera:same_core	74.06	img_9745.jpg	defaultimg_9745.jpg
6660	1	default_camera:same_core	91.47	img_9746.jpg	defaultimg_9746.jpg
6659	1	default_camera:same_core	70.77	img_9739.jpg	defaultimg_9739.jpg
6658	1	default_camera:same_core	76.56	img_9740.jpg	defaultimg_9740.jpg
6657	1	default_camera:same_core	72.45	img_9737.jpg	defaultimg_9737.jpg
6656	1	default_camera:same_core	180.15	img_9730.jpg	defaultimg_9730.jpg
6655	1	default_camera:same_core	93.25	img_9728.jpg	defaultimg_9728.jpg
6654	1	default_camera:same_core	70.33	img_9736.jpg	defaultimg_9736.jpg
6653	1	default_camera:same_core	82.94	img_9732.jpg	defaultimg_9732.jpg
6652	1	default_camera:same_core	80.93	img_9726.jpg	defaultimg_9726.jpg
6651	1	default_camera:same_core	88.97	img_9727.jpg	defaultimg_9727.jpg
6650	1	default_camera:same_core	73.22	img_9738.jpg	defaultimg_9738.jpg
6649	1	default_camera:same_core	78.1	img_9722.jpg	defaultimg_9722.jpg
6648	1	default_camera:same_core	90.19	img_9718.jpg	defaultimg_9718.jpg
6647	1	default_camera:same_core	67.84	img_9725.jpg	defaultimg_9725.jpg
6646	1	default_camera:same_core	86.3	img_9721.jpg	defaultimg_9721.jpg
6645	1	default_camera:same_core	93.87	img_9715.jpg	defaultimg_9715.jpg
6644	2	default_camera:same_core	92.62	img_9723.jpg	defaultimg_9724.jpg
6643	1	default_camera:same_core	77.33	img_9711.jpg	defaultimg_9711.jpg
6642	1	default_camera:same_core	91.83	img_9714.jpg	defaultimg_9714.jpg
6641	2	default_camera:same_core	93.77	img_9712.jpg	defaultimg_9713.jpg
6640	1	default_camera:same_core	96.14	img_9717.jpg	defaultimg_9717.jpg
6639	1	default_camera:same_core	84.17	img_9708.jpg	defaultimg_9708.jpg
6638	1	default_camera:same_core	84.56	img_9709.jpg	defaultimg_9709.jpg
6637	1	default_camera:same_core	78.06	img_9705.jpg	defaultimg_9705.jpg
6636	1	default_camera:same_core	80.11	img_9704.jpg	defaultimg_9704.jpg
6635	1	default_camera:same_core	73.94	img_9707.jpg	defaultimg_9707.jpg
6634	1	default_camera:same_core	78.3	img_9710.jpg	defaultimg_9710.jpg
6633	1	default_camera:same_core	81.94	img_9706.jpg	defaultimg_9706.jpg
6632	1	default_camera:same_core	75.32	img_9697.jpg	defaultimg_9697.jpg
6631	1	default_camera:same_core	84.92	img_9703.jpg	defaultimg_9703.jpg
6630	1	default_camera:same_core	88.95	img_9698.jpg	defaultimg_9698.jpg
6629	1	default_camera:same_core	95.11	img_9696.jpg	defaultimg_9696.jpg
6628	1	default_camera:same_core	101.81	img_9692.jpg	defaultimg_9692.jpg
6627	3	default_camera:same_core	112.39	img_9700.jpg	defaultimg_9701.jpg
6626	1	default_camera:same_core	95.13	img_9691.jpg	defaultimg_9691.jpg
6625	1	default_camera:same_core	77.49	img_9689.jpg	defaultimg_9689.jpg
6624	1	default_camera:same_core	99.35	img_9694.jpg	defaultimg_9694.jpg
6623	1	default_camera:same_core	102.27	img_9690.jpg	defaultimg_9690.jpg
6622	1	default_camera:same_core	86.74	img_9702.jpg	defaultimg_9702.jpg
6621	1	default_camera:same_core	79.96	img_9688.jpg	defaultimg_9688.jpg
6620	1	default_camera:same_core	83.41	img_9695.jpg	defaultimg_9695.jpg
6619	1	default_camera:same_core	78.64	img_9684.jpg	defaultimg_9684.jpg
6618	1	default_camera:same_core	107.37	img_9682.jpg	defaultimg_9682.jpg
6617	1	default_camera:same_core	70.83	img_9683.jpg	defaultimg_9683.jpg
6616	1	default_camera:same_core	75.54	img_9681.jpg	defaultimg_9681.jpg
6615	1	default_camera:same_core	82.0	img_9674.jpg	defaultimg_9674.jpg
6614	1	default_camera:same_core	72.34	img_9678.jpg	defaultimg_9678.jpg
6613	1	default_camera:same_core	96.65	img_9685.jpg	defaultimg_9685.jpg
6612	1	default_camera:same_core	79.83	img_9676.jpg	defaultimg_9676.jpg
6611	1	default_camera:same_core	98.94	img_9673.jpg	defaultimg_9673.jpg
6610	1	default_camera:same_core	78.8	img_9675.jpg	defaultimg_9675.jpg
6609	1	default_camera:same_core	79.4	img_9661.jpg	defaultimg_9661.jpg
6608	1	default_camera:same_core	68.73	img_9647.jpg	defaultimg_9647.jpg
6607	1	default_camera:same_core	86.72	img_9666.jpg	defaultimg_9666.jpg
6606	1	default_camera:same_core	88.23	img_9663.jpg	defaultimg_9663.jpg
6605	1	default_camera:same_core	100.59	img_9672.jpg	defaultimg_9672.jpg
6604	1	default_camera:same_core	97.07	img_9649.jpg	defaultimg_9649.jpg
6603	1	default_camera:same_core	81.66	img_9665.jpg	defaultimg_9665.jpg
6602	1	default_camera:same_core	84.73	img_9654.jpg	defaultimg_9654.jpg
6601	1	default_camera:same_core	110.98	img_9629.jpg	defaultimg_9629.jpg
6600	5	default_other:same_core	180.02	dpp_0267.jpg	defaultdpp_0268-3.jpg
6599	1	default_camera:same_core	71.7	img_9643.jpg	defaultimg_9643.jpg
6598	1	default_camera:same_core	76.46	img_9631.jpg	defaultimg_9631.jpg
6597	1	default_camera:same_core	95.49	img_9635.jpg	defaultimg_9635.jpg
6596	1	default_camera:same_core	109.82	img_9630.jpg	defaultimg_9630.jpg
6595	1	default_camera:same_core	135.18	img_9621.jpg	defaultimg_9621.jpg
6594	1	default_camera:same_core	96.59	img_9620.jpg	defaultimg_9620.jpg
6593	1	default_camera:same_core	77.45	img_9618.jpg	defaultimg_9618.jpg
6592	1	default_camera:same_core	81.06	img_9619.jpg	defaultimg_9619.jpg
6591	1	default_camera:same_core	141.98	img_9626.jpg	defaultimg_9626.jpg
6590	1	default_camera:same_core	90.35	img_9625.jpg	defaultimg_9625.jpg
6589	1	default_camera:same_core	97.72	img_9617.jpg	defaultimg_9617.jpg
6588	1	default_camera:same_core	120.1	img_9606.jpg	defaultimg_9606.jpg
6587	1	default_camera:same_core	92.32	img_9615.jpg	defaultimg_9615.jpg
6586	1	default_camera:same_core	81.5	img_9605.jpg	defaultimg_9605.jpg
6585	1	default_camera:same_core	100.4	img_9614.jpg	defaultimg_9614.jpg
6584	1	default_camera:same_core	145.72	img_9591.jpg	defaultimg_9591.jpg
6583	1	default_camera:same_core	92.25	img_9612.jpg	defaultimg_9612.jpg
6582	1	default_camera:same_core	96.42	img_9609.jpg	defaultimg_9609.jpg
6581	1	default_other:same_core	86.18	1602.jpg	default1602.jpg
6580	1	default_camera:same_core	93.22	img_9590.jpg	defaultimg_9590.jpg
6579	1	default_camera:same_core	189.14	img_9599.jpg	defaultimg_9599.jpg
6578	1	default_camera:same_core	86.33	img_9592.jpg	defaultimg_9592.jpg
6577	1	default_camera:same_core	99.54	img_9584.jpg	defaultimg_9584.jpg
6576	1	default_camera:same_core	76.84	img_9582.jpg	defaultimg_9582.jpg
6575	2	default_camera:same_core	98.38	img_9588.jpg	defaultimg_9585.jpg
6574	1	default_camera:same_core	88.25	img_9583.jpg	defaultimg_9583.jpg
6573	1	default_camera:same_core	82.47	img_9565.jpg	defaultimg_9565.jpg
6572	1	default_camera:same_core	95.6	img_9578.jpg	defaultimg_9578.jpg
6571	1	default_camera:same_core	176.64	img_9576.jpg	defaultimg_9576.jpg
6570	1	default_camera:same_core	121.89	img_9571.jpg	defaultimg_9571.jpg
6569	1	default_camera:same_core	80.08	img_9579.jpg	defaultimg_9579.jpg
6568	1	default_other:same_core	76.67	1697.jpg	default1697.jpg
6567	2	default_camera:same_core	118.78	img_9573.jpg	defaultimg_9574.jpg
6566	1	default_camera:same_core	95.17	img_9556.jpg	defaultimg_9556.jpg
6565	2	default_camera:same_core	100.5	img_9570.jpg	defaultimg_9569.jpg
6564	1	default_camera:same_core	96.73	img_9567.jpg	defaultimg_9567.jpg
6563	1	default_camera:same_core	119.86	img_9562.jpg	defaultimg_9562.jpg
6562	1	default_camera:same_core	85.29	img_9566.jpg	defaultimg_9566.jpg
6561	2	default_camera:same_core	84.47	img_9560.jpg	defaultimg_9561.jpg
6560	1	default_camera:same_core	227.51	img_9558.jpg	defaultimg_9558.jpg
6559	1	default_camera:same_core	112.36	img_9563.jpg	defaultimg_9563.jpg
6558	1	default_camera:same_core	102.02	img_9553.jpg	defaultimg_9553.jpg
6557	1	default_camera:same_core	156.05	img_9559.jpg	defaultimg_9559.jpg
6556	1	default_camera:same_core	209.24	img_9557.jpg	defaultimg_9557.jpg
6555	1	default_camera:same_core	91.32	img_9554.jpg	defaultimg_9554.jpg
6554	1	default_camera:same_core	179.81	img_9545.jpg	defaultimg_9545-2.jpg
6553	1	default_camera:same_core	169.16	img_9550.jpg	defaultimg_9550.jpg
6552	1	default_other:same_core	49.43	2110.jpg	default2110.jpg
6551	1	default_camera:same_core	244.29	img_9543.jpg	defaultimg_9543.jpg
6550	1	default_camera:same_core	95.19	img_9551.jpg	defaultimg_9551.jpg
6549	1	default_camera:same_core	57.21	img_9545.jpg	defaultimg_9545.jpg
6548	1	default_camera:same_core	272.28	img_9538.jpg	defaultimg_9538.jpg
6547	1	default_camera:same_core	225.79	img_9541.jpg	defaultimg_9541.jpg
6546	1	default_camera:same_core	154.7	img_9533.jpg	defaultimg_9533.jpg
6545	1	default_camera:same_core	168.23	img_9527.jpg	defaultimg_9527.jpg
6544	1	default_camera:same_core	202.26	img_9535.jpg	defaultimg_9535.jpg
6543	1	default_camera:same_core	170.65	img_9542.jpg	defaultimg_9542.jpg
6542	1	default_camera:same_core	99.12	img_9524.jpg	defaultimg_9524.jpg
6541	1	default_camera:same_core	187.86	img_9518.jpg	defaultimg_9518.jpg
6540	1	default_camera:same_core	114.07	img_9523.jpg	defaultimg_9523.jpg
6539	1	default_camera:same_core	201.46	img_9528.jpg	defaultimg_9528.jpg
6538	1	default_camera:same_core	107.25	img_9521.jpg	defaultimg_9521.jpg
6537	1	default_camera:same_core	219.39	img_9510.jpg	defaultimg_9510.jpg
6536	1	default_camera:same_core	135.7	img_9515.jpg	defaultimg_9515.jpg
6535	1	default_camera:same_core	353.62	img_9517.jpg	defaultimg_9517.jpg
6534	1	default_camera:same_core	129.45	img_9516.jpg	defaultimg_9516.jpg
6533	1	default_camera:same_core	163.19	img_9511.jpg	defaultimg_9511.jpg
6532	1	default_camera:same_core	186.87	img_9509.jpg	defaultimg_9509.jpg
6531	1	default_camera:same_core	226.73	img_9504.jpg	defaultimg_9504.jpg
6530	1	default_camera:same_core	225.63	img_9505.jpg	defaultimg_9505.jpg
6529	1	default_camera:same_core	181.92	img_9508.jpg	defaultimg_9508.jpg
6528	2	default_camera:same_core	217.45	img_9507.jpg	defaultimg_9507.jpg
6527	1	default_camera:same_core	164.8	img_9503.jpg	defaultimg_9503.jpg
6526	1	default_camera:same_core	135.85	img_9500.jpg	defaultimg_9500.jpg
6525	1	default_camera:same_core	657.43	img_9498.jpg	defaultimg_9498.jpg
6524	1	default_camera:same_core	318.03	img_9497.jpg	defaultimg_9497.jpg
6523	1	default_camera:same_core	163.38	img_9502.jpg	defaultimg_9502.jpg
6522	1	default_camera:same_core	348.88	img_9492.jpg	defaultimg_9492.jpg
6521	2	default_camera:same_core	273.72	img_9493.jpg	defaultimg_9494.jpg
6520	1	default_camera:same_core	150.24	img_9472.jpg	defaultimg_9472.jpg
6519	1	default_camera:same_core	138.72	img_9471.jpg	defaultimg_9471.jpg
6518	1	default_camera:same_core	178.75	img_9475.jpg	defaultimg_9475.jpg
6517	1	default_camera:same_core	140.4	img_9473.jpg	defaultimg_9473.jpg
6515	1	default_camera:same_core	243.39	img_9469.jpg	defaultimg_9469.jpg
6514	1	default_camera:same_core	623.89	img_9468.jpg	defaultimg_9468.jpg
6513	1	default_camera:same_core	323.17	img_9466.jpg	defaultimg_9466.jpg
6512	1	default_camera:same_core	121.01	img_9463.jpg	defaultimg_9463.jpg
6511	1	default_camera:same_core	152.16	img_9464.jpg	defaultimg_9464.jpg
6510	1	default_camera:same_core	138.6	img_9459.jpg	defaultimg_9459.jpg
6509	1	default_camera:same_core	137.85	img_9457.jpg	defaultimg_9457.jpg
6508	1	default_camera:same_core	147.58	img_9461.jpg	defaultimg_9461.jpg
6507	1	default_camera:same_core	227.98	img_9465.jpg	defaultimg_9465.jpg
6506	1	default_camera:same_core	171.75	img_9460.jpg	defaultimg_9460.jpg
6505	1	default_camera:same_core	173.95	img_9451.jpg	defaultimg_9451.jpg
6504	1	default_camera:same_core	222.0	img_9448.jpg	defaultimg_9448.jpg
6503	1	default_other:same_core	60.48	1778.jpg	default1778.jpg
6502	1	default_camera:same_core	149.98	img_9436.jpg	defaultimg_9436.jpg
6501	1	default_camera:same_core	155.09	img_9455.jpg	defaultimg_9455.jpg
6500	1	default_camera:same_core	135.16	img_9444.jpg	defaultimg_9444.jpg
6499	2	default_camera:same_core	149.28	img_9435.jpg	defaultimg_9434.jpg
6498	1	default_camera:same_core	155.14	img_9424.jpg	defaultimg_9424.jpg
6497	1	default_camera:same_core	171.57	img_9430.jpg	defaultimg_9430.jpg
6496	1	default_camera:same_core	163.78	img_9421.jpg	defaultimg_9421.jpg
6495	1	default_camera:same_core	210.45	img_9428.jpg	defaultimg_9428.jpg
6493	1	default_camera:same_core	155.0	img_9416_1.jpg	defaultimg_9416.jpg
6492	5	default_camera:same_core	125.49	img_9417.jpg	defaultimg_9415.jpg
6491	1	default_camera:same_core	131.53	img_9420_1.jpg	defaultimg_9420.jpg
6490	1	default_camera:same_core	93.15	img_9422.jpg	defaultimg_9422.jpg
6489	1	default_camera:same_core	136.1	img_9406_1.jpg	defaultimg_9406.jpg
6487	8	default_camera:same_core	122.96	img_9406.jpg	defaultimg_9404.jpg
6486	7	default_camera:same_core	138.57	img_9398.jpg	defaultimg_9396.jpg
6485	13	default_camera:same_core	147.8	img_9392.jpg	defaultimg_9390.jpg
6484	1	default_camera:same_core	128.58	img_9380.jpg	defaultimg_9380.jpg
6483	6	default_camera:same_core	129.27	img_9386.jpg	defaultimg_9382.jpg
6482	1	default_camera:same_core	122.37	img_9379.jpg	defaultimg_9379.jpg
6481	1	default_camera:same_core	118.19	img_9371.jpg	defaultimg_9371.jpg
6480	1	default_camera:same_core	136.06	img_9363.jpg	defaultimg_9363.jpg
6479	1	default_camera:same_core	98.53	img_9373.jpg	defaultimg_9373.jpg
6478	2	default_camera:same_core	125.19	img_9378.jpg	defaultimg_9377.jpg
6477	1	default_camera:same_core	146.51	img_9367.jpg	defaultimg_9367.jpg
6476	1	default_camera:same_core	81.27	img_9346.jpg	defaultimg_9346.jpg
6475	1	default_camera:same_core	106.52	img_9370.jpg	defaultimg_9370.jpg
6474	1	default_camera:same_core	252.22	img_9368.jpg	defaultimg_9368.jpg
6473	1	default_camera:same_core	128.02	img_9376.jpg	defaultimg_9376.jpg
6472	1	default_camera:same_core	77.48	img_9347.jpg	defaultimg_9347.jpg
6471	1	default_camera:same_core	107.49	img_9354.jpg	defaultimg_9354.jpg
6470	1	default_camera:same_core	74.66	img_9343.jpg	defaultimg_9343.jpg
6469	1	default_camera:same_core	129.9	img_9352.jpg	defaultimg_9352.jpg
6468	1	default_camera:same_core	45.19	img_9341.jpg	defaultimg_9341.jpg
6467	1	default_camera:same_core	85.8	img_9349.jpg	defaultimg_9349.jpg
6466	1	default_camera:same_core	87.74	img_9357.jpg	defaultimg_9357.jpg
6465	1	default_camera:same_core	113.43	img_9348.jpg	defaultimg_9348.jpg
6464	1	default_camera:same_core	81.37	img_9340.jpg	defaultimg_9340.jpg
6463	1	default_camera:same_core	84.99	img_9333.jpg	defaultimg_9333.jpg
6462	1	default_camera:same_core	42.76	img_9323.jpg	defaultimg_9323.jpg
6461	1	default_camera:same_core	75.64	img_9336.jpg	defaultimg_9336.jpg
6460	1	default_camera:same_core	71.96	img_9320.jpg	defaultimg_9320.jpg
6459	1	default_camera:same_core	55.15	img_9319.jpg	defaultimg_9319.jpg
6458	1	default_camera:same_core	77.57	img_9311.jpg	defaultimg_9311.jpg
6457	1	default_camera:same_core	50.79	img_9316.jpg	defaultimg_9316.jpg
6456	1	default_camera:same_core	41.33	img_9317.jpg	defaultimg_9317.jpg
6455	1	default_camera:same_core	38.54	img_9315.jpg	defaultimg_9315.jpg
6453	1	default_camera:same_core	56.31	img_9312.jpg	defaultimg_9312.jpg
6452	1	default_camera:same_core	82.59	img_9305.jpg	defaultimg_9305.jpg
6451	1	default_camera:same_core	75.11	img_9302.jpg	defaultimg_9302.jpg
6450	1	default_camera:same_core	84.63	img_9304.jpg	defaultimg_9304.jpg
6449	1	default_camera:same_core	60.63	img_9301.jpg	defaultimg_9301.jpg
6448	1	default_camera:same_core	73.76	img_9292.jpg	defaultimg_9292.jpg
6447	1	default_camera:same_core	71.14	img_9294.jpg	defaultimg_9294.jpg
6446	1	default_camera:same_core	73.78	img_9300.jpg	defaultimg_9300.jpg
6445	1	default_camera:same_core	74.75	img_9290.jpg	defaultimg_9290.jpg
6444	1	default_camera:same_core	82.24	img_9298.jpg	defaultimg_9298.jpg
6443	1	default_camera:same_core	73.26	img_9293.jpg	defaultimg_9293.jpg
6441	1	default_camera:same_core	69.66	img_9285.jpg	defaultimg_9285.jpg
6440	1	default_camera:same_core	72.38	img_9288.jpg	defaultimg_9288.jpg
6439	1	default_camera:same_core	77.71	img_9276.jpg	defaultimg_9276.jpg
6438	1	default_camera:same_core	50.95	img_9277.jpg	defaultimg_9277.jpg
6437	1	default_camera:same_core	69.56	img_9273.jpg	defaultimg_9273.jpg
6436	1	default_camera:same_core	79.39	img_9281.jpg	defaultimg_9281.jpg
6435	1	default_camera:same_core	74.08	img_9272.jpg	defaultimg_9272.jpg
6434	2	default_camera:same_core	91.12	img_9279.jpg	defaultimg_9280.jpg
6433	1	default_camera:same_core	85.97	img_9259.jpg	defaultimg_9259.jpg
6432	1	default_camera:same_core	80.77	img_9269.jpg	defaultimg_9269.jpg
6431	1	default_camera:same_core	72.32	img_9248.jpg	defaultimg_9248.jpg
6430	1	default_camera:same_core	83.18	img_9240.jpg	defaultimg_9240.jpg
6429	1	default_camera:same_core	71.45	img_9245.jpg	defaultimg_9245.jpg
6428	1	default_camera:same_core	68.76	img_9236.jpg	defaultimg_9236.jpg
6427	1	default_other:same_core	68.64	1878.jpg	default1878.jpg
6426	1	default_camera:same_core	85.19	img_9247.jpg	defaultimg_9247.jpg
6425	1	default_camera:same_core	58.84	img_9233.jpg	defaultimg_9233.jpg
6424	1	default_camera:same_core	67.18	img_9228.jpg	defaultimg_9228.jpg
6423	1	default_camera:same_core	75.63	img_9226.jpg	defaultimg_9226.jpg
6422	9	default_other:same_core	139.01	dpp_0260.jpg	defaultdpp_0258-3.jpg
6421	1	default_camera:same_core	79.37	img_9213.jpg	defaultimg_9213.jpg
6420	1	default_camera:same_core	74.46	img_9219.jpg	defaultimg_9219.jpg
6419	1	default_other:same_core	53.93	1505.jpg	default1505.jpg
6418	1	default_camera:same_core	95.86	img_9227.jpg	defaultimg_9227.jpg
6417	1	default_camera:same_core	97.38	img_9217.jpg	defaultimg_9217.jpg
6416	1	default_camera:same_core	101.31	img_9216.jpg	defaultimg_9216.jpg
6415	1	default_camera:same_core	101.78	img_9211.jpg	defaultimg_9211.jpg
6414	1	default_camera:same_core	89.92	img_9209.jpg	defaultimg_9209.jpg
6413	1	default_camera:same_core	82.05	img_9204.jpg	defaultimg_9204.jpg
6412	1	default_camera:same_core	94.49	img_9207.jpg	defaultimg_9207.jpg
6411	1	default_camera:same_core	90.99	img_9185.jpg	defaultimg_9185.jpg
6410	1	default_camera:same_core	70.4	img_9208.jpg	defaultimg_9208.jpg
6409	1	default_camera:same_core	103.81	img_9177.jpg	defaultimg_9177.jpg
6408	1	default_camera:same_core	81.01	img_9210.jpg	defaultimg_9210.jpg
6407	1	default_camera:same_core	75.06	img_9192.jpg	defaultimg_9192.jpg
6406	1	default_camera:same_core	89.94	img_9182.jpg	defaultimg_9182.jpg
6405	1	default_camera:same_core	93.66	img_9176.jpg	defaultimg_9176.jpg
6404	1	default_camera:same_core	108.08	img_9165.jpg	defaultimg_9165.jpg
6403	1	default_camera:same_core	105.84	img_9172.jpg	defaultimg_9172.jpg
6402	1	default_other:same_core	56.56	1293.jpg	default1293.jpg
6401	1	default_camera:same_core	81.7	img_9171.jpg	defaultimg_9171.jpg
6400	1	default_other:same_core	207.13	dpp_0250.jpg	defaultdpp_0250-3.jpg
6399	1	default_camera:same_core	99.12	img_9163.jpg	defaultimg_9163.jpg
6398	1	default_camera:same_core	117.55	img_8834.jpg	defaultimg_8834.jpg
6397	1	default_camera:same_core	100.33	img_9166.jpg	defaultimg_9166.jpg
6396	1	default_camera:same_core	159.0	img_8844.jpg	defaultimg_8844.jpg
6395	1	default_camera:same_core	81.28	img_8957.jpg	defaultimg_8957.jpg
6394	1	default_camera:same_core	142.63	img_9158.jpg	defaultimg_9158.jpg
6393	1	default_camera:same_core	118.57	img_8838.jpg	defaultimg_8838.jpg
6392	1	default_camera:same_core	101.25	img_8830.jpg	defaultimg_8830.jpg
6391	1	default_camera:same_core	108.3	img_8832.jpg	defaultimg_8832.jpg
6390	1	default_camera:same_core	116.81	img_8826.jpg	defaultimg_8826.jpg
6389	1	default_camera:same_core	115.36	img_8841.jpg	defaultimg_8841.jpg
6388	1	default_camera:same_core	103.73	img_8833.jpg	defaultimg_8833.jpg
6387	1	default_camera:same_core	111.49	img_8836.jpg	defaultimg_8836.jpg
6386	1	default_camera:same_core	140.53	img_8843.jpg	defaultimg_8843.jpg
6385	1	default_camera:same_core	120.57	img_8839.jpg	defaultimg_8839.jpg
6384	1	default_camera:same_core	124.08	img_8840.jpg	defaultimg_8840.jpg
6383	1	default_camera:same_core	108.54	img_8829.jpg	defaultimg_8829.jpg
6382	1	default_camera:same_core	99.01	img_8827.jpg	defaultimg_8827.jpg
6381	1	default_camera:same_core	112.09	img_8807.jpg	defaultimg_8807.jpg
6380	1	default_camera:same_core	120.93	img_8815.jpg	defaultimg_8815.jpg
6379	1	default_camera:same_core	110.82	img_8817.jpg	defaultimg_8817.jpg
6378	1	default_camera:same_core	117.9	img_8818.jpg	defaultimg_8818.jpg
6377	1	default_camera:same_core	133.15	img_8820.jpg	defaultimg_8820.jpg
6376	1	default_camera:same_core	101.2	img_8811.jpg	defaultimg_8811.jpg
6375	1	default_camera:same_core	121.47	img_8812.jpg	defaultimg_8812.jpg
6374	1	default_camera:same_core	120.32	img_8809.jpg	defaultimg_8809.jpg
6373	1	default_camera:same_core	133.17	img_8803.jpg	defaultimg_8803.jpg
6372	1	default_camera:same_core	150.49	img_8808.jpg	defaultimg_8808.jpg
6371	1	default_camera:same_core	115.88	img_8802.jpg	defaultimg_8802.jpg
6370	1	default_camera:same_core	93.2	img_8796.jpg	defaultimg_8796.jpg
6369	1	default_camera:same_core	90.29	img_8797.jpg	defaultimg_8797.jpg
6368	1	default_camera:same_core	126.06	img_8793.jpg	defaultimg_8793.jpg
6367	1	default_camera:same_core	113.8	img_8794.jpg	defaultimg_8794.jpg
6366	1	default_camera:same_core	117.71	img_8806.jpg	defaultimg_8806.jpg
6365	1	default_camera:same_core	117.5	img_8801.jpg	defaultimg_8801.jpg
6364	1	default_camera:same_core	135.13	img_8792.jpg	defaultimg_8792.jpg
6363	1	default_camera:same_core	121.25	img_8784.jpg	defaultimg_8784.jpg
6362	1	default_camera:same_core	113.66	img_8810.jpg	defaultimg_8810.jpg
6361	1	default_camera:same_core	101.33	img_8795.jpg	defaultimg_8795.jpg
6360	1	default_camera:same_core	115.62	img_8760.jpg	defaultimg_8760.jpg
6359	1	default_camera:same_core	118.88	img_8788.jpg	defaultimg_8788.jpg
6358	1	default_camera:same_core	126.95	img_8786.jpg	defaultimg_8786.jpg
6357	1	default_camera:same_core	145.56	img_8787.jpg	defaultimg_8787.jpg
6356	1	default_other:same_core	154.39	dpp_0251.jpg	defaultdpp_0251-3.jpg
6355	1	default_camera:same_core	110.45	img_8785.jpg	defaultimg_8785.jpg
6354	1	default_camera:same_core	139.49	img_8790.jpg	defaultimg_8790.jpg
6353	1	default_camera:same_core	110.13	img_8756.jpg	defaultimg_8756.jpg
6352	1	default_camera:same_core	151.35	img_8789.jpg	defaultimg_8789.jpg
6351	1	default_camera:same_core	100.15	img_8759.jpg	defaultimg_8759.jpg
6350	1	default_camera:same_core	102.15	img_8770.jpg	defaultimg_8770.jpg
6349	1	default_camera:same_core	96.58	img_8777.jpg	defaultimg_8777.jpg
6348	1	default_camera:same_core	97.75	img_8763.jpg	defaultimg_8763.jpg
6347	1	default_camera:same_core	99.3	img_8780.jpg	defaultimg_8780.jpg
6346	1	default_camera:same_core	96.69	img_8772.jpg	defaultimg_8772.jpg
6345	1	default_other:same_core	53.83	1554.jpg	default1554.jpg
6344	1	default_camera:same_core	166.79	img_8746.jpg	defaultimg_8746.jpg
6343	1	default_camera:same_core	98.13	img_8776.jpg	defaultimg_8776.jpg
6342	1	default_camera:same_core	126.01	img_8764.jpg	defaultimg_8764.jpg
6341	3	default_camera:same_core	111.27	img_8783.jpg	defaultimg_8779.jpg
6340	1	default_camera:same_core	112.59	img_8773.jpg	defaultimg_8773.jpg
6339	1	default_camera:same_core	138.14	img_8752.jpg	defaultimg_8752.jpg
6338	1	default_camera:same_core	203.4	img_8728.jpg	defaultimg_8728.jpg
6337	1	default_camera:same_core	112.28	img_8737.jpg	defaultimg_8737.jpg
6336	1	default_camera:same_core	122.05	img_8717.jpg	defaultimg_8717.jpg
6335	1	default_camera:same_core	149.82	img_8720.jpg	defaultimg_8720.jpg
6334	1	default_camera:same_core	239.4	img_8732.jpg	defaultimg_8732.jpg
6333	1	default_camera:same_core	111.22	img_8722.jpg	defaultimg_8722.jpg
6332	1	default_camera:same_core	101.8	img_8735.jpg	defaultimg_8735.jpg
6331	1	default_camera:same_core	169.22	img_8725.jpg	defaultimg_8725.jpg
6330	1	default_camera:same_core	118.88	img_8745.jpg	defaultimg_8745.jpg
6329	1	default_other:same_core	59.82	2143.jpg	default2143.jpg
6328	1	default_camera:same_core	121.59	img_8736.jpg	defaultimg_8736.jpg
6327	1	default_camera:same_core	265.73	img_8727.jpg	defaultimg_8727.jpg
6326	1	default_camera:same_core	85.86	img_8724.jpg	defaultimg_8724.jpg
6325	1	default_camera:same_core	96.64	img_8716.jpg	defaultimg_8716.jpg
6324	1	default_camera:same_core	99.31	img_8703.jpg	defaultimg_8703.jpg
6323	1	default_camera:same_core	132.66	img_8699.jpg	defaultimg_8699.jpg
6322	1	default_camera:same_core	122.3	img_8679.jpg	defaultimg_8679.jpg
6321	1	default_camera:same_core	179.3	img_8690.jpg	defaultimg_8690.jpg
6320	1	default_camera:same_core	204.06	img_8723.jpg	defaultimg_8723.jpg
6319	1	default_camera:same_core	133.22	img_8688.jpg	defaultimg_8688.jpg
6318	1	default_camera:same_core	172.77	img_8689.jpg	defaultimg_8689.jpg
6317	1	default_camera:same_core	188.23	img_8697.jpg	defaultimg_8697.jpg
6316	1	default_other:same_core	170.77	dpp_0249.jpg	defaultdpp_0249-3.jpg
6315	1	default_camera:same_core	219.83	img_8683.jpg	defaultimg_8683.jpg
6314	1	default_camera:same_core	137.97	img_8674.jpg	defaultimg_8674.jpg
6313	1	default_camera:same_core	190.85	img_8682.jpg	defaultimg_8682.jpg
6312	1	default_camera:same_core	178.23	img_8696.jpg	defaultimg_8696.jpg
6311	1	default_camera:same_core	175.58	img_8677.jpg	defaultimg_8677.jpg
6310	1	default_camera:same_core	142.02	img_8685.jpg	defaultimg_8685.jpg
6309	1	default_camera:same_core	142.59	img_8675.jpg	defaultimg_8675.jpg
6308	1	default_camera:same_core	133.29	img_8680.jpg	defaultimg_8680.jpg
6307	1	default_camera:same_core	228.6	img_8665.jpg	defaultimg_8665.jpg
6306	1	default_camera:same_core	152.55	img_8660.jpg	defaultimg_8660.jpg
6305	1	default_camera:same_core	171.15	img_8672.jpg	defaultimg_8672.jpg
6304	1	default_camera:same_core	203.77	img_8670.jpg	defaultimg_8670.jpg
6303	1	default_camera:same_core	168.11	img_8668.jpg	defaultimg_8668.jpg
6302	1	default_camera:same_core	163.9	img_8671.jpg	defaultimg_8671.jpg
6301	1	default_camera:same_core	193.05	img_8673.jpg	defaultimg_8673.jpg
6300	1	default_camera:same_core	152.7	img_8667.jpg	defaultimg_8667.jpg
6299	1	default_camera:same_core	189.5	img_8666.jpg	defaultimg_8666.jpg
6298	1	default_camera:same_core	152.91	img_8659.jpg	defaultimg_8659.jpg
6297	1	default_camera:same_core	129.31	img_8657.jpg	defaultimg_8657.jpg
6296	1	default_camera:same_core	174.26	img_8644.jpg	defaultimg_8644.jpg
6295	1	default_camera:same_core	148.67	img_8636.jpg	defaultimg_8636.jpg
6294	1	default_camera:same_core	165.8	img_8643.jpg	defaultimg_8643.jpg
6293	1	default_camera:same_core	117.73	img_8656.jpg	defaultimg_8656.jpg
6292	1	default_camera:same_core	188.51	img_8654.jpg	defaultimg_8654.jpg
6291	1	default_camera:same_core	172.15	img_8653.jpg	defaultimg_8653.jpg
6290	1	default_camera:same_core	169.03	img_8639.jpg	defaultimg_8639.jpg
6289	1	default_camera:same_core	147.48	img_8647.jpg	defaultimg_8647.jpg
6288	1	default_camera:same_core	143.64	img_8637.jpg	defaultimg_8637.jpg
6287	1	default_camera:same_core	133.78	img_8635.jpg	defaultimg_8635.jpg
6286	1	default_camera:same_core	111.49	img_8633.jpg	defaultimg_8633.jpg
6285	1	default_camera:same_core	142.54	img_8632.jpg	defaultimg_8632.jpg
6284	1	default_camera:same_core	124.51	img_8614.jpg	defaultimg_8614.jpg
6283	1	default_camera:same_core	157.28	img_8627.jpg	defaultimg_8627.jpg
6282	1	default_camera:same_core	115.7	img_8631.jpg	defaultimg_8631.jpg
6280	1	default_camera:same_core	153.53	img_8620.jpg	defaultimg_8620.jpg
6279	1	default_camera:same_core	133.44	img_8628.jpg	defaultimg_8628.jpg
6278	1	default_camera:same_core	144.02	img_8599.jpg	defaultimg_8599.jpg
6277	1	default_camera:same_core	142.61	img_8626.jpg	defaultimg_8626.jpg
6276	1	default_other:same_core	158.68	dpp_0246.jpg	defaultdpp_0246-3.jpg
6275	1	default_camera:same_core	180.24	img_8630.jpg	defaultimg_8630.jpg
6274	1	default_camera:same_core	146.54	img_8613.jpg	defaultimg_8613.jpg
6273	1	default_camera:same_core	169.43	img_8619.jpg	defaultimg_8619.jpg
6272	1	default_camera:same_core	122.58	img_8617.jpg	defaultimg_8617.jpg
6271	1	default_camera:same_core	197.78	img_8604.jpg	defaultimg_8604.jpg
6270	1	default_camera:same_core	253.68	img_8592.jpg	defaultimg_8592.jpg
6269	1	default_camera:same_core	117.73	img_8610.jpg	defaultimg_8610.jpg
6268	1	default_camera:same_core	124.19	img_8611.jpg	defaultimg_8611.jpg
6267	1	default_camera:same_core	124.21	img_8570.jpg	defaultimg_8570.jpg
6266	1	default_camera:same_core	105.64	img_8595.jpg	defaultimg_8595.jpg
6265	1	default_camera:same_core	108.22	img_8597.jpg	defaultimg_8597.jpg
6264	1	default_camera:same_core	161.08	img_8601.jpg	defaultimg_8601.jpg
6263	1	default_camera:same_core	117.16	img_8593.jpg	defaultimg_8593.jpg
6262	1	default_camera:same_core	167.77	img_8618.jpg	defaultimg_8618.jpg
6261	1	default_camera:same_core	143.99	img_8594.jpg	defaultimg_8594.jpg
6260	1	default_camera:same_core	139.44	img_8590.jpg	defaultimg_8590.jpg
6259	1	default_camera:same_core	124.79	img_8571.jpg	defaultimg_8571.jpg
6258	1	default_camera:same_core	127.0	img_8573.jpg	defaultimg_8573.jpg
6257	1	default_camera:same_core	125.02	img_8588.jpg	defaultimg_8588.jpg
6256	1	default_camera:same_core	141.57	img_8578.jpg	defaultimg_8578.jpg
6255	1	default_camera:same_core	110.92	img_8589.jpg	defaultimg_8589.jpg
6254	1	default_camera:same_core	115.34	img_8576.jpg	defaultimg_8576.jpg
6253	1	default_camera:same_core	150.71	img_8579.jpg	defaultimg_8579.jpg
6252	1	default_camera:same_core	173.13	img_8554.jpg	defaultimg_8554.jpg
6251	1	default_camera:same_core	130.79	img_8574.jpg	defaultimg_8574.jpg
6250	1	default_camera:same_core	185.28	img_8550.jpg	defaultimg_8550.jpg
6249	1	default_camera:same_core	125.67	img_8560.jpg	defaultimg_8560.jpg
6248	1	default_camera:same_core	145.46	img_8558.jpg	defaultimg_8558.jpg
6247	1	default_camera:same_core	141.24	img_8569.jpg	defaultimg_8569.jpg
6246	1	default_camera:same_core	146.7	img_8556.jpg	defaultimg_8556.jpg
6245	1	default_camera:same_core	198.77	img_8565.jpg	defaultimg_8565.jpg
6244	1	default_camera:same_core	146.7	img_8568.jpg	defaultimg_8568.jpg
6243	1	default_camera:same_core	131.33	img_8552.jpg	defaultimg_8552.jpg
6242	1	default_camera:same_core	124.29	img_8547.jpg	defaultimg_8547.jpg
6241	1	default_camera:same_core	160.76	img_8559.jpg	defaultimg_8559.jpg
6240	1	default_camera:same_core	157.16	img_8563.jpg	defaultimg_8563.jpg
6239	1	default_other:same_core	173.17	dpp_0248.jpg	defaultdpp_0248-3.jpg
6238	1	default_camera:same_core	174.56	img_8553.jpg	defaultimg_8553.jpg
6237	1	default_camera:same_core	121.45	img_8551.jpg	defaultimg_8551.jpg
6236	1	default_camera:same_core	104.81	img_8526.jpg	defaultimg_8526.jpg
6235	1	default_camera:same_core	162.19	img_8537.jpg	defaultimg_8537.jpg
6234	1	default_camera:same_core	132.8	img_8542.jpg	defaultimg_8542.jpg
6233	1	default_camera:same_core	152.93	img_8538.jpg	defaultimg_8538.jpg
6232	1	default_camera:same_core	137.98	img_8532.jpg	defaultimg_8532.jpg
6231	1	default_camera:same_core	139.52	img_8541.jpg	defaultimg_8541.jpg
6230	1	default_camera:same_core	121.5	img_8543.jpg	defaultimg_8543.jpg
6229	1	default_other:same_core	59.5	492.jpg	default492.jpg
6228	1	default_camera:same_core	133.06	img_8539.jpg	defaultimg_8539.jpg
6227	1	default_camera:same_core	135.01	img_8531.jpg	defaultimg_8531.jpg
6226	1	default_camera:same_core	113.03	img_8545.jpg	defaultimg_8545.jpg
6225	1	default_camera:same_core	190.29	img_8529.jpg	defaultimg_8529.jpg
6224	1	default_camera:same_core	144.77	img_8523.jpg	defaultimg_8523.jpg
6223	1	default_camera:same_core	117.44	img_8528.jpg	defaultimg_8528.jpg
6222	1	default_camera:same_core	190.21	img_8518.jpg	defaultimg_8518.jpg
6221	1	default_camera:same_core	130.76	img_8534.jpg	defaultimg_8534.jpg
6220	1	default_camera:same_core	153.08	img_8514.jpg	defaultimg_8514.jpg
6219	1	default_camera:same_core	126.8	img_8527.jpg	defaultimg_8527.jpg
6218	1	default_camera:same_core	114.85	img_8525.jpg	defaultimg_8525.jpg
6217	1	default_camera:same_core	130.69	img_8524.jpg	defaultimg_8524.jpg
6216	1	default_camera:same_core	209.95	img_8513.jpg	defaultimg_8513.jpg
6215	1	default_camera:same_core	148.4	img_8511.jpg	defaultimg_8511.jpg
6214	1	default_camera:same_core	188.32	img_8505.jpg	defaultimg_8505.jpg
6213	2	default_camera:same_core	146.95	img_8510.jpg	defaultimg_8508.jpg
6212	1	default_camera:same_core	149.46	img_8499.jpg	defaultimg_8499.jpg
6211	1	default_other:same_core	46.97	1148.jpg	default1148.jpg
6210	1	default_camera:same_core	153.64	img_8512.jpg	defaultimg_8512.jpg
6209	1	default_camera:same_core	122.68	img_8450.jpg	defaultimg_8450.jpg
6208	1	default_camera:same_core	180.18	img_8522.jpg	defaultimg_8522.jpg
6207	1	default_camera:same_core	161.9	img_8517.jpg	defaultimg_8517.jpg
6206	1	default_camera:same_core	143.86	img_8504.jpg	defaultimg_8504.jpg
6205	1	default_camera:same_core	154.78	img_8469.jpg	defaultimg_8469.jpg
6204	1	default_camera:same_core	119.78	img_8453.jpg	defaultimg_8453.jpg
6203	1	default_camera:same_core	127.89	img_8468.jpg	defaultimg_8468.jpg
6202	1	default_camera:same_core	127.29	img_8462.jpg	defaultimg_8462.jpg
6201	1	default_camera:same_core	159.07	img_8461.jpg	defaultimg_8461.jpg
6200	1	default_camera:same_core	119.38	img_8479.jpg	defaultimg_8479.jpg
6199	3	default_camera:same_core	126.77	img_8457.jpg	defaultimg_8456.jpg
6198	1	default_camera:same_core	171.57	img_8490.jpg	defaultimg_8490.jpg
6197	2	default_camera:same_core	123.28	img_8448.jpg	defaultimg_8447.jpg
6196	1	default_camera:same_core	161.87	img_8442.jpg	defaultimg_8442.jpg
6195	1	default_camera:same_core	130.68	img_8440.jpg	defaultimg_8440.jpg
6194	1	default_camera:same_core	103.1	img_8419.jpg	defaultimg_8419.jpg
6193	2	default_camera:same_core	122.5	img_8452.jpg	defaultimg_8451.jpg
6192	1	default_camera:same_core	112.13	img_8416.jpg	defaultimg_8416.jpg
6191	1	default_camera:same_core	136.34	img_8425.jpg	defaultimg_8425.jpg
6190	1	default_camera:same_core	113.26	img_8428.jpg	defaultimg_8428.jpg
6189	1	default_camera:same_core	126.87	img_8445.jpg	defaultimg_8445.jpg
6188	1	default_camera:same_core	121.04	img_8437.jpg	defaultimg_8437.jpg
6187	1	default_camera:same_core	178.25	img_8432.jpg	defaultimg_8432.jpg
6186	1	default_camera:same_core	101.68	img_8372.jpg	defaultimg_8372.jpg
6185	1	default_camera:same_core	111.45	img_8400.jpg	defaultimg_8400.jpg
6184	1	default_camera:same_core	148.4	img_8408.jpg	defaultimg_8408.jpg
6183	1	default_camera:same_core	172.0	img_8402.jpg	defaultimg_8402.jpg
6182	1	default_camera:same_core	158.46	img_8414.jpg	defaultimg_8414.jpg
6181	1	default_camera:same_core	130.05	img_8376.jpg	defaultimg_8376.jpg
6180	1	default_camera:same_core	156.38	img_8412.jpg	defaultimg_8412.jpg
6179	1	default_camera:same_core	154.32	img_8392.jpg	defaultimg_8392.jpg
6178	1	default_other:same_core	50.45	2139.jpg	default2139.jpg
6177	1	default_camera:same_core	107.43	img_8410.jpg	defaultimg_8410.jpg
6176	1	default_camera:same_core	107.07	img_8398.jpg	defaultimg_8398.jpg
6175	1	default_camera:same_core	152.14	img_8380.jpg	defaultimg_8380.jpg
6174	1	default_camera:same_core	162.96	img_8385.jpg	defaultimg_8385.jpg
6173	1	default_camera:same_core	127.56	img_8340.jpg	defaultimg_8340.jpg
6172	1	default_camera:same_core	130.27	img_8375.jpg	defaultimg_8375.jpg
6171	1	default_camera:same_core	118.22	img_8355.jpg	defaultimg_8355.jpg
6170	1	default_camera:same_core	127.17	img_8373.jpg	defaultimg_8373.jpg
6169	1	default_camera:same_core	110.49	img_8371.jpg	defaultimg_8371.jpg
6168	1	default_camera:same_core	158.89	img_8390.jpg	defaultimg_8390.jpg
6167	1	default_camera:same_core	145.5	img_8382.jpg	defaultimg_8382.jpg
6165	1	default_camera:same_core	150.34	img_8388.jpg	defaultimg_8388.jpg
6164	1	default_camera:same_core	133.42	img_8344.jpg	defaultimg_8344.jpg
6163	1	default_camera:same_core	133.42	img_8347.jpg	defaultimg_8347.jpg
6162	1	default_camera:same_core	141.79	img_8342.jpg	defaultimg_8342.jpg
6161	1	default_camera:same_core	130.26	img_8358.jpg	defaultimg_8358.jpg
6160	1	default_camera:same_core	147.99	img_8346.jpg	defaultimg_8346.jpg
6159	1	default_camera:same_core	112.26	img_8359.jpg	defaultimg_8359.jpg
6158	1	default_camera:same_core	139.53	img_8345.jpg	defaultimg_8345.jpg
6157	1	default_camera:same_core	123.99	img_8369.jpg	defaultimg_8369.jpg
6156	1	default_camera:same_core	122.96	img_8365.jpg	defaultimg_8365.jpg
6155	1	default_camera:same_core	102.67	img_8356.jpg	defaultimg_8356.jpg
6154	1	default_camera:same_core	145.76	img_8337.jpg	defaultimg_8337.jpg
6153	1	default_camera:same_core	135.52	img_8331.jpg	defaultimg_8331.jpg
6150	1	default_camera:same_core	143.69	img_8343.jpg	defaultimg_8343.jpg
6144	1	default_other:same_core	53.37	2196.jpg	default2196.jpg
6138	1	default_shotwell:same_core	34.66	img_8252_cr2_shotwell.jpg	defaultimg_8252_cr2_shotwell.jpg
6136	1	default_shotwell:same_core	53.51	img_8247_cr2_shotwell.jpg	defaultimg_8247_cr2_shotwell.jpg
6135	1	default_shotwell:same_core	47.92	img_8249_cr2_shotwell.jpg	defaultimg_8249_cr2_shotwell.jpg
6134	1	default_shotwell:same_core	503.14	img_8248.cr2	defaultimg_8248_cr2_shotwell.jpg
6131	1	timestamp_rendition:same_id	35.08	img_20221003_150044.jpg	20221003-150044.jpg
6129	4	default_other:same_core	168.99	dpp_0252.jpg	defaultdpp_0254-3.jpg
6127	1	default_embedded:same_core	30.93	img_8239_cr2_embedded.jpg	defaultimg_8239_cr2_embedded.jpg
6123	1	default_other:same_core	49.38	1269.jpg	default1269.jpg
6120	1	default_embedded:same_core	32.97	img_8237_cr2_embedded.jpg	defaultimg_8237_cr2_embedded.jpg
6116	1	default_shotwell:same_core	65.61	img_8230_cr2_shotwell.jpg	defaultimg_8230_cr2_shotwell.jpg
6115	1	default_shotwell:same_core	61.22	img_8229_cr2_shotwell.jpg	defaultimg_8229_cr2_shotwell.jpg
6114	1	default_shotwell:same_core	58.52	img_8228_cr2_shotwell.jpg	defaultimg_8228_cr2_shotwell.jpg
6113	1	default_shotwell:same_core	58.06	img_8226_cr2_shotwell.jpg	defaultimg_8226_cr2_shotwell.jpg
6112	1	default_shotwell:same_core	58.74	img_8225_cr2_shotwell.jpg	defaultimg_8225_cr2_shotwell.jpg
6111	1	default_other:same_core	159.48	dpp_0247.jpg	defaultdpp_0247-3.jpg
6109	1	default_shotwell:same_core	54.24	img_8221_cr2_shotwell.jpg	defaultimg_8221_cr2_shotwell.jpg
6107	1	default_camera:same_core	101.93	img_8196.jpg	defaultimg_8196.jpg
6106	1	default_camera:same_core	246.48	img_8190.jpg	defaultimg_8190.jpg
6105	1	default_camera:same_core	134.73	img_8169.jpg	defaultimg_8169.jpg
6104	1	default_shotwell:same_core	65.41	img_8126_cr2_shotwell.jpg	defaultimg_8126_cr2_shotwell.jpg
6103	1	default_camera:same_core	137.41	img_8170.jpg	defaultimg_8170.jpg
6102	1	default_camera:same_core	115.45	img_8165.jpg	defaultimg_8165.jpg
6101	1	default_camera:same_core	100.64	img_8174.jpg	defaultimg_8174.jpg
6100	1	default_camera:same_core	152.97	img_8171.jpg	defaultimg_8171.jpg
6099	1	default_other:same_core	52.16	1425.jpg	default1425.jpg
6094	1	default_shotwell:same_core	51.03	img_8112_cr2_shotwell.jpg	defaultimg_8112_cr2_shotwell.jpg
6093	1	default_shotwell:same_core	62.83	img_8113_cr2_shotwell.jpg	defaultimg_8113_cr2_shotwell.jpg
6091	1	default_other:same_core	43.73	1640.jpg	default1640.jpg
6090	1	default_shotwell:same_core	48.67	img_8111_cr2_shotwell.jpg	defaultimg_8111_cr2_shotwell.jpg
6087	1	default_other:same_core	63.97	2062.jpg	default2062.jpg
6082	1	default_shotwell:same_core	114.78	img_8095_cr2_shotwell.jpg	defaultimg_8095_cr2_shotwell.jpg
6081	1	default_shotwell:same_core	103.91	img_8091_cr2_shotwell.jpg	defaultimg_8091_cr2_shotwell.jpg
6072	1	default_camera:same_core	110.3	img_8069.jpg	defaultimg_8069.jpg
6071	1	default_camera:same_core	101.0	img_8056.jpg	defaultimg_8056.jpg
6070	1	default_other:same_core	50.59	1317.jpg	default1317.jpg
6069	1	default_camera:same_core	109.14	img_8046.jpg	defaultimg_8046.jpg
6068	1	default_camera:same_core	125.61	img_8051.jpg	defaultimg_8051.jpg
6067	2	default_camera:same_core	126.4	img_8066.jpg	defaultimg_8065.jpg
6066	1	default_camera:same_core	94.69	img_8036.jpg	defaultimg_8036.jpg
6065	1	default_camera:same_core	120.92	img_8052.jpg	defaultimg_8052.jpg
6064	1	default_camera:same_core	106.96	img_8075.jpg	defaultimg_8075.jpg
6063	1	default_camera:same_core	116.21	img_8045.jpg	defaultimg_8045.jpg
6062	1	default_camera:same_core	100.23	img_8027.jpg	defaultimg_8027.jpg
6061	1	default_camera:same_core	105.32	img_8017.jpg	defaultimg_8017.jpg
6060	1	default_camera:same_core	98.29	img_8020.jpg	defaultimg_8020.jpg
6059	1	default_camera:same_core	97.39	img_8022.jpg	defaultimg_8022.jpg
6058	1	default_camera:same_core	99.5	img_8029.jpg	defaultimg_8029.jpg
6057	1	default_camera:same_core	122.71	img_7998.jpg	defaultimg_7998.jpg
6056	1	default_camera:same_core	104.16	img_8035.jpg	defaultimg_8035.jpg
6055	1	default_camera:same_core	98.65	img_8028.jpg	defaultimg_8028.jpg
6054	1	default_camera:same_core	98.29	img_8021.jpg	defaultimg_8021.jpg
6053	1	default_camera:same_core	90.16	img_8007.jpg	defaultimg_8007.jpg
6052	1	default_camera:same_core	96.76	img_8002.jpg	defaultimg_8002.jpg
6051	1	default_other:same_core	51.22	2251.jpg	default2251.jpg
6050	1	default_camera:same_core	122.28	img_7989.jpg	defaultimg_7989.jpg
6049	1	default_camera:same_core	157.6	img_7992.jpg	defaultimg_7992.jpg
6048	1	default_camera:same_core	102.37	img_7983.jpg	defaultimg_7983.jpg
6047	1	default_camera:same_core	110.0	img_7997.jpg	defaultimg_7997.jpg
6046	1	default_camera:same_core	157.79	img_7990.jpg	defaultimg_7990.jpg
6045	1	default_camera:same_core	104.88	img_7984.jpg	defaultimg_7984.jpg
6044	1	default_camera:same_core	98.1	img_7988.jpg	defaultimg_7988.jpg
6043	1	default_camera:same_core	105.21	img_8000.jpg	defaultimg_8000.jpg
6042	1	default_camera:same_core	103.28	img_8016.jpg	defaultimg_8016.jpg
6041	1	default_camera:same_core	109.82	img_7996.jpg	defaultimg_7996.jpg
6040	1	default_camera:same_core	103.39	img_7982.jpg	defaultimg_7982.jpg
6039	1	default_camera:same_core	97.03	img_7979.jpg	defaultimg_7979.jpg
6038	1	default_camera:same_core	93.57	img_7987.jpg	defaultimg_7987.jpg
6037	1	default_camera:same_core	147.62	img_7976.jpg	defaultimg_7976.jpg
6036	1	default_camera:same_core	131.94	img_7980.jpg	defaultimg_7980.jpg
6035	1	default_camera:same_core	118.39	img_7974.jpg	defaultimg_7974.jpg
6033	1	default_camera:same_core	116.3	img_7975.jpg	defaultimg_7975.jpg
6032	1	default_camera:same_core	109.76	img_7967.jpg	defaultimg_7967.jpg
6031	1	default_camera:same_core	110.6	img_7955.jpg	defaultimg_7955.jpg
6030	1	default_camera:same_core	120.84	img_7947.jpg	defaultimg_7947.jpg
6029	1	default_camera:same_core	118.7	img_7966.jpg	defaultimg_7966.jpg
6028	1	default_camera:same_core	142.89	img_7937.jpg	defaultimg_7937.jpg
6027	1	default_camera:same_core	103.2	img_7970.jpg	defaultimg_7970.jpg
6026	1	default_camera:same_core	100.43	img_7940.jpg	defaultimg_7940.jpg
6025	1	default_camera:same_core	116.92	img_7965.jpg	defaultimg_7965.jpg
6024	1	default_camera:same_core	131.77	img_7953.jpg	defaultimg_7953.jpg
6023	1	default_camera:same_core	145.56	img_7942.jpg	defaultimg_7942.jpg
6022	1	default_camera:same_core	95.67	img_7941.jpg	defaultimg_7941.jpg
6021	1	default_camera:same_core	136.82	img_7933.jpg	defaultimg_7933.jpg
6020	1	default_camera:same_core	120.5	img_7924.jpg	defaultimg_7924.jpg
6019	1	default_camera:same_core	116.25	img_7928.jpg	defaultimg_7928.jpg
6018	1	default_camera:same_core	110.72	img_7936.jpg	defaultimg_7936.jpg
6017	1	default_camera:same_core	124.21	img_7923.jpg	defaultimg_7923.jpg
6016	1	default_camera:same_core	110.07	img_7914.jpg	defaultimg_7914.jpg
6015	1	default_camera:same_core	148.4	img_7938.jpg	defaultimg_7938.jpg
6014	1	default_camera:same_core	143.31	img_7939.jpg	defaultimg_7939.jpg
6013	1	default_camera:same_core	112.17	img_7932.jpg	defaultimg_7932.jpg
6012	1	default_camera:same_core	102.07	img_7922.jpg	defaultimg_7922.jpg
6011	1	default_camera:same_core	104.53	img_7911.jpg	defaultimg_7911.jpg
6010	1	default_camera:same_core	95.94	img_7907.jpg	defaultimg_7907.jpg
6009	1	default_camera:same_core	141.82	img_7897.jpg	defaultimg_7897.jpg
6008	1	default_camera:same_core	103.48	img_7921.jpg	defaultimg_7921.jpg
6007	1	default_camera:same_core	98.63	img_7916.jpg	defaultimg_7916.jpg
6006	1	default_camera:same_core	89.11	img_7913.jpg	defaultimg_7913.jpg
6005	1	default_camera:same_core	104.53	img_7888.jpg	defaultimg_7888.jpg
6004	1	default_camera:same_core	140.25	img_7918.jpg	defaultimg_7918.jpg
6003	1	default_camera:same_core	114.25	img_7901.jpg	defaultimg_7901.jpg
6002	1	default_camera:same_core	104.54	img_7906.jpg	defaultimg_7906.jpg
6000	1	default_camera:same_core	93.85	img_7905.jpg	defaultimg_7905.jpg
5999	1	default_camera:same_core	155.21	img_7899.jpg	defaultimg_7899.jpg
5998	1	default_camera:same_core	121.4	img_7895.jpg	defaultimg_7895.jpg
5997	1	default_camera:same_core	104.96	img_7887.jpg	defaultimg_7887.jpg
5996	1	default_camera:same_core	191.68	img_7900.jpg	defaultimg_7900.jpg
5995	1	default_camera:same_core	89.2	img_7890.jpg	defaultimg_7890.jpg
5994	1	default_camera:same_core	118.59	img_7896.jpg	defaultimg_7896.jpg
5993	1	default_camera:same_core	96.85	img_7902.jpg	defaultimg_7902.jpg
5992	1	default_camera:same_core	88.99	img_7886.jpg	defaultimg_7886.jpg
5991	1	default_camera:same_core	102.32	img_7876.jpg	defaultimg_7876.jpg
5990	1	default_camera:same_core	95.89	img_7883.jpg	defaultimg_7883.jpg
5989	1	default_camera:same_core	79.43	img_7870.jpg	defaultimg_7870.jpg
5988	1	default_camera:same_core	105.15	img_7879.jpg	defaultimg_7879.jpg
5987	1	default_camera:same_core	99.11	img_7884.jpg	defaultimg_7884.jpg
5986	1	default_camera:same_core	106.82	img_7878.jpg	defaultimg_7878.jpg
5985	1	default_camera:same_core	113.36	img_7885.jpg	defaultimg_7885.jpg
5984	1	default_camera:same_core	96.45	img_7864.jpg	defaultimg_7864.jpg
5983	1	default_camera:same_core	97.52	img_7881.jpg	defaultimg_7881.jpg
5982	1	default_camera:same_core	85.35	img_7865.jpg	defaultimg_7865.jpg
5981	1	default_camera:same_core	91.62	img_7826.jpg	defaultimg_7826.jpg
5980	1	default_camera:same_core	94.14	img_7877.jpg	defaultimg_7877.jpg
5979	1	default_camera:same_core	94.69	img_7863.jpg	defaultimg_7863.jpg
5978	1	default_camera:same_core	85.48	img_7836.jpg	defaultimg_7836_modified.jpg
5977	1	default_camera:same_core	96.46	img_7835.jpg	defaultimg_7835.jpg
5976	1	default_camera:same_core	86.67	img_7827.jpg	defaultimg_7827.jpg
5975	1	default_camera:same_core	82.01	img_7837.jpg	defaultimg_7837.jpg
5974	2	default_camera:same_core	90.78	img_7833.jpg	defaultimg_7829.jpg
5973	1	default_camera:same_core	93.81	img_7834.jpg	defaultimg_7834.jpg
5972	1	default_camera:same_core	85.61	img_7832.jpg	defaultimg_7832.jpg
5971	2	default_camera:same_core	87.99	img_7831.jpg	defaultimg_7830.jpg
5970	1	default_other:same_core	67.75	2136.jpg	default2136.jpg
5969	1	default_camera:same_core	87.23	img_7861.jpg	defaultimg_7861.jpg
5968	1	default_camera:same_core	94.85	img_7825.jpg	defaultimg_7825.jpg
5967	1	default_camera:same_core	141.1	img_7798.jpg	defaultimg_7798.jpg
5966	1	default_camera:same_core	97.55	img_7818.jpg	defaultimg_7818.jpg
5965	1	default_camera:same_core	99.59	img_7816.jpg	defaultimg_7816.jpg
5964	1	default_camera:same_core	98.6	img_7824.jpg	defaultimg_7824.jpg
5963	1	default_camera:same_core	108.22	img_7820.jpg	defaultimg_7820.jpg
5962	1	default_camera:same_core	90.01	img_7819.jpg	defaultimg_7819.jpg
5961	1	default_camera:same_core	121.91	img_7813.jpg	defaultimg_7813.jpg
5960	1	default_camera:same_core	113.47	img_7811.jpg	defaultimg_7811.jpg
5959	1	default_camera:same_core	109.15	img_7822.jpg	defaultimg_7822.jpg
5958	1	default_camera:same_core	111.24	img_7817.jpg	defaultimg_7817.jpg
5957	1	default_camera:same_core	104.78	img_7823.jpg	defaultimg_7823.jpg
5956	1	default_camera:same_core	140.49	img_7792.jpg	defaultimg_7792.jpg
5955	1	default_other:same_core	54.64	1832.jpg	default1832.jpg
5954	1	default_camera:same_core	116.85	img_7812.jpg	defaultimg_7812.jpg
5953	1	default_camera:same_core	187.15	img_7787.jpg	defaultimg_7787.jpg
5952	1	default_camera:same_core	132.27	img_7799.jpg	defaultimg_7799.jpg
5951	1	timestamp_rendition:same_id	28.05	img_20221003_143822.jpg	20221003-143822.jpg
5950	1	timestamp_rendition:same_id	55.66	img_20221003_151421.jpg	20221003-151421.jpg
5949	1	timestamp_rendition:same_id	64.77	img_20221003_133515.jpg	20221003-133515.jpg
5948	1	timestamp_rendition:same_id	30.82	img_20221003_141150.jpg	20221003-141150.jpg
5947	1	default_camera:same_core	177.19	img_7785.jpg	defaultimg_7785.jpg
5946	1	timestamp_rendition:same_id	43.16	img_20221003_153000.jpg	20221003-153000.jpg
5945	1	default_camera:same_core	138.26	img_7769.jpg	defaultimg_7769.jpg
5944	1	timestamp_rendition:same_id	27.48	img_20221003_185337.jpg	20221003-185337.jpg
5943	1	default_camera:same_core	154.73	img_7765.jpg	defaultimg_7765.jpg
5941	1	default_other:same_core	54.35	1784.jpg	default1784.jpg
5940	1	default_camera:same_core	97.51	img_7756.jpg	defaultimg_7756.jpg
5939	1	timestamp_rendition:same_id	68.66	img_20221003_122858.jpg	20221003-122858.jpg
5938	1	default_camera:same_core	176.34	img_7771.jpg	defaultimg_7771.jpg
5937	1	timestamp_rendition:same_id	33.52	img_20221003_144506.jpg	20221003-144506.jpg
5936	1	default_camera:same_core	181.98	img_7770.jpg	defaultimg_7770.jpg
5935	1	default_camera:same_core	241.67	img_7773.jpg	defaultimg_7773.jpg
5934	1	timestamp_rendition:same_id	62.49	img_20221003_133435.jpg	20221003-133435.jpg
5933	1	timestamp_rendition:same_id	34.28	img_20221003_134559.jpg	20221003-134559.jpg
5932	1	timestamp_rendition:same_id	40.78	img_20221003_133731.jpg	20221003-133731.jpg
5931	1	default_camera:same_core	131.49	img_7768.jpg	defaultimg_7768.jpg
5930	1	timestamp_rendition:same_id	30.3	img_20221003_140817.jpg	20221003-140817.jpg
5929	1	default_camera:same_core	114.08	img_7749.jpg	defaultimg_7749.jpg
5928	1	timestamp_rendition:same_id	52.91	img_20221003_134159.jpg	20221003-134159.jpg
5927	1	default_shotwell:same_core	452.38	img_7733.cr2	defaultimg_7733_cr2_shotwell.jpg
5926	1	timestamp_rendition:same_id	32.55	img_20221003_141118.jpg	20221003-141118.jpg
5925	1	timestamp_rendition:same_id	43.75	img_20221003_142301.jpg	20221003-142301.jpg
5924	1	timestamp_rendition:same_id	64.43	img_20221003_133715.jpg	20221003-133715.jpg
5923	1	default_camera:same_core	105.89	img_7748.jpg	defaultimg_7748.jpg
5922	1	default_shotwell:same_core	422.17	img_7735.cr2	defaultimg_7735_cr2_shotwell.jpg
5921	1	timestamp_rendition:same_id	70.11	img_20221003_152600.jpg	20221003-152600.jpg
5920	1	timestamp_rendition:same_id	62.04	img_20221003_141350.jpg	20221003-141350.jpg
5918	1	default_shotwell:same_core	137.89	img_7723_cr2_shotwell.jpg	defaultimg_7723_cr2_shotwell.jpg
5917	1	timestamp_rendition:same_id	60.01	img_20221003_142936.jpg	20221003-142936.jpg
5916	1	timestamp_rendition:same_id	61.53	img_20221003_135500.jpg	20221003-135500.jpg
5915	1	default_camera:same_core	100.0	img_7729.jpg	defaultimg_7729.jpg
5914	1	timestamp_rendition:same_id	79.91	img_20221003_153002.jpg	20221003-153002.jpg
5913	1	timestamp_rendition:same_id	60.76	img_20221003_133708.jpg	20221003-133708.jpg
5912	1	timestamp_rendition:same_id	42.15	img_20221003_152610.jpg	20221003-152610.jpg
5911	1	default_camera:same_core	104.83	img_7730.jpg	defaultimg_7730.jpg
5910	1	timestamp_rendition:same_id	30.7	img_20221003_133208.jpg	20221003-133208.jpg
5909	1	timestamp_rendition:same_id	32.66	img_20221003_143211.jpg	20221003-143211.jpg
5908	1	timestamp_rendition:same_id	35.89	img_20221003_141955.jpg	20221003-141955.jpg
5907	1	default_other:same_core	51.3	1495.jpg	default1495.jpg
5905	1	timestamp_rendition:same_id	32.49	img_20221003_135208.jpg	20221003-135208.jpg
5904	1	timestamp_rendition:same_id	65.0	img_20221003_134024.jpg	20221003-134024.jpg
5903	1	timestamp_rendition:same_id	30.87	img_20221003_140719.jpg	20221003-140719.jpg
5902	1	timestamp_rendition:same_id	52.81	img_20221003_142622.jpg	20221003-142622.jpg
5901	1	default_camera:same_core	102.66	img_7653.jpg	defaultimg_7653.jpg
5900	1	timestamp_rendition:same_id	33.45	img_20221003_140517.jpg	20221003-140517.jpg
5899	1	timestamp_rendition:same_id	32.47	img_20221003_141114.jpg	20221003-141114.jpg
5898	1	timestamp_rendition:same_id	66.98	img_20221003_152605.jpg	20221003-152605.jpg
5896	1	timestamp_rendition:same_id	32.87	img_20221003_140525.jpg	20221003-140525.jpg
5894	1	timestamp_rendition:same_id	59.94	img_20221003_134610.jpg	20221003-134610.jpg
5892	1	timestamp_rendition:same_id	49.54	img_20221003_142028.jpg	20221003-142028.jpg
5890	1	timestamp_rendition:same_id	57.31	img_20221003_142910.jpg	20221003-142910.jpg
5889	1	timestamp_rendition:same_id	53.95	img_20221003_142948.jpg	20221003-142948.jpg
5887	1	timestamp_rendition:same_id	70.43	img_20221003_140643.jpg	20221003-140643.jpg
5885	1	timestamp_rendition:same_id	53.58	img_20221003_143534.jpg	20221003-143534.jpg
5882	1	timestamp_rendition:same_id	53.87	img_20221003_135906.jpg	20221003-135906.jpg
5880	10	default_other:same_core	198.29	dpp_0239.jpg	defaultdpp_0243-3.jpg
5879	1	default_other:same_core	54.82	2180.jpg	default2180.jpg
5878	1	timestamp_rendition:same_id	57.34	img_20221003_133411.jpg	20221003-133411.jpg
5877	1	timestamp_rendition:same_id	57.77	img_20221003_135058.jpg	20221003-135058.jpg
5876	1	timestamp_rendition:same_id	31.09	img_20221003_135533.jpg	20221003-135533.jpg
5874	1	timestamp_rendition:same_id	54.59	img_20221003_135528.jpg	20221003-135528.jpg
5869	1	default_other:same_core	52.22	1325.jpg	default1325.jpg
5863	1	default_other:same_core	200.59	dpp_0235.jpg	defaultdpp_0235-3.jpg
5861	1	default_other:same_core	51.63	1998.jpg	default1998.jpg
5855	1	default_other:same_core	50.86	1395.jpg	default1395.jpg
5853	1	default_shotwell:same_core	267.95	img_7553.cr2	defaultimg_7553_cr2_shotwell.jpg
5852	1	default_other:same_core	137.49	dpp_0234.jpg	defaultdpp_0234-3.jpg
5850	1	default_shotwell:same_core	336.62	img_7549.cr2	defaultimg_7549_cr2_shotwell.jpg
5849	1	default_shotwell:same_core	65.68	img_7552_cr2_shotwell.jpg	defaultimg_7552_cr2_shotwell.jpg
5847	1	default_shotwell:same_core	347.62	img_7545.cr2	defaultimg_7545_cr2_shotwell.jpg
5842	1	default_other:same_core	46.15	1224.jpg	default1224.jpg
5839	1	default_other:same_core	133.13	dpp_0233.jpg	defaultdpp_0233-3.jpg
5833	1	default_other:same_core	62.36	1479.jpg	default1479.jpg
5829	1	default_other:same_core	155.29	dpp_0232.jpg	defaultdpp_0232-3.jpg
5826	1	default_other:same_core	58.19	1870.jpg	default1870.jpg
5822	1	default_other:same_core	156.24	dpp_0231.jpg	defaultdpp_0231-3.jpg
5799	1	default_other:same_core	137.57	dpp_0230.jpg	defaultdpp_0230-3.jpg
5775	1	default_other:same_core	151.81	dpp_0229.jpg	defaultdpp_0229-3.jpg
5766	1	default_other:same_core	159.5	dpp_0228.jpg	defaultdpp_0228-3.jpg
5761	1	timestamp_rendition:same_id	33.46	img_20221002_140931.jpg	20221002-140931.jpg
5756	1	timestamp_rendition:same_id	59.23	img_20221002_141404.jpg	20221002-141404.jpg
5755	2	timestamp_rendition:same_id	55.32	img_20221002_140926.jpg	20221002-140926.jpg
5753	1	timestamp_rendition:same_id	55.09	img_20221002_103248.jpg	20221002-103248.jpg
5752	1	timestamp_rendition:same_id	67.97	img_20221002_172519.jpg	20221002-172519.jpg
5750	1	timestamp_rendition:same_id	68.99	img_20221002_132933.jpg	20221002-132933.jpg
5748	1	timestamp_rendition:same_id	68.82	img_20221002_134903.jpg	20221002-134903.jpg
5744	1	default_other:same_core	77.92	2177.jpg	default2177.jpg
5742	1	default_other:same_core	165.35	dpp_0226.jpg	defaultdpp_0226-3.jpg
5737	1	timestamp_rendition:same_id	36.1	img_20220927_191413.jpg	20220927-191413.jpg
5733	1	default_other:same_core	155.13	dpp_0227.jpg	defaultdpp_0227-3.jpg
5730	1	timestamp_rendition:same_id	59.2	img_20220927_191346.jpg	20220927-191346.jpg
5729	1	timestamp_rendition:same_id	67.43	img_20220927_191338.jpg	20220927-191338.jpg
5725	1	default_other:same_core	142.73	dpp_0225.jpg	defaultdpp_0225-3.jpg
5721	1	default_other:same_core	87.51	1358.jpg	default1358.jpg
5717	1	default_other:same_core	87.8	1271.jpg	default1271.jpg
5716	1	default_other:same_core	142.09	dpp_0224.jpg	defaultdpp_0224-3.jpg
5710	1	default_other:same_core	64.99	1335.jpg	default1335.jpg
5709	1	default_other:same_core	136.02	dpp_0217.jpg	defaultdpp_0217-3.jpg
5707	1	default_other:same_core	58.71	1315.jpg	default1315.jpg
5705	1	timestamp_rendition:same_id	41.58	img_20220925_200442.jpg	20220925-200442.jpg
5704	1	default_other:same_core	166.98	dpp_0216.jpg	defaultdpp_0216-3.jpg
5702	1	default_other:same_core	102.67	1322.jpg	default1322.jpg
5699	1	default_other:same_core	153.69	dpp_0222.jpg	defaultdpp_0222-3.jpg
5698	1	timestamp_rendition:same_id	55.61	img_20220921_122705.jpg	20220921-122705.jpg
5697	1	default_other:same_core	156.14	dpp_0220.jpg	defaultdpp_0220-3.jpg
5695	1	timestamp_rendition:same_id	58.09	img_20220919_194031.jpg	20220919-194031.jpg
5692	1	default_other:same_core	91.35	1622.jpg	default1622.jpg
5688	1	default_other:same_core	73.06	1183.jpg	default1183.jpg
5687	1	default_other:same_core	153.23	dpp_0219.jpg	defaultdpp_0219-3.jpg
5685	1	timestamp_rendition:same_id	340.61	img_20220918_204802.jpg	20220918-204802.jpg
5681	1	default_other:same_core	134.68	dpp_0223.jpg	defaultdpp_0223-3.jpg
5679	1	default_other:same_core	174.26	dpp_0221.jpg	defaultdpp_0221-3.jpg
5678	1	default_other:same_core	70.24	1189.jpg	default1189.jpg
5675	1	default_other:same_core	159.31	dpp_0218.jpg	defaultdpp_0218-3.jpg
5667	1	default_other:same_core	170.05	dpp_0215.jpg	defaultdpp_0215-3.jpg
5665	1	default_other:same_core	175.02	dpp_0214.jpg	defaultdpp_0214-3.jpg
5661	1	default_other:same_core	104.97	1914.jpg	default1914.jpg
5660	1	default_other:same_core	130.97	dpp_0213.jpg	defaultdpp_0213-3.jpg
5659	1	default_camera:same_core	78.04	img_7177.jpg	defaultimg_7177.jpg
5658	1	default_camera:same_core	89.05	img_7174.jpg	defaultimg_7174.jpg
5657	1	default_camera:same_core	92.61	img_7173.jpg	defaultimg_7173.jpg
5656	1	default_camera:same_core	85.63	img_7171.jpg	defaultimg_7171.jpg
5655	1	default_camera:same_core	97.03	img_7169.jpg	defaultimg_7169.jpg
5654	1	default_camera:same_core	88.75	img_7166.jpg	defaultimg_7166.jpg
5653	1	default_camera:same_core	84.81	img_7167.jpg	defaultimg_7167.jpg
5652	1	default_other:same_core	54.43	1910.jpg	default1910.jpg
5651	1	default_camera:same_core	87.31	img_7170.jpg	defaultimg_7170.jpg
5650	1	default_camera:same_core	84.47	img_7165.jpg	defaultimg_7165.jpg
5649	1	default_camera:same_core	97.93	img_7168.jpg	defaultimg_7168.jpg
5648	1	default_camera:same_core	89.73	img_7172.jpg	defaultimg_7172.jpg
5647	1	default_camera:same_core	97.65	img_7161.jpg	defaultimg_7161.jpg
5646	1	default_camera:same_core	109.64	img_7157.jpg	defaultimg_7157.jpg
5645	1	default_camera:same_core	90.85	img_7163.jpg	defaultimg_7163.jpg
5644	1	default_camera:same_core	99.66	img_7159.jpg	defaultimg_7159.jpg
5643	1	default_camera:same_core	88.92	img_7162.jpg	defaultimg_7162.jpg
5642	1	default_other:same_core	128.1	dpp_0206.jpg	defaultdpp_0206-3.jpg
5641	1	default_camera:same_core	101.19	img_7147.jpg	defaultimg_7147.jpg
5640	1	default_camera:same_core	106.85	img_7156.jpg	defaultimg_7156.jpg
5639	1	default_camera:same_core	127.97	img_7154.jpg	defaultimg_7154.jpg
5638	1	default_camera:same_core	88.58	img_7164.jpg	defaultimg_7164.jpg
5637	1	default_camera:same_core	95.81	img_7146.jpg	defaultimg_7146.jpg
5636	1	default_camera:same_core	100.08	img_7158.jpg	defaultimg_7158.jpg
5635	1	default_camera:same_core	105.62	img_7149.jpg	defaultimg_7149.jpg
5634	1	default_camera:same_core	94.74	img_7145.jpg	defaultimg_7145.jpg
5633	1	default_camera:same_core	112.13	img_7148.jpg	defaultimg_7148.jpg
5632	1	default_camera:same_core	112.9	img_7155.jpg	defaultimg_7155.jpg
5631	1	default_camera:same_core	97.84	img_7150.jpg	defaultimg_7150.jpg
5630	1	default_camera:same_core	122.65	img_7153.jpg	defaultimg_7153.jpg
5629	1	default_camera:same_core	98.73	img_7143.jpg	defaultimg_7143.jpg
5628	1	default_camera:same_core	95.34	img_7152.jpg	defaultimg_7152.jpg
5627	1	default_camera:same_core	98.9	img_7144.jpg	defaultimg_7144.jpg
5626	1	default_camera:same_core	90.41	img_7151.jpg	defaultimg_7151.jpg
5625	1	default_camera:same_core	95.28	img_7142.jpg	defaultimg_7142.jpg
5624	1	default_camera:same_core	74.15	img_7133.jpg	defaultimg_7133.jpg
5623	1	default_camera:same_core	84.34	img_7140.jpg	defaultimg_7140.jpg
5622	1	default_camera:same_core	84.96	img_7134.jpg	defaultimg_7134.jpg
5621	1	default_camera:same_core	75.22	img_7132.jpg	defaultimg_7132.jpg
5619	1	default_camera:same_core	86.62	img_7136.jpg	defaultimg_7136.jpg
5618	1	default_camera:same_core	76.74	img_7131.jpg	defaultimg_7131.jpg
5617	1	default_camera:same_core	84.07	img_7141.jpg	defaultimg_7141.jpg
5615	1	default_camera:same_core	84.85	img_7135.jpg	defaultimg_7135.jpg
5614	1	default_camera:same_core	86.32	img_7139.jpg	defaultimg_7139.jpg
5613	1	default_camera:same_core	91.57	img_7138.jpg	defaultimg_7138.jpg
5612	1	default_camera:same_core	88.8	img_7137.jpg	defaultimg_7137.jpg
5611	1	default_camera:same_core	75.35	img_7129.jpg	defaultimg_7129.jpg
5610	1	default_camera:same_core	75.48	img_7128.jpg	defaultimg_7128.jpg
5609	1	default_camera:same_core	73.35	img_7130.jpg	defaultimg_7130.jpg
5608	1	default_other:same_core	129.86	dpp_0207.jpg	defaultdpp_0207-3.jpg
5607	1	default_camera:same_core	96.63	img_7127.jpg	defaultimg_7127.jpg
5606	1	default_camera:same_core	112.2	img_7118.jpg	defaultimg_7118.jpg
5605	1	default_camera:same_core	99.82	img_7126.jpg	defaultimg_7126.jpg
5604	1	default_camera:same_core	126.23	img_7117.jpg	defaultimg_7117.jpg
5603	3	default_camera:same_core	84.07	img_7122.jpg	defaultimg_7121.jpg
5602	1	default_camera:same_core	110.35	img_7119.jpg	defaultimg_7119.jpg
5601	1	default_camera:same_core	84.65	img_7114.jpg	defaultimg_7114.jpg
5600	1	default_camera:same_core	138.96	img_7116.jpg	defaultimg_7116.jpg
5598	1	default_camera:same_core	151.61	img_7115.jpg	defaultimg_7115.jpg
5597	1	default_other:same_core	49.3	1932.jpg	default1932.jpg
5596	1	default_camera:same_core	86.55	img_7113.jpg	defaultimg_7113.jpg
5595	1	default_camera:same_core	84.35	img_7107.jpg	defaultimg_7107.jpg
5594	5	default_camera:same_core	85.76	img_7110.jpg	defaultimg_7110.jpg
5593	2	default_camera:same_core	82.87	img_7105.jpg	defaultimg_7104.jpg
5592	1	default_camera:same_core	79.54	img_7106.jpg	defaultimg_7106.jpg
5591	3	default_camera:same_core	112.76	img_7101.jpg	defaultimg_7102.jpg
5590	4	default_camera:same_core	121.08	img_7099.jpg	defaultimg_7100.jpg
5589	1	default_camera:same_core	86.0	img_7094.jpg	defaultimg_7094.jpg
5586	2	default_camera:same_core	97.26	img_7075.jpg	defaultimg_7078.jpg
5585	1	default_camera:same_core	84.03	img_7083.jpg	defaultimg_7083.jpg
5584	1	default_camera:same_core	87.34	img_7081.jpg	defaultimg_7081.jpg
5583	1	default_camera:same_core	88.05	img_7079.jpg	defaultimg_7079.jpg
5582	1	default_camera:same_core	83.93	img_7080.jpg	defaultimg_7080.jpg
5581	1	default_camera:same_core	94.53	img_7076.jpg	defaultimg_7076.jpg
5580	1	default_camera:same_core	96.15	img_7077.jpg	defaultimg_7077.jpg
5579	1	default_camera:same_core	94.77	img_7084.jpg	defaultimg_7084.jpg
5578	1	default_camera:same_core	86.03	img_7082.jpg	defaultimg_7082.jpg
5577	1	default_camera:same_core	90.09	img_7070.jpg	defaultimg_7070.jpg
5576	1	default_camera:same_core	84.77	img_7060.jpg	defaultimg_7060.jpg
5575	1	default_camera:same_core	78.3	img_7068.jpg	defaultimg_7068.jpg
5574	1	default_camera:same_core	81.62	img_7067.jpg	defaultimg_7067.jpg
5573	2	default_other:same_core	147.63	dpp_0204.jpg	defaultdpp_0205-3.jpg
5572	1	default_camera:same_core	102.98	img_7072.jpg	defaultimg_7072.jpg
5571	1	default_camera:same_core	85.39	img_7069.jpg	defaultimg_7069.jpg
5570	2	default_camera:same_core	90.98	img_7065.jpg	defaultimg_7066.jpg
5569	1	default_camera:same_core	97.65	img_7073.jpg	defaultimg_7073.jpg
5568	1	default_camera:same_core	85.57	img_7056.jpg	defaultimg_7056.jpg
5567	1	default_camera:same_core	88.85	img_7064.jpg	defaultimg_7064.jpg
5566	1	default_camera:same_core	91.17	img_7054.jpg	defaultimg_7054.jpg
5565	1	default_camera:same_core	83.66	img_7059.jpg	defaultimg_7059.jpg
5564	2	default_camera:same_core	108.03	img_7062.jpg	defaultimg_7063.jpg
5563	1	default_camera:same_core	83.56	img_7061.jpg	defaultimg_7061.jpg
5561	2	default_camera:same_core	91.17	img_7058.jpg	defaultimg_7057.jpg
5560	1	default_camera:same_core	95.5	img_7055.jpg	defaultimg_7055.jpg
5557	1	default_camera:same_core	106.53	img_7039.jpg	defaultimg_7039.jpg
5556	1	default_camera:same_core	100.51	img_7026.jpg	defaultimg_7026.jpg
5555	1	default_camera:same_core	83.92	img_7038.jpg	defaultimg_7038.jpg
5554	1	default_camera:same_core	100.25	img_7036.jpg	defaultimg_7036.jpg
5553	1	timestamp_rendition:same_core	30.23	img_20180103_163832_0186.jpg	20180103-163832.jpg
5552	1	default_camera:same_core	102.86	img_7040.jpg	defaultimg_7040.jpg
5551	1	default_camera:same_core	103.39	img_7033.jpg	defaultimg_7033.jpg
5550	1	default_camera:same_core	106.24	img_7037.jpg	defaultimg_7037.jpg
5549	1	default_camera:same_core	106.31	img_7034.jpg	defaultimg_7034.jpg
5548	1	default_camera:same_core	88.21	img_7032.jpg	defaultimg_7032.jpg
5547	1	default_other:same_core	128.98	dpp_0208.jpg	defaultdpp_0208-3.jpg
5546	1	default_camera:same_core	85.65	img_7025.jpg	defaultimg_7025.jpg
5545	1	default_camera:same_core	113.25	img_7029.jpg	defaultimg_7029.jpg
5544	1	default_camera:same_core	81.71	img_7016.jpg	defaultimg_7016.jpg
5543	1	default_camera:same_core	105.03	img_7035.jpg	defaultimg_7035.jpg
5542	1	default_other:same_core	58.99	1849.jpg	default1849.jpg
5541	1	default_camera:same_core	116.59	img_7030.jpg	defaultimg_7030.jpg
5540	1	default_camera:same_core	98.66	img_7031.jpg	defaultimg_7031.jpg
5539	1	default_camera:same_core	100.97	img_7028.jpg	defaultimg_7028.jpg
5538	1	default_camera:same_core	93.99	img_7027.jpg	defaultimg_7027.jpg
5537	1	default_camera:same_core	86.6	img_7024.jpg	defaultimg_7024.jpg
5536	1	default_camera:same_core	94.78	img_7015.jpg	defaultimg_7015.jpg
5535	1	default_camera:same_core	88.73	img_7023.jpg	defaultimg_7023.jpg
5534	2	default_camera:same_core	94.98	img_7021.jpg	defaultimg_7022.jpg
5533	4	default_camera:same_core	101.22	img_7018.jpg	defaultimg_7019.jpg
5532	1	default_other:same_core	137.76	dpp_0209.jpg	defaultdpp_0209-3.jpg
5531	1	default_camera:same_core	109.47	img_6989.jpg	defaultimg_6989.jpg
5530	17	default_camera:same_core	102.28	img_7006.jpg	defaultimg_6999.jpg
5529	1	default_camera:same_core	81.3	img_6997.jpg	defaultimg_6997.jpg
5528	1	default_camera:same_core	109.46	img_6996.jpg	defaultimg_6996.jpg
5527	1	default_camera:same_core	113.65	img_6993.jpg	defaultimg_6993.jpg
5526	5	default_camera:same_core	124.58	img_6991.jpg	defaultimg_6995.jpg
5525	1	default_camera:same_core	120.68	img_6988.jpg	defaultimg_6988.jpg
5523	1	default_camera:same_core	119.52	img_6986.jpg	defaultimg_6986.jpg
5522	1	default_camera:same_core	122.61	img_6985.jpg	defaultimg_6985.jpg
5521	1	default_camera:same_core	84.18	img_6977.jpg	defaultimg_6977.jpg
5520	1	default_camera:same_core	106.82	img_6969.jpg	defaultimg_6969.jpg
5519	1	default_camera:same_core	89.5	img_6965.jpg	defaultimg_6965.jpg
5517	1	default_camera:same_core	84.93	img_6979.jpg	defaultimg_6979.jpg
5516	1	default_camera:same_core	89.37	img_6976.jpg	defaultimg_6976.jpg
5515	1	default_camera:same_core	82.2	img_6968.jpg	defaultimg_6968.jpg
5514	1	default_camera:same_core	87.15	img_6978.jpg	defaultimg_6978.jpg
5513	1	default_camera:same_core	95.57	img_6970.jpg	defaultimg_6970.jpg
5512	1	default_camera:same_core	88.41	img_6980.jpg	defaultimg_6980.jpg
5511	1	default_camera:same_core	93.65	img_6963.jpg	defaultimg_6963.jpg
5510	1	default_other:same_core	123.74	dpp_0211.jpg	defaultdpp_0211-3.jpg
5509	1	default_camera:same_core	83.93	img_6966.jpg	defaultimg_6966.jpg
5508	1	default_camera:same_core	94.05	img_6962.jpg	defaultimg_6962.jpg
5506	1	default_camera:same_core	85.33	img_6967.jpg	defaultimg_6967.jpg
5505	1	default_camera:same_core	90.67	img_6964.jpg	defaultimg_6964.jpg
5504	5	default_camera:same_core	96.86	img_6972.jpg	defaultimg_6975.jpg
5503	1	default_camera:same_core	93.91	img_6961.jpg	defaultimg_6961.jpg
5502	1	default_camera:same_core	96.34	img_6959.jpg	defaultimg_6959.jpg
5501	1	default_other:same_core	74.11	1240.jpg	default1240.jpg
5500	1	default_camera:same_core	89.63	img_6958.jpg	defaultimg_6958.jpg
5499	1	default_camera:same_core	126.96	img_6938.jpg	defaultimg_6938.jpg
5498	1	default_camera:same_core	81.1	img_6939.jpg	defaultimg_6939.jpg
5497	1	default_camera:same_core	95.38	img_6960.jpg	defaultimg_6960.jpg
5495	1	default_camera:same_core	101.95	img_6941.jpg	defaultimg_6941.jpg
5493	1	default_camera:same_core	98.37	img_6936.jpg	defaultimg_6936.jpg
5492	1	default_other:same_core	140.75	dpp_0212.jpg	defaultdpp_0212-3.jpg
5491	1	default_camera:same_core	85.76	img_6940.jpg	defaultimg_6940.jpg
5490	1	default_camera:same_core	111.84	img_6937.jpg	defaultimg_6937.jpg
5489	1	default_camera:same_core	109.66	img_6933.jpg	defaultimg_6933.jpg
5488	1	default_camera:same_core	112.68	img_6924.jpg	defaultimg_6924.jpg
5487	1	default_camera:same_core	112.87	img_6934.jpg	defaultimg_6934.jpg
5486	1	default_other:same_core	52.41	1710.jpg	default1710.jpg
5485	1	default_camera:same_core	76.4	img_6935.jpg	defaultimg_6935.jpg
5484	1	default_camera:same_core	95.36	img_6905.jpg	defaultimg_6905.jpg
5482	1	default_camera:same_core	91.13	img_6913.jpg	defaultimg_6913.jpg
5481	1	default_camera:same_core	82.29	img_6912.jpg	defaultimg_6912.jpg
5480	1	default_camera:same_core	109.6	img_6910.jpg	defaultimg_6910.jpg
5478	1	default_camera:same_core	81.78	img_6908.jpg	defaultimg_6908.jpg
5477	1	default_camera:same_core	87.92	img_6906.jpg	defaultimg_6906.jpg
5476	1	default_camera:same_core	115.43	img_6911.jpg	defaultimg_6911.jpg
5475	1	default_other:same_core	153.23	dpp_0210.jpg	defaultdpp_0210-3.jpg
5474	1	default_camera:same_core	90.22	img_6909.jpg	defaultimg_6909.jpg
5473	1	default_camera:same_core	88.27	img_6907.jpg	defaultimg_6907.jpg
5472	1	default_camera:same_core	78.32	img_6900.jpg	defaultimg_6900.jpg
5471	1	default_other:same_core	23.02	1630.jpg	default1630.jpg
5470	1	default_camera:same_core	93.0	img_6904.jpg	defaultimg_6904.jpg
5469	1	default_camera:same_core	78.32	img_6902.jpg	defaultimg_6902.jpg
5468	1	default_camera:same_core	77.84	img_6893.jpg	defaultimg_6893.jpg
5467	1	default_camera:same_core	79.75	img_6894.jpg	defaultimg_6894.jpg
5466	1	default_camera:same_core	93.9	img_6901.jpg	defaultimg_6901.jpg
5465	1	default_camera:same_core	81.3	img_6892.jpg	defaultimg_6892.jpg
5464	1	default_camera:same_core	86.2	img_6895.jpg	defaultimg_6895.jpg
5463	1	default_camera:same_core	80.87	img_6897.jpg	defaultimg_6897.jpg
5462	1	default_camera:same_core	80.83	img_6899.jpg	defaultimg_6899.jpg
5461	1	default_camera:same_core	87.74	img_6896.jpg	defaultimg_6896.jpg
5460	1	default_camera:same_core	80.67	img_6898.jpg	defaultimg_6898.jpg
5459	2	default_camera:same_core	93.24	img_6891.jpg	defaultimg_6890.jpg
5458	1	default_camera:same_core	78.67	img_6878.jpg	defaultimg_6878.jpg
5457	1	default_camera:same_core	81.87	img_6884.jpg	defaultimg_6884.jpg
5456	1	default_camera:same_core	94.06	img_6875.jpg	defaultimg_6875.jpg
5455	1	default_camera:same_core	86.71	img_6885.jpg	defaultimg_6885.jpg
5454	1	default_camera:same_core	82.5	img_6880.jpg	defaultimg_6880.jpg
5453	1	default_camera:same_core	97.52	img_6883.jpg	defaultimg_6883.jpg
5452	2	default_camera:same_core	95.58	img_6888.jpg	defaultimg_6889.jpg
5451	1	default_camera:same_core	80.43	img_6881.jpg	defaultimg_6881.jpg
5450	1	default_camera:same_core	78.88	img_6882.jpg	defaultimg_6882.jpg
5448	1	default_camera:same_core	80.8	img_6879.jpg	defaultimg_6879.jpg
5447	1	default_other:same_core	46.43	1885.jpg	default1885.jpg
5446	2	default_camera:same_core	90.61	img_6876.jpg	defaultimg_6877.jpg
5445	2	default_camera:same_core	105.02	img_6868.jpg	defaultimg_6868.jpg
5444	1	default_other:same_core	26.5	2199.jpg	default2199.jpg
5443	1	default_camera:same_core	293.64	img_6872.jpg	defaultimg_6872.jpg
5442	1	default_camera:same_core	104.67	img_6870.jpg	defaultimg_6870.jpg
5441	1	default_camera:same_core	104.1	img_6867.jpg	defaultimg_6867.jpg
5440	1	default_camera:same_core	80.52	img_6858.jpg	defaultimg_6858.jpg
5439	1	default_camera:same_core	94.31	img_6843.jpg	defaultimg_6843.jpg
5436	1	default_camera:same_core	101.26	img_6857.jpg	defaultimg_6857.jpg
5434	1	default_other:same_core	25.47	1518.jpg	default1518.jpg
5433	1	default_camera:same_core	99.81	img_6856.jpg	defaultimg_6856.jpg
5432	1	default_camera:same_core	77.03	img_6855.jpg	defaultimg_6855.jpg
5431	1	default_camera:same_core	78.63	img_6853.jpg	defaultimg_6853.jpg
5430	1	default_camera:same_core	78.65	img_6852.jpg	defaultimg_6852.jpg
5429	1	default_camera:same_core	79.28	img_6854.jpg	defaultimg_6854.jpg
5428	1	default_camera:same_core	86.22	img_6849.jpg	defaultimg_6849.jpg
5427	1	default_camera:same_core	85.59	img_6848.jpg	defaultimg_6848.jpg
5426	1	default_camera:same_core	82.22	img_6850.jpg	defaultimg_6850.jpg
5425	1	default_camera:same_core	85.75	img_6845.jpg	defaultimg_6845.jpg
5424	1	timestamp_rendition:same_id	70.68	img_20220916_150310.jpg	20220916-150310.jpg
5423	1	default_other:same_core	129.74	dpp_0202.jpg	defaultdpp_0202-3.jpg
5422	1	default_camera:same_core	85.31	img_6847.jpg	defaultimg_6847.jpg
5421	1	default_camera:same_core	81.91	img_6851.jpg	defaultimg_6851.jpg
5420	1	default_camera:same_core	85.54	img_6846.jpg	defaultimg_6846.jpg
5419	1	default_camera:same_core	76.43	img_6839.jpg	defaultimg_6839.jpg
5418	1	default_camera:same_core	78.4	img_6841.jpg	defaultimg_6841.jpg
5417	1	default_other:same_core	30.57	2128.jpg	default2128.jpg
5416	1	default_camera:same_core	79.08	img_6840.jpg	defaultimg_6840.jpg
5415	1	default_camera:same_core	79.51	img_6837.jpg	defaultimg_6837.jpg
5414	1	default_camera:same_core	77.87	img_6838.jpg	defaultimg_6838.jpg
5413	1	default_camera:same_core	95.43	img_6842.jpg	defaultimg_6842.jpg
5412	1	default_camera:same_core	90.5	img_6844.jpg	defaultimg_6844.jpg
5411	1	default_camera:same_core	81.11	img_6836.jpg	defaultimg_6836.jpg
5410	1	default_camera:same_core	83.16	img_6835.jpg	defaultimg_6835.jpg
5409	1	default_other:same_core	27.67	2045.jpg	default2045.jpg
5408	2	default_camera:same_core	89.28	img_6829.jpg	defaultimg_6829.jpg
5407	2	default_camera:same_core	89.65	img_6827.jpg	defaultimg_6826.jpg
5406	1	default_camera:same_core	86.67	img_6825.jpg	defaultimg_6825.jpg
5405	2	default_camera:same_core	86.59	img_6833.jpg	defaultimg_6834.jpg
5404	1	default_camera:same_core	140.64	img_6817.jpg	defaultimg_6817.jpg
5403	2	default_camera:same_core	87.34	img_6830.jpg	defaultimg_6830.jpg
5402	1	default_camera:same_core	83.65	img_6832.jpg	defaultimg_6832.jpg
5401	1	default_camera:same_core	76.9	img_6824.jpg	defaultimg_6824.jpg
5400	1	default_camera:same_core	70.84	img_6823.jpg	defaultimg_6823.jpg
5399	2	default_camera:same_core	90.82	img_6820.jpg	defaultimg_6821.jpg
5398	1	default_camera:same_core	100.2	img_6814.jpg	defaultimg_6814.jpg
5397	1	default_camera:same_core	78.69	img_6818.jpg	defaultimg_6818.jpg
5396	2	default_camera:same_core	103.23	img_6819.jpg	defaultimg_6822.jpg
5395	1	default_other:same_core	119.03	dpp_0200.jpg	defaultdpp_0200-3.jpg
5394	1	default_camera:same_core	77.32	img_6803.jpg	defaultimg_6803.jpg
5393	1	default_camera:same_core	89.05	img_6815.jpg	defaultimg_6815.jpg
5392	1	default_camera:same_core	86.33	img_6813.jpg	defaultimg_6813.jpg
5391	1	default_other:same_core	35.78	2141.jpg	default2141.jpg
5390	1	default_camera:same_core	84.23	img_6804.jpg	defaultimg_6804.jpg
5389	1	default_camera:same_core	133.01	img_6812.jpg	defaultimg_6812.jpg
5388	1	default_camera:same_core	97.67	img_6809.jpg	defaultimg_6809.jpg
5387	3	default_camera:same_core	100.89	img_6806.jpg	defaultimg_6805.jpg
5386	1	default_camera:same_core	155.93	img_6811.jpg	defaultimg_6811.jpg
5385	1	default_camera:same_core	98.32	img_6808.jpg	defaultimg_6808.jpg
5384	1	default_camera:same_core	96.97	img_6800.jpg	defaultimg_6800.jpg
5383	2	default_camera:same_core	80.58	img_6801.jpg	defaultimg_6801.jpg
5382	1	default_camera:same_core	95.48	img_6799.jpg	defaultimg_6799.jpg
5381	1	default_camera:same_core	96.15	img_6793.jpg	defaultimg_6793.jpg
5380	1	default_camera:same_core	93.39	img_6797.jpg	defaultimg_6797.jpg
5379	1	default_camera:same_core	94.98	img_6795.jpg	defaultimg_6795.jpg
5378	1	default_camera:same_core	94.0	img_6796.jpg	defaultimg_6796.jpg
5377	1	default_camera:same_core	93.78	img_6794.jpg	defaultimg_6794.jpg
5376	1	default_camera:same_core	97.13	img_6792.jpg	defaultimg_6792.jpg
5375	1	timestamp_rendition:same_id	65.63	img_20220916_150900.jpg	20220916-150900.jpg
5374	1	default_camera:same_core	95.66	img_6798.jpg	defaultimg_6798.jpg
5373	1	default_camera:same_core	97.73	img_6791.jpg	defaultimg_6791.jpg
5372	1	default_camera:same_core	98.86	img_6789.jpg	defaultimg_6789.jpg
5371	1	timestamp_rendition:same_id	59.02	img_20220916_152200.jpg	20220916-152200.jpg
5370	1	timestamp_rendition:same_id	68.22	img_20220916_145923.jpg	20220916-145923.jpg
5369	1	default_camera:same_core	83.93	img_6784.jpg	defaultimg_6784.jpg
5367	1	default_camera:same_core	98.51	img_6790.jpg	defaultimg_6790.jpg
5366	1	default_other:same_core	37.95	2099.jpg	default2099.jpg
5365	1	default_camera:same_core	70.76	img_6775.jpg	defaultimg_6775.jpg
5364	1	timestamp_rendition:same_id	56.75	img_20220916_152046.jpg	20220916-152046.jpg
5363	1	default_camera:same_core	97.89	img_6788.jpg	defaultimg_6788.jpg
5362	1	default_camera:same_core	66.67	img_6783.jpg	defaultimg_6783.jpg
5361	1	default_camera:same_core	79.79	img_6778.jpg	defaultimg_6778.jpg
5360	2	default_other:same_core	148.96	dpp_0198.jpg	defaultdpp_0203-3.jpg
5359	2	timestamp_rendition:same_id	73.4	img_20220916_153009.jpg	20220916-153006.jpg
5358	1	timestamp_rendition:same_id	71.24	img_20220916_153004.jpg	20220916-153004.jpg
5357	1	timestamp_rendition:same_id	72.58	img_20220916_150332.jpg	20220916-150332.jpg
5356	1	timestamp_rendition:same_id	68.34	img_20220916_145909.jpg	20220916-145909.jpg
5355	1	default_camera:same_core	87.18	img_6781.jpg	defaultimg_6781.jpg
5354	4	default_camera:same_core	145.32	img_6779.jpg	defaultimg_6774.jpg
5353	2	default_camera:same_core	115.04	img_6773.jpg	defaultimg_6772.jpg
5352	1	default_other:same_core	35.47	2149.jpg	default2149.jpg
5351	3	default_camera:same_core	113.81	img_6768.jpg	defaultimg_6767.jpg
5349	1	timestamp_rendition:same_id	47.32	img_20220914_120438.jpg	20220914-120438.jpg
5348	1	default_other:same_core	121.76	dpp_0201.jpg	defaultdpp_0201-3.jpg
5347	31	default_camera:same_core	121.4	img_6749.jpg	defaultimg_6752.jpg
5345	1	timestamp_rendition:same_id	63.06	img_20220913_120705.jpg	20220913-120705.jpg
5344	1	default_camera:same_core	103.17	img_6714.jpg	defaultimg_6714.jpg
5342	2	default_camera:same_core	119.83	img_6712.jpg	defaultimg_6713.jpg
5340	1	default_other:same_core	122.65	dpp_0199.jpg	defaultdpp_0199-3.jpg
5339	1	default_other:same_core	48.85	1590.jpg	default1590.jpg
5334	1	timestamp_rendition:same_id	54.15	img_20220912_174345.jpg	20220912-174345.jpg
5333	1	timestamp_rendition:same_id	48.69	img_20220912_174432.jpg	20220912-174432.jpg
5332	4	default_camera:same_core	112.33	img_6678.jpg	defaultimg_6681.jpg
5331	1	default_other:same_core	127.72	dpp_0197.jpg	defaultdpp_0197-3.jpg
5330	3	default_camera:same_core	112.43	img_6677.jpg	defaultimg_6675.jpg
5329	1	default_camera:same_core	88.52	img_6666.jpg	defaultimg_6666.jpg
5328	1	default_camera:same_core	94.12	img_6667.jpg	defaultimg_6667.jpg
5327	7	default_camera:same_core	108.89	img_6669.jpg	defaultimg_6671.jpg
5326	1	default_other:same_core	32.84	1825.jpg	default1825.jpg
5325	7	default_camera:same_core	130.64	img_6664.jpg	defaultimg_6660.jpg
5323	1	default_camera:same_core	92.78	img_6658.jpg	defaultimg_6658.jpg
5322	1	default_other:same_core	57.23	1943.jpg	default1943.jpg
5321	1	default_camera:same_core	78.73	img_6644.jpg	defaultimg_6644.jpg
5320	4	default_camera:same_core	131.02	img_6648.jpg	defaultimg_6645.jpg
5319	3	default_camera:same_core	112.97	img_6650.jpg	defaultimg_6651.jpg
5318	6	default_camera:same_core	115.99	img_6652.jpg	defaultimg_6656.jpg
5317	2	default_camera:same_core	78.21	img_6640.jpg	defaultimg_6641.jpg
5316	1	default_camera:same_core	88.81	img_6619.jpg	defaultimg_6619.jpg
5315	1	default_camera:same_core	105.56	img_6639.jpg	defaultimg_6639.jpg
5314	1	default_camera:same_core	101.58	img_6637.jpg	defaultimg_6637.jpg
5313	2	default_camera:same_core	100.78	img_6643.jpg	defaultimg_6642.jpg
5312	1	default_camera:same_core	93.93	img_6635.jpg	defaultimg_6635.jpg
5311	1	default_camera:same_core	104.92	img_6638.jpg	defaultimg_6638.jpg
5310	1	default_camera:same_core	98.26	img_6626.jpg	defaultimg_6626.jpg
5309	1	default_camera:same_core	94.72	img_6627.jpg	defaultimg_6627.jpg
5308	1	default_other:same_core	114.24	dpp_0196.jpg	defaultdpp_0196-3.jpg
5307	1	default_camera:same_core	95.28	img_6628.jpg	defaultimg_6628.jpg
5306	1	default_camera:same_core	89.29	img_6620.jpg	defaultimg_6620.jpg
5305	1	default_camera:same_core	93.48	img_6629.jpg	defaultimg_6629.jpg
5304	1	default_camera:same_core	99.21	img_6612.jpg	defaultimg_6612.jpg
5303	5	default_camera:same_core	107.19	img_6631.jpg	defaultimg_6634.jpg
5302	1	default_camera:same_core	102.67	img_6636.jpg	defaultimg_6636.jpg
5301	1	default_camera:same_core	114.58	img_6603.jpg	defaultimg_6603.jpg
5300	1	default_camera:same_core	84.29	img_6615.jpg	defaultimg_6615.jpg
5299	1	default_camera:same_core	100.79	img_6616.jpg	defaultimg_6616.jpg
5298	1	default_camera:same_core	118.47	img_6617.jpg	defaultimg_6617.jpg
5297	1	default_camera:same_core	121.28	img_6608.jpg	defaultimg_6608.jpg
5296	1	default_camera:same_core	102.26	img_6610.jpg	defaultimg_6610.jpg
5295	1	default_camera:same_core	113.79	img_6613.jpg	defaultimg_6613.jpg
5294	1	default_camera:same_core	106.78	img_6607.jpg	defaultimg_6607.jpg
5293	1	default_camera:same_core	95.46	img_6614.jpg	defaultimg_6614.jpg
5292	1	default_camera:same_core	98.72	img_6609.jpg	defaultimg_6609.jpg
5291	1	default_camera:same_core	95.39	img_6600.jpg	defaultimg_6600.jpg
5290	1	default_camera:same_core	77.24	img_6594.jpg	defaultimg_6594.jpg
5289	1	default_camera:same_core	74.45	img_6591.jpg	defaultimg_6591.jpg
5288	1	default_camera:same_core	81.94	img_6595.jpg	defaultimg_6595.jpg
5287	1	default_camera:same_core	94.57	img_6599.jpg	defaultimg_6599.jpg
5286	1	default_camera:same_core	89.45	img_6590.jpg	defaultimg_6590.jpg
5285	1	default_camera:same_core	100.42	img_6598.jpg	defaultimg_6598.jpg
5284	1	default_camera:same_core	73.57	img_6596.jpg	defaultimg_6596.jpg
5283	1	default_camera:same_core	96.93	img_6582.jpg	defaultimg_6582.jpg
5282	1	default_camera:same_core	86.59	img_6592.jpg	defaultimg_6592.jpg
5281	1	default_other:same_core	122.85	dpp_0193.jpg	defaultdpp_0193-3.jpg
5280	1	default_camera:same_core	105.64	img_6581.jpg	defaultimg_6581.jpg
5279	1	default_camera:same_core	99.14	img_6593.jpg	defaultimg_6593.jpg
5278	1	default_camera:same_core	98.84	img_6583.jpg	defaultimg_6583.jpg
5277	1	default_camera:same_core	77.31	img_6577.jpg	defaultimg_6577.jpg
5276	1	default_camera:same_core	77.69	img_6587.jpg	defaultimg_6587.jpg
5275	1	default_camera:same_core	71.08	img_6585.jpg	defaultimg_6585.jpg
5273	1	default_camera:same_core	103.61	img_6574.jpg	defaultimg_6574.jpg
5272	1	default_other:same_core	82.62	1234.jpg	default1234.jpg
5271	1	timestamp_rendition:same_id	54.98	img_20220910_132611.jpg	20220910-132611.jpg
5270	1	default_camera:same_core	96.97	img_6560.jpg	defaultimg_6560.jpg
5269	1	timestamp_rendition:same_id	53.86	img_20220910_132627.jpg	20220910-132627.jpg
5268	1	default_camera:same_core	97.45	img_6563.jpg	defaultimg_6563.jpg
5267	1	timestamp_rendition:same_id	45.8	img_20220910_130441.jpg	20220910-130441.jpg
5266	1	default_camera:same_core	99.53	img_6561.jpg	defaultimg_6561.jpg
5265	1	timestamp_rendition:same_id	53.22	img_20220910_132621.jpg	20220910-132621.jpg
5264	1	default_camera:same_core	78.46	img_6557.jpg	defaultimg_6557.jpg
5263	1	default_camera:same_core	93.25	img_6556.jpg	defaultimg_6556.jpg
5262	1	default_camera:same_core	78.56	img_6558.jpg	defaultimg_6558.jpg
5261	1	default_camera:same_core	132.4	img_6571.jpg	defaultimg_6571.jpg
5260	2	default_camera:same_core	107.42	img_6564.jpg	defaultimg_6565.jpg
5259	1	default_camera:same_core	89.26	img_6559.jpg	defaultimg_6559.jpg
5258	1	default_camera:same_core	78.14	img_6554.jpg	defaultimg_6554.jpg
5257	1	default_camera:same_core	82.68	img_6555.jpg	defaultimg_6555.jpg
5256	1	default_camera:same_core	89.65	img_6553.jpg	defaultimg_6553.jpg
5255	1	default_camera:same_core	101.7	img_6552.jpg	defaultimg_6552.jpg
5254	1	default_other:same_core	43.28	2021.jpg	default2021.jpg
5252	3	default_camera:same_core	138.08	img_6547.jpg	defaultimg_6551.jpg
5251	1	default_camera:same_core	111.63	img_6544.jpg	defaultimg_6544.jpg
5250	1	default_other:same_core	132.52	dpp_0195.jpg	defaultdpp_0195-3.jpg
5249	1	default_camera:same_core	98.21	img_6543.jpg	defaultimg_6543.jpg
5248	1	default_camera:same_core	83.72	img_6536.jpg	defaultimg_6536.jpg
5247	2	default_camera:same_core	102.85	img_6546.jpg	defaultimg_6545.jpg
5245	1	default_camera:same_core	86.7	img_6539.jpg	defaultimg_6539.jpg
5244	1	default_camera:same_core	100.28	img_6540.jpg	defaultimg_6540.jpg
5243	1	default_camera:same_core	84.04	img_6535.jpg	defaultimg_6535.jpg
5242	1	default_camera:same_core	107.24	img_6541.jpg	defaultimg_6541.jpg
5241	1	default_camera:same_core	101.52	img_6538.jpg	defaultimg_6538.jpg
5240	1	default_camera:same_core	94.69	img_6542.jpg	defaultimg_6542.jpg
5239	1	default_camera:same_core	110.07	img_6526.jpg	defaultimg_6526.jpg
5238	1	default_camera:same_core	93.12	img_6537.jpg	defaultimg_6537.jpg
5237	1	default_camera:same_core	89.5	img_6533.jpg	defaultimg_6533.jpg
5236	1	default_camera:same_core	105.76	img_6530.jpg	defaultimg_6530.jpg
5235	1	default_camera:same_core	86.49	img_6525.jpg	defaultimg_6525.jpg
5234	1	default_camera:same_core	81.13	img_6524.jpg	defaultimg_6524.jpg
5233	1	default_camera:same_core	124.16	img_6534.jpg	defaultimg_6534.jpg
5232	1	default_camera:same_core	104.87	img_6528.jpg	defaultimg_6528.jpg
5231	1	default_camera:same_core	106.35	img_6532.jpg	defaultimg_6532.jpg
5230	1	default_camera:same_core	113.55	img_6527.jpg	defaultimg_6527.jpg
5229	1	default_camera:same_core	103.57	img_6531.jpg	defaultimg_6531.jpg
5228	1	default_camera:same_core	96.92	img_6529.jpg	defaultimg_6529.jpg
5227	1	default_other:same_core	66.32	2093.jpg	default2093.jpg
5226	1	default_camera:same_core	74.85	img_6523.jpg	defaultimg_6523.jpg
5225	1	default_camera:same_core	98.39	img_6517.jpg	defaultimg_6517.jpg
5224	1	default_camera:same_core	86.31	img_6519.jpg	defaultimg_6519.jpg
5223	1	default_camera:same_core	81.82	img_6520.jpg	defaultimg_6520.jpg
5222	1	default_camera:same_core	108.45	img_6518.jpg	defaultimg_6518.jpg
5221	1	default_camera:same_core	110.44	img_6513.jpg	defaultimg_6513.jpg
5220	1	default_camera:same_core	80.09	img_6521.jpg	defaultimg_6521.jpg
5219	1	default_camera:same_core	87.19	img_6522.jpg	defaultimg_6522.jpg
5216	5	default_camera:same_core	113.34	img_6516.jpg	defaultimg_6512.jpg
5215	1	default_other:same_core	136.61	dpp_0194.jpg	defaultdpp_0194-3.jpg
5214	1	default_camera:same_core	108.02	img_6506.jpg	defaultimg_6506.jpg
5213	1	default_camera:same_core	108.25	img_6505.jpg	defaultimg_6505.jpg
5212	1	default_camera:same_core	100.12	img_6504.jpg	defaultimg_6504.jpg
5211	1	default_camera:same_core	97.72	img_6510.jpg	defaultimg_6510.jpg
5210	2	default_camera:same_core	121.49	img_6509.jpg	defaultimg_6508.jpg
5209	1	default_camera:same_core	101.24	img_6507.jpg	defaultimg_6507.jpg
5208	1	default_camera:same_core	113.65	img_6503.jpg	defaultimg_6503.jpg
5207	1	default_other:same_core	33.91	1729.jpg	default1729.jpg
5206	1	default_camera:same_core	117.8	img_6502.jpg	defaultimg_6502.jpg
5205	1	default_camera:same_core	101.99	img_6500.jpg	defaultimg_6500.jpg
5204	1	timestamp_rendition:same_core	51.92	img_20220909_194657_1.jpg	20220909-194657-2.jpg
5203	1	default_camera:same_core	123.24	img_6501.jpg	defaultimg_6501.jpg
5202	1	default_camera:same_core	103.48	img_6498.jpg	defaultimg_6498.jpg
5201	1	default_camera:same_core	78.77	img_6499.jpg	defaultimg_6499.jpg
5200	1	default_camera:same_core	134.76	img_6496.jpg	defaultimg_6496.jpg
5199	1	default_camera:same_core	92.8	img_6497.jpg	defaultimg_6497.jpg
5198	1	default_other:same_core	44.91	2166.jpg	default2166.jpg
5197	1	default_camera:same_core	131.54	img_6490.jpg	defaultimg_6490.jpg
5196	1	default_camera:same_core	135.59	img_6485.jpg	defaultimg_6485.jpg
5195	1	default_camera:same_core	133.61	img_6493.jpg	defaultimg_6493.jpg
5194	1	default_camera:same_core	88.8	img_6477.jpg	defaultimg_6477.jpg
5193	1	default_camera:same_core	97.32	img_6491.jpg	defaultimg_6491.jpg
5192	1	default_camera:same_core	107.44	img_6479.jpg	defaultimg_6479.jpg
5191	2	default_camera:same_core	133.54	img_6473.jpg	defaultimg_6473.jpg
5190	1	default_camera:same_core	123.56	img_6472.jpg	defaultimg_6472.jpg
5189	1	default_camera:same_core	88.25	img_6478.jpg	defaultimg_6478.jpg
5188	1	default_other:same_core	42.25	1627.jpg	default1627.jpg
5187	1	default_camera:same_core	92.69	img_6476.jpg	defaultimg_6476.jpg
5186	1	default_camera:same_core	104.53	img_6450.jpg	defaultimg_6450.jpg
5184	2	default_camera:same_core	162.55	img_6486.jpg	defaultimg_6487.jpg
5183	1	default_camera:same_core	111.49	img_6470.jpg	defaultimg_6470.jpg
5182	1	default_camera:same_core	110.3	img_6435.jpg	defaultimg_6435.jpg
5181	1	timestamp_rendition:same_id	52.36	img_20220909_194657.jpg	20220909-194657.jpg
5180	1	default_camera:same_core	149.03	img_6441.jpg	defaultimg_6441.jpg
5179	1	default_camera:same_core	71.63	img_6445.jpg	defaultimg_6445.jpg
5178	1	default_camera:same_core	107.02	img_6469.jpg	defaultimg_6469.jpg
5177	1	default_other:same_core	136.09	dpp_0192.jpg	defaultdpp_0192-3.jpg
5176	1	default_camera:same_core	108.62	img_6446.jpg	defaultimg_6446.jpg
5175	1	default_camera:same_core	232.54	img_6404.jpg	defaultimg_6404.jpg
5174	1	default_camera:same_core	275.1	img_6405.jpg	defaultimg_6405.jpg
5172	1	default_camera:same_core	262.41	img_6398.jpg	defaultimg_6398.jpg
5171	1	default_camera:same_core	225.18	img_6401.jpg	defaultimg_6401.jpg
5170	1	default_other:same_core	32.97	1161.jpg	default1161.jpg
5169	1	default_other:same_core	28.01	1916.jpg	default1916.jpg
5168	4	default_camera:same_core	201.14	img_6391.jpg	defaultimg_6393.jpg
5167	1	default_camera:same_core	220.81	img_6385.jpg	defaultimg_6385.jpg
5166	1	default_camera:same_core	256.15	img_6382.jpg	defaultimg_6382.jpg
5164	1	default_other:same_core	36.01	1757.jpg	default1757.jpg
5163	1	default_other:same_core	124.48	dpp_0191.jpg	defaultdpp_0191-3.jpg
5162	1	default_camera:same_core	165.06	img_6371.jpg	defaultimg_6371.jpg
5160	1	default_camera:same_core	208.67	img_6369.jpg	defaultimg_6369.jpg
5159	1	timestamp_rendition:same_id	80.93	img_20220907_073143.jpg	20220907-073143.jpg
5158	1	default_camera:same_core	193.54	img_6368.jpg	defaultimg_6368.jpg
5157	1	default_camera:same_core	208.74	img_6367.jpg	defaultimg_6367.jpg
5156	1	default_camera:same_core	177.21	img_6362.jpg	defaultimg_6362.jpg
5153	1	default_camera:same_core	229.72	img_6358.jpg	defaultimg_6358.jpg
5151	1	default_camera:same_core	234.84	img_6352.jpg	defaultimg_6352.jpg
5150	1	default_camera:same_core	269.36	img_6339.jpg	defaultimg_6339.jpg
5149	1	default_other:same_core	131.73	dpp_0189.jpg	defaultdpp_0189-3.jpg
5147	1	timestamp_rendition:same_id	65.09	img_20220907_182941.jpg	20220907-182941.jpg
5146	1	default_camera:same_core	193.27	img_6334.jpg	defaultimg_6334.jpg
5145	1	default_other:same_core	43.5	1641.jpg	default1641.jpg
5144	1	default_camera:same_core	173.52	img_6333.jpg	defaultimg_6333.jpg
5143	1	default_other:same_core	29.15	1952.jpg	default1952.jpg
5141	1	default_other:same_core	39.56	1151.jpg	default1151.jpg
5140	1	default_other:same_core	121.55	dpp_0190.jpg	defaultdpp_0190-3.jpg
5139	1	default_camera:same_core	225.24	img_6298.jpg	defaultimg_6298.jpg
5138	1	default_other:same_core	26.24	1977.jpg	default1977.jpg
5137	1	default_camera:same_core	205.84	img_6288.jpg	defaultimg_6288.jpg
5135	1	default_camera:same_core	215.48	img_6287.jpg	defaultimg_6287.jpg
5133	1	default_camera:same_core	188.09	img_6295.jpg	defaultimg_6295.jpg
5132	1	default_camera:same_core	244.54	img_6283.jpg	defaultimg_6283.jpg
5131	1	default_camera:same_core	199.89	img_6289.jpg	defaultimg_6289.jpg
5130	1	default_camera:same_core	204.45	img_6297.jpg	defaultimg_6297.jpg
5129	1	default_camera:same_core	166.25	img_6294.jpg	defaultimg_6294.jpg
5128	1	default_camera:same_core	194.87	img_6285.jpg	defaultimg_6285.jpg
5127	1	default_other:same_core	51.73	2203.jpg	default2203.jpg
5126	1	default_camera:same_core	223.64	img_6286.jpg	defaultimg_6286.jpg
5125	1	default_camera:same_core	134.54	img_6266.jpg	defaultimg_6266.jpg
5123	1	default_camera:same_core	157.03	img_6257.jpg	defaultimg_6257.jpg
5122	1	default_other:same_core	26.5	1686.jpg	default1686.jpg
5121	1	default_other:same_core	135.92	dpp_0186.jpg	defaultdpp_0186-3.jpg
5120	1	timestamp_rendition:same_id	54.52	img_20220903_110506.jpg	20220903-110506.jpg
5119	1	default_camera:same_core	152.57	img_6252.jpg	defaultimg_6252.jpg
5118	1	default_camera:same_core	224.85	img_6255.jpg	defaultimg_6255.jpg
5117	1	default_camera:same_core	164.84	img_6253.jpg	defaultimg_6253.jpg
5116	1	default_camera:same_core	276.6	img_6242.jpg	defaultimg_6242.jpg
5115	1	default_other:same_core	65.77	2195.jpg	default2195.jpg
5114	1	default_camera:same_core	217.77	img_6240.jpg	defaultimg_6240.jpg
5112	1	default_camera:same_core	203.85	img_6249.jpg	defaultimg_6249.jpg
5109	1	timestamp_rendition:same_id	61.24	img_20220903_105137.jpg	20220903-105137.jpg
5108	1	default_other:same_core	85.89	1537.jpg	default1537.jpg
5107	1	default_camera:same_core	122.13	img_6212.jpg	defaultimg_6212.jpg
5106	1	default_other:same_core	79.93	2197.jpg	default2197.jpg
5105	1	default_camera:same_core	196.5	img_6227.jpg	defaultimg_6227.jpg
5102	1	default_other:same_core	127.12	dpp_0188.jpg	defaultdpp_0188-3.jpg
5101	1	default_other:same_core	89.28	1707.jpg	default1707.jpg
5098	1	default_camera:same_core	193.4	img_6183.jpg	defaultimg_6183.jpg
5097	1	default_camera:same_core	162.19	img_6177.jpg	defaultimg_6177.jpg
5096	1	timestamp_rendition:same_id	42.59	img_20220901_123826.jpg	20220901-123826.jpg
5095	1	default_other:same_core	73.07	2024.jpg	default2024.jpg
5093	1	default_camera:same_core	145.48	img_6165.jpg	defaultimg_6165.jpg
5092	1	default_camera:same_core	131.75	img_6170.jpg	defaultimg_6170.jpg
5091	1	default_camera:same_core	250.53	img_6172.jpg	defaultimg_6172.jpg
5090	1	default_other:same_core	50.64	1883.jpg	default1883.jpg
5089	1	default_camera:same_core	135.34	img_6169.jpg	defaultimg_6169.jpg
5088	1	default_camera:same_core	156.61	img_6161.jpg	defaultimg_6161.jpg
5087	1	default_other:same_core	134.58	dpp_0187.jpg	defaultdpp_0187-3.jpg
5086	1	default_camera:same_core	152.78	img_6149.jpg	defaultimg_6149.jpg
5084	1	default_camera:same_core	215.25	img_6142.jpg	defaultimg_6142.jpg
5083	1	default_camera:same_core	153.39	img_6146.jpg	defaultimg_6146.jpg
5082	1	default_other:same_core	53.17	1520.jpg	default1520.jpg
5081	1	timestamp_rendition:same_id	37.14	img_20220828_080058.jpg	20220828-080058.jpg
5080	1	default_camera:same_core	282.76	img_6139.jpg	defaultimg_6139.jpg
5079	1	timestamp_rendition:same_id	50.59	img_20220828_121644.jpg	20220828-121644.jpg
5078	1	default_other:same_core	36.01	1968.jpg	default1968.jpg
5077	1	default_camera:same_core	118.78	img_6115.jpg	defaultimg_6115.jpg
5076	1	default_camera:same_core	232.1	img_6120.jpg	defaultimg_6120.jpg
5075	1	default_camera:same_core	131.6	img_6116.jpg	defaultimg_6116.jpg
5074	1	default_other:same_core	159.45	dpp_0182.jpg	defaultdpp_0182-3.jpg
5073	1	default_camera:same_core	150.88	img_6111.jpg	defaultimg_6111.jpg
5072	1	default_camera:same_core	172.86	img_6112.jpg	defaultimg_6112.jpg
5071	1	default_camera:same_core	139.28	img_6100.jpg	defaultimg_6100.jpg
5070	1	default_camera:same_core	148.16	img_6098.jpg	defaultimg_6098.jpg
5069	1	default_camera:same_core	180.43	img_6097.jpg	defaultimg_6097.jpg
5068	1	default_camera:same_core	182.35	img_6093.jpg	defaultimg_6093.jpg
5067	1	default_camera:same_core	206.97	img_6082.jpg	defaultimg_6082.jpg
5066	1	default_camera:same_core	228.9	img_6090.jpg	defaultimg_6090.jpg
5064	1	default_camera:same_core	186.61	img_6095.jpg	defaultimg_6095.jpg
5063	3	default_other:same_core	167.98	dpp_0185.jpg	defaultdpp_0183-3.jpg
5061	1	default_camera:same_core	193.41	img_6074.jpg	defaultimg_6074.jpg
5058	1	default_camera:same_core	216.35	img_6041.jpg	defaultimg_6041.jpg
5057	1	default_other:same_core	150.91	dpp_0181.jpg	defaultdpp_0181-3.jpg
5056	1	default_other:same_core	47.12	1143.jpg	default1143.jpg
5055	1	default_camera:same_core	232.99	img_6045.jpg	defaultimg_6045.jpg
5054	1	default_camera:same_core	219.73	img_6042.jpg	defaultimg_6042.jpg
5052	1	default_other:same_core	38.45	1974.jpg	default1974.jpg
5051	1	default_camera:same_core	327.98	img_6025.jpg	defaultimg_6025.jpg
5049	1	default_other:same_core	45.81	1721.jpg	default1721.jpg
5048	1	default_camera:same_core	219.71	img_6034.jpg	defaultimg_6034.jpg
5047	1	default_camera:same_core	208.9	img_6035.jpg	defaultimg_6035.jpg
5046	1	default_camera:same_core	168.57	img_6026.jpg	defaultimg_6026.jpg
5045	1	default_camera:same_core	123.73	img_6023.jpg	defaultimg_6023.jpg
5044	1	default_camera:same_core	208.24	img_6022.jpg	defaultimg_6022.jpg
5043	1	default_camera:same_core	217.89	img_6010.jpg	defaultimg_6010.jpg
5041	1	timestamp_rendition:same_id	43.84	img_20220827_193118.jpg	20220827-193118.jpg
5040	1	default_camera:same_core	210.9	img_6006.jpg	defaultimg_6006.jpg
5039	1	timestamp_rendition:same_id	47.57	img_20220827_122812.jpg	20220827-122812.jpg
5038	1	timestamp_rendition:same_id	51.9	img_20220825_121251.jpg	20220825-121251.jpg
5037	1	default_camera:same_core	271.74	img_5994.jpg	defaultimg_5994.jpg
5036	1	default_camera:same_core	189.96	img_5991.jpg	defaultimg_5991.jpg
5035	1	timestamp_rendition	8.84	img_0118.jpg	20171129-161040-3.jpg
5034	1	default_camera:same_core	240.68	img_5992.jpg	defaultimg_5992.jpg
5033	1	default_camera:same_core	251.71	img_5985.jpg	defaultimg_5985.jpg
5032	1	default_camera:same_core	195.06	img_5983.jpg	defaultimg_5983.jpg
5031	1	default_other:same_core	56.1	2189.jpg	default2189.jpg
5030	1	default_camera:same_core	232.74	img_5971.jpg	defaultimg_5971.jpg
5029	1	default_camera:same_core	242.71	img_5968.jpg	defaultimg_5968.jpg
5027	1	default_camera:same_core	112.53	img_5965.jpg	defaultimg_5965.jpg
5026	1	default_camera:same_core	228.24	img_5961.jpg	defaultimg_5961.jpg
5023	1	default_camera:same_core	186.27	img_5959.jpg	defaultimg_5959.jpg
5022	1	default_camera:same_core	131.23	img_5953.jpg	defaultimg_5953.jpg
5021	1	default_other:same_core	58.22	2152.jpg	default2152.jpg
5019	1	default_camera:same_core	362.45	img_5949.jpg	defaultimg_5949.jpg
5018	1	default_camera:same_core	293.83	img_5945.jpg	defaultimg_5945.jpg
5017	1	default_camera:same_core	208.63	img_5943.jpg	defaultimg_5943.jpg
5016	1	default_camera:same_core	190.19	img_5952.jpg	defaultimg_5952.jpg
5015	1	default_camera:same_core	225.79	img_5935.jpg	defaultimg_5935.jpg
5014	1	default_other:same_core	50.75	2238.jpg	default2238.jpg
5012	1	default_camera:same_core	353.14	img_5932.jpg	defaultimg_5932.jpg
5010	1	default_camera:same_core	177.33	img_5893.jpg	defaultimg_5893.jpg
5009	1	default_camera:same_core	221.93	img_5885.jpg	defaultimg_5885.jpg
5008	1	default_camera:same_core	103.21	img_5869.jpg	defaultimg_5869.jpg
5007	1	default_camera:same_core	202.66	img_5873.jpg	defaultimg_5873.jpg
5006	1	default_camera:same_core	446.33	img_5877.jpg	defaultimg_5877.jpg
5005	2	default_camera:same_core	240.96	img_5874.jpg	defaultimg_5875.jpg
5004	1	default_camera:same_core	203.21	img_5872.jpg	defaultimg_5872.jpg
5001	1	default_other:same_core	52.95	1894.jpg	default1894.jpg
5000	1	default_other:same_core	164.54	dpp_0175.jpg	defaultdpp_0175-3.jpg
4998	1	default_camera:same_core	949.57	img_5840.cr2	defaultimg_5842-2.cr2
4995	1	default_camera:same_core	58.98	img_5837_cr2_embedded.jpg	defaultimg_5837.cr2
4993	5	default_other:same_core	168.01	dpp_0180.jpg	defaultdpp_0176-3.jpg
4992	1	default_other:same_core	78.04	1244.jpg	default1244.jpg
4991	1	default_camera:same_core	493.76	img_5819.cr2	defaultimg_5819.cr2
4990	1	default_camera:same_core	1668.51	img_5817.cr2	defaultimg_5817.cr2
4989	1	default_shotwell:same_core	98.3	img_5813_cr2_shotwell.jpg	defaultimg_5813_cr2_shotwell.jpg
4988	1	timestamp_rendition:same_id	50.22	img_20220821_194016.jpg	20220821-194016.jpg
4987	1	timestamp_rendition:same_id	41.49	img_20220821_194107.jpg	20220821-194107.jpg
4986	1	timestamp_rendition:same_id	61.05	img_20220821_182922.jpg	20220821-182922.jpg
4984	1	default_other:same_core	27.18	1436.jpg	default1436.jpg
4982	1	default_other:same_core	51.74	1841.jpg	default1841.jpg
4980	1	default_shotwell:same_core	1039.84	img_5802.cr2	defaultimg_5802_cr2_shotwell.jpg
4978	1	default_other:same_core	25.1	2192.jpg	default2192.jpg
4977	1	default_camera:same_core	102.89	img_5802_cr2_embedded.jpg	defaultimg_5802-2.cr2
4976	1	default_other:same_core	51.0	1941.jpg	default1941.jpg
4973	1	default_camera:same_core	1898.71	img_5793.cr2	defaultimg_5793-2.cr2
4972	1	default_other:same_core	35.35	1877.jpg	default1877.jpg
4971	1	default_shotwell:same_core	97.22	img_5795_cr2_shotwell.jpg	defaultimg_5795_cr2_shotwell.jpg
4970	1	default_shotwell:same_core	96.89	img_5793_cr2_shotwell.jpg	defaultimg_5793_cr2_shotwell.jpg
4968	1	default_other:same_core	30.51	1210.jpg	default1210.jpg
4966	1	default_other:same_core	28.47	1361.jpg	default1361.jpg
4965	1	timestamp_rendition	6.3	img_0090.jpg	20171114-154256-3.jpg
4964	1	default_other:same_core	25.35	2067.jpg	default2067.jpg
4963	1	timestamp_rendition	7.53	img_0091.jpg	20171114-154307-3.jpg
4962	1	timestamp_rendition:same_id	65.56	img_20220820_182249.jpg	20220820-182249.jpg
4961	1	timestamp_rendition:same_id	83.32	img_20220820_182907.jpg	20220820-182907.jpg
4960	1	timestamp_rendition:same_id	40.28	img_20220820_190043.jpg	20220820-190043.jpg
4958	1	timestamp_rendition:same_id	44.3	img_20220820_182726.jpg	20220820-182726.jpg
4956	1	default_shotwell:same_core	91.14	img_5780_cr2_shotwell.jpg	defaultimg_5780_cr2_shotwell.jpg
4955	1	timestamp_rendition	7.99	img_0088.jpg	20171114-154228-3.jpg
4954	1	default_other:same_core	99.85	1771.jpg	default1771.jpg
4952	1	default_camera:same_core	207.23	img_5776.cr2	defaultimg_5776.cr2
4951	1	timestamp_rendition	5.74	img_0092.jpg	20171114-154340-3.jpg
4950	4	default_camera:same_core	211.23	img_5779.cr2	defaultimg_5777.cr2
4949	1	timestamp_rendition	5.69	img_0087.jpg	20171114-154116-3.jpg
4948	1	default_other:same_core	27.93	1827.jpg	default1827.jpg
4946	1	timestamp_rendition	6.03	img_0093.jpg	20171114-154348-3.jpg
4945	4	default_camera:same_core	284.65	img_5768.cr2	defaultimg_5771.cr2
4944	1	default_camera:same_core	86.54	img_5765.jpg	defaultimg_5765.jpg
4943	1	default_other:same_core	29.62	1972.jpg	default1972.jpg
4942	1	default_camera:same_core	144.28	img_5764.jpg	defaultimg_5764.jpg
4941	1	default_camera:same_core	93.23	img_5762.jpg	defaultimg_5762.jpg
4940	1	default_camera:same_core	85.91	img_5766.jpg	defaultimg_5766.jpg
4938	1	default_camera:same_core	98.27	img_5763.jpg	defaultimg_5763.jpg
4936	3	default_camera:same_core	117.19	img_5759.jpg	defaultimg_5761.jpg
4935	1	default_other:same_core	29.49	1421.jpg	default1421.jpg
4931	1	default_other:same_core	31.0	1670.jpg	default1670.jpg
4924	1	default_other:same_core	22.48	1170.jpg	default1170.jpg
4922	4	default_camera:same_core	144.95	img_5741.jpg	defaultimg_5743.cr2
4921	1	default_other:same_core	21.61	1191.jpg	default1191.jpg
4920	1	default_shotwell:adjacent_id	109.2	img_5739_cr2_shotwell.jpg	defaultimg_5738_cr2_shotwell.jpg
4918	1	default_camera:same_core	148.4	img_5739.jpg	defaultimg_5739.jpg
4917	1	timestamp_rendition:same_id	76.54	img_20220814_191152.jpg	20220814-191152.jpg
4911	1	default_embedded:same_core	85.0	img_5732_cr2_embedded_1_1.jpg	defaultimg_5732_cr2_embedded.jpg
4909	1	default_shotwell:same_core	143.58	img_5732_cr2_shotwell.jpg	defaultimg_5732_cr2_shotwell.jpg
4905	1	timestamp_rendition:same_id	89.32	img_20220814_193118.jpg	20220814-193118.jpg
4904	1	timestamp_rendition:same_id	47.97	img_20220814_191951.jpg	20220814-191951.jpg
4903	1	timestamp_rendition:same_id	81.53	img_20220814_193200.jpg	20220814-193200.jpg
4902	1	default_other:same_core	53.34	1982.jpg	default1982.jpg
4901	1	default_shotwell:same_core	160.61	img_5727_cr2_shotwell.jpg	defaultimg_5727_cr2_shotwell.jpg
4894	1	default_shotwell:same_core	104.26	img_5713_cr2_shotwell.jpg	defaultimg_5713_cr2_shotwell.jpg
4890	1	default_other:same_core	36.44	1584.jpg	default1584.jpg
4883	1	timestamp_rendition:same_id	96.04	img_20220813_183608.jpg	20220813-183608.jpg
4881	1	timestamp_rendition:same_id	65.88	img_20220813_121025.jpg	20220813-121025.jpg
4876	1	default_other:same_core	42.96	1607.jpg	default1607.jpg
4875	1	default_embedded:same_core	235.25	img_5694_cr2_embedded.jpg	defaultimg_5694_cr2_embedded.jpg
4868	1	default_shotwell:same_core	740.11	img_5682.cr2	defaultimg_5682_cr2_shotwell.jpg
4867	1	default_other:same_core	35.51	1237.jpg	default1237.jpg
4864	1	default_other:same_core	39.38	1456.jpg	default1456.jpg
4855	1	default_other:same_core	35.56	1774.jpg	default1774.jpg
4852	1	default_camera:same_core	60.33	img_5638.jpg	defaultimg_5638.jpg
4851	1	default_camera:same_core	150.17	img_5652.jpg	defaultimg_5652.jpg
4850	1	default_camera:same_core	104.55	img_5644.jpg	defaultimg_5644.jpg
4849	1	default_shotwell:same_core	773.18	img_5662.cr2	defaultimg_5662_cr2_shotwell.jpg
4848	1	default_camera:same_core	91.97	img_5641.jpg	defaultimg_5641.jpg
4847	1	default_camera:same_core	75.12	img_5640.jpg	defaultimg_5640.jpg
4846	1	default_camera:same_core	92.15	img_5643.jpg	defaultimg_5643.jpg
4845	1	default_camera:same_core	90.8	img_5642.jpg	defaultimg_5642.jpg
4844	1	default_camera:same_core	100.38	img_5645.jpg	defaultimg_5645.jpg
4843	1	default_other:same_core	30.2	1417.jpg	default1417.jpg
4842	1	default_camera:same_core	69.83	img_5639.jpg	defaultimg_5639.jpg
4841	1	default_camera:same_core	168.89	img_5634.jpg	defaultimg_5634.jpg
4840	3	default_camera:same_core	105.47	img_5648.jpg	defaultimg_5647.jpg
4839	1	default_camera:same_core	103.57	img_5624.jpg	defaultimg_5624.jpg
4838	1	default_camera:same_core	197.62	img_5633.jpg	defaultimg_5633.jpg
4837	1	default_camera:same_core	67.82	img_5631.jpg	defaultimg_5631.jpg
4836	1	default_camera:same_core	82.21	img_5606.jpg	defaultimg_5606.jpg
4835	1	default_camera:same_core	101.39	img_5607.jpg	defaultimg_5607.jpg
4834	1	default_camera:same_core	68.97	img_5629.jpg	defaultimg_5629.jpg
4832	1	default_camera:same_core	83.89	img_5628.jpg	defaultimg_5628.jpg
4831	1	default_camera:same_core	75.94	img_5627.jpg	defaultimg_5627.jpg
4830	1	default_camera:same_core	80.31	img_5615.jpg	defaultimg_5615.jpg
4829	1	default_camera:same_core	91.8	img_5623.jpg	defaultimg_5623.jpg
4828	1	default_camera:same_core	192.54	img_5622.jpg	defaultimg_5622.jpg
4827	1	default_camera:same_core	92.71	img_5612.jpg	defaultimg_5612.jpg
4826	1	default_camera:same_core	87.2	img_5614.jpg	defaultimg_5614.jpg
4824	1	default_other:same_core	32.6	1892.jpg	default1892.jpg
4823	1	default_camera:same_core	121.24	img_5604.jpg	defaultimg_5604.jpg
4822	1	default_camera:same_core	114.56	img_5603.jpg	defaultimg_5603.jpg
4821	1	default_camera:same_core	135.46	img_5602.jpg	defaultimg_5602.jpg
4818	1	default_shotwell:same_core	58.45	img_5592_cr2_shotwell.jpg	defaultimg_5592_cr2_shotwell.jpg
4815	1	default_other:same_core	45.67	2205.jpg	default2205.jpg
4814	1	default_shotwell:same_core	66.41	img_5591_cr2_shotwell.jpg	defaultimg_5591_cr2_shotwell.jpg
4808	1	default_other:same_core	45.3	2014.jpg	default2014.jpg
4803	1	default_other:same_core	33.65	1360.jpg	default1360.jpg
4797	1	default_other:same_core	41.84	2233.jpg	default2233.jpg
4791	1	default_shotwell:same_id	82.26	img_5568_cr2_embedded.jpg	defaultimg_5568_dng_shotwell_2_1.jpg
4790	1	default_shotwell:same_core	51.22	img_5567_dng_shotwell_2_1.jpg	defaultimg_5567_dng_shotwell_2_1.jpg
4789	1	default_other:same_core	39.98	2111.jpg	default2111.jpg
4787	1	default_shotwell:same_core	807.33	img_5566.cr2	defaultimg_5566_cr2_shotwell.jpg
4786	1	default_other:same_core	71.37	1418.jpg	default1418.jpg
4779	1	default_other:same_core	38.19	2135.jpg	default2135.jpg
4772	1	default_other:same_core	33.39	2162.jpg	default2162.jpg
4765	1	default_shotwell:same_core	79.22	img_5542_cr2_shotwell.jpg	defaultimg_5542_cr2_shotwell.jpg
4764	1	default_shotwell:same_core	77.4	img_5543_cr2_shotwell.jpg	defaultimg_5543_cr2_shotwell.jpg
4762	1	default_shotwell:same_core	71.68	img_5540_cr2_shotwell.jpg	defaultimg_5540_cr2_shotwell.jpg
4754	1	default_other:same_core	57.52	1817.jpg	default1817.jpg
4750	1	default_shotwell:same_core	83.62	img_5525_cr2_shotwell.jpg	defaultimg_5525_cr2_shotwell.jpg
4749	1	default_shotwell:same_core	65.24	img_5522_cr2_shotwell.jpg	defaultimg_5522_cr2_shotwell.jpg
4748	1	default_shotwell:same_core	65.84	img_5521_cr2_shotwell.jpg	defaultimg_5521_cr2_shotwell.jpg
4747	1	default_other:same_core	50.58	1646.jpg	default1646.jpg
4744	1	default_shotwell:same_core	66.59	img_5506_cr2_shotwell.jpg	defaultimg_5506_cr2_shotwell.jpg
4742	1	default_other:same_core	38.34	1993.jpg	default1993.jpg
4741	1	default_shotwell:same_core	68.57	img_5503_cr2_shotwell.jpg	defaultimg_5503_cr2_shotwell.jpg
4737	1	default_shotwell:same_core	62.06	img_5497_cr2_shotwell.jpg	defaultimg_5497_cr2_shotwell.jpg
4731	1	default_camera:same_core	70.48	img_5483.jpg	defaultimg_5483.jpg
4730	1	default_camera:same_core	89.4	img_5488.jpg	defaultimg_5488.jpg
4729	1	default_camera:same_core	137.34	img_5490.jpg	defaultimg_5490.jpg
4728	1	default_camera:same_core	134.29	img_5479.jpg	defaultimg_5479.jpg
4727	1	timestamp_rendition:same_id	50.77	img_20220807_190126.jpg	20220807-190126.jpg
4726	1	default_camera:same_core	98.05	img_5491.jpg	defaultimg_5491.jpg
4725	1	default_camera:same_core	104.77	img_5489.jpg	defaultimg_5489.jpg
4722	1	default_other:same_core	45.0	1800.jpg	default1800.jpg
4721	1	timestamp_rendition:same_id	66.91	img_20220807_190947.jpg	20220807-190947.jpg
4720	1	default_camera:same_core	99.86	img_5487.jpg	defaultimg_5487.jpg
4719	1	default_camera:same_core	117.95	img_5482.jpg	defaultimg_5482.jpg
4718	1	timestamp_rendition:same_id	41.97	img_20220807_191501.jpg	20220807-191501.jpg
4717	1	default_camera:same_core	136.33	img_5478.jpg	defaultimg_5478.jpg
4716	1	default_camera:same_core	195.1	img_5484.jpg	defaultimg_5484.jpg
4715	1	default_camera:same_core	128.17	img_5480.jpg	defaultimg_5480.jpg
4714	1	default_camera:same_core	81.82	img_5485.jpg	defaultimg_5485.jpg
4711	1	default_camera:same_core	23.58	img_5472_cr2_embedded.jpg	defaultimg_5472-2.cr2
4710	1	timestamp_rendition:same_id	51.83	img_20220807_185210.jpg	20220807-185210.jpg
4708	1	default_other:same_core	40.06	1685.jpg	default1685.jpg
4707	1	default_camera:same_core	259.79	img_5471.cr2	defaultimg_5471.cr2
4706	1	timestamp_rendition:same_id	81.71	img_20220807_192918.jpg	20220807-192918.jpg
4705	1	timestamp_rendition:same_id	55.68	img_20220807_190201.jpg	20220807-190201.jpg
4704	1	timestamp_rendition:same_id	79.39	img_20220807_180918.jpg	20220807-180918.jpg
4703	1	default_camera:same_core	264.41	img_5470.cr2	defaultimg_5470-2.cr2
4702	1	timestamp_rendition:same_id	183.09	img_20220807_180841.jpg	20220807-180841.jpg
4700	2	default_camera:same_core	87.11	img_5468.jpg	defaultimg_5469.jpg
4699	1	default_camera:same_core	126.42	img_5467.jpg	defaultimg_5467.jpg
4698	1	default_camera:same_core	121.73	img_5466.jpg	defaultimg_5466.jpg
4697	1	default_camera:same_core	120.82	img_5461.jpg	defaultimg_5461-2.jpg
4696	1	default_camera:same_core	122.05	img_5464.jpg	defaultimg_5464.jpg
4694	1	default_camera:same_core	114.71	img_5463.jpg	defaultimg_5463.jpg
4693	1	default_other:same_core	34.95	1875.jpg	default1875.jpg
4692	1	default_camera:same_core	90.94	img_5459.jpg	defaultimg_5459.jpg
4691	1	default_camera:same_core	87.29	img_5460.jpg	defaultimg_5460-2.jpg
4690	1	default_camera:same_core	94.12	img_5458.jpg	defaultimg_5458-2.jpg
4688	1	default_camera:same_core	158.38	img_5456.jpg	defaultimg_5456.jpg
4687	1	default_camera:same_core	166.16	img_5455.jpg	defaultimg_5455.jpg
4684	1	default_shotwell:same_core	72.96	img_5442_cr2_shotwell.jpg	defaultimg_5442_cr2_shotwell.jpg
4683	1	default_other:same_core	36.1	2001.jpg	default2001.jpg
4681	1	default_camera:same_core	458.25	img_5447.gif	defaultimg_5447.gif
4679	1	default_camera:same_core	80.32	img_5432.jpg	defaultimg_5432.jpg
4675	1	default_camera:same_core	102.07	img_5433.jpg	defaultimg_5433.jpg
4674	1	default_camera:same_core	77.07	img_5430.jpg	defaultimg_5430.jpg
4673	1	default_camera:same_core	82.65	img_5427.jpg	defaultimg_5427.jpg
4672	1	default_camera:same_core	91.59	img_5428.jpg	defaultimg_5428.jpg
4671	1	timestamp_rendition:same_id	61.01	img_20220802_192445.jpg	20220802-192445.jpg
4670	1	default_camera:same_core	86.81	img_5426.jpg	defaultimg_5426.jpg
4669	1	default_camera:same_core	86.15	img_5417.jpg	defaultimg_5417.jpg
4667	1	default_camera:same_core	102.46	img_5424.jpg	defaultimg_5424.jpg
4666	1	default_camera:same_core	100.43	img_5422.jpg	defaultimg_5422.jpg
4665	1	default_camera:same_core	76.85	img_5419.jpg	defaultimg_5419.jpg
4664	1	default_camera:same_core	113.14	img_5429.jpg	defaultimg_5429.jpg
4663	1	default_camera:same_core	108.7	img_5421.jpg	defaultimg_5421.jpg
4662	1	timestamp_rendition:same_id	56.4	img_20220801_153848.jpg	20220801-153848.jpg
4661	1	default_camera:same_core	97.81	img_5415.jpg	defaultimg_5415.jpg
4660	1	default_camera:same_core	121.92	img_5407.jpg	defaultimg_5407.jpg
4659	1	default_camera:same_core	88.49	img_5416.jpg	defaultimg_5416.jpg
4658	1	default_camera:same_core	84.8	img_5411.jpg	defaultimg_5411.jpg
4657	1	default_camera:same_core	79.31	img_5413.jpg	defaultimg_5413.jpg
4656	1	default_camera:same_core	85.09	img_5412.jpg	defaultimg_5412.jpg
4655	1	default_camera:same_core	84.05	img_5414.jpg	defaultimg_5414.jpg
4654	1	default_camera:same_core	115.77	img_5408.jpg	defaultimg_5408.jpg
4653	1	default_other:same_core	33.9	1997.jpg	default1997.jpg
4652	1	default_camera:same_core	110.74	img_5405.jpg	defaultimg_5405.jpg
4650	1	default_camera:same_core	106.13	img_5406.jpg	defaultimg_5406.jpg
4649	1	default_camera:same_core	120.06	img_5384.jpg	defaultimg_5384.jpg
4648	1	default_camera:same_core	99.89	img_5400.jpg	defaultimg_5400.jpg
4647	1	default_camera:same_core	90.64	img_5398.jpg	defaultimg_5398.jpg
4646	1	default_camera:same_core	107.72	img_5390.jpg	defaultimg_5390.jpg
4645	1	default_camera:same_core	78.09	img_5399.jpg	defaultimg_5399.jpg
4644	1	default_camera:same_core	96.25	img_5397.jpg	defaultimg_5397.jpg
4642	1	default_camera:same_core	103.9	img_5393.jpg	defaultimg_5393.jpg
4640	1	default_camera:same_core	103.79	img_5392.jpg	defaultimg_5392.jpg
4639	1	default_camera:same_core	96.36	img_5388.jpg	defaultimg_5388.jpg
4638	1	default_camera:same_core	100.84	img_5385.jpg	defaultimg_5385.jpg
4637	1	default_camera:same_core	96.84	img_5387.jpg	defaultimg_5387.jpg
4636	1	default_camera:same_core	125.97	img_5382.jpg	defaultimg_5382-2.jpg
4635	1	default_camera:same_core	108.24	img_5382.jpg	defaultimg_5382.jpg
4634	1	default_camera:same_core	70.24	img_5375.jpg	defaultimg_5375.jpg
4633	1	default_camera:same_core	77.28	img_5374.jpg	defaultimg_5374.jpg
4632	1	default_camera:same_core	92.93	img_5381.jpg	defaultimg_5381.jpg
4631	1	default_camera:same_core	93.15	img_5372.jpg	defaultimg_5372.jpg
4629	1	default_camera:same_core	107.86	img_5369.jpg	defaultimg_5369.jpg
4628	1	default_camera:same_core	98.18	img_5370.jpg	defaultimg_5370.jpg
4627	1	default_camera:same_core	97.85	img_5377.jpg	defaultimg_5377.jpg
4626	1	default_other:same_core	35.14	1394.jpg	default1394.jpg
4625	1	default_camera:same_core	86.33	img_5371.jpg	defaultimg_5371.jpg
4624	1	default_camera:same_core	80.4	img_5360.jpg	defaultimg_5360.jpg
4623	1	default_camera:same_core	131.87	img_5359.jpg	defaultimg_5359.jpg
4622	1	default_camera:same_core	90.08	img_5367.jpg	defaultimg_5367.jpg
4621	1	default_camera:same_core	94.72	img_5368.jpg	defaultimg_5368.jpg
4620	1	default_camera:same_core	100.32	img_5365.jpg	defaultimg_5365.jpg
4619	1	default_camera:same_core	99.87	img_5356.jpg	defaultimg_5356.jpg
4617	1	default_camera:same_core	87.32	img_5364.jpg	defaultimg_5364.jpg
4616	1	default_camera:same_core	89.82	img_5366.jpg	defaultimg_5366.jpg
4615	1	default_camera:same_core	111.88	img_5350.jpg	defaultimg_5350.jpg
4614	1	default_camera:same_core	80.16	img_5363.jpg	defaultimg_5363.jpg
4613	1	default_camera:same_core	93.9	img_5354.jpg	defaultimg_5354.jpg
4612	2	default_camera:same_core	106.29	img_5355.jpg	defaultimg_5351.jpg
4611	1	default_camera:same_core	99.38	img_5349.jpg	defaultimg_5349.jpg
4610	1	default_camera:same_core	98.99	img_5344.jpg	defaultimg_5344.jpg
4609	1	default_camera:same_core	81.15	img_5362.jpg	defaultimg_5362.jpg
4608	1	default_camera:same_core	91.16	img_5346.jpg	defaultimg_5346.jpg
4607	1	default_camera:same_core	89.06	img_5345.jpg	defaultimg_5345.jpg
4606	1	default_camera:same_core	88.35	img_5342.jpg	defaultimg_5342.jpg
4605	1	default_camera:same_core	102.15	img_5348.jpg	defaultimg_5348.jpg
4604	1	timestamp_rendition:same_id	42.82	img_20220729_190737.jpg	20220729-190737.jpg
4603	1	default_camera:same_core	86.44	img_5339.jpg	defaultimg_5339.jpg
4602	1	default_camera:same_core	80.55	img_5343.jpg	defaultimg_5343.jpg
4601	1	default_camera:same_core	109.42	img_5347.jpg	defaultimg_5347.jpg
4600	1	default_camera:same_core	83.27	img_5340.jpg	defaultimg_5340.jpg
4599	1	default_camera:same_core	98.43	img_5336.jpg	defaultimg_5336.jpg
4598	1	default_camera:same_core	86.64	img_5341.jpg	defaultimg_5341.jpg
4597	1	default_camera:same_core	107.73	img_5335.jpg	defaultimg_5335.jpg
4596	1	default_camera:same_core	90.06	img_5326.jpg	defaultimg_5326.jpg
4595	1	default_camera:same_core	131.8	img_5334.jpg	defaultimg_5334.jpg
4594	1	default_camera:same_core	91.8	img_5324.jpg	defaultimg_5324.jpg
4593	1	timestamp_rendition:same_id	6.36	img_20220728_194231.jpg	20220728-194231-2.jpg
4592	1	default_other:same_core	36.75	1860.jpg	default1860.jpg
4591	1	default_camera:same_core	77.69	img_5328.jpg	defaultimg_5328.jpg
4590	1	default_camera:same_core	79.27	img_5327.jpg	defaultimg_5327.jpg
4589	1	default_camera:same_core	94.42	img_5325.jpg	defaultimg_5325.jpg
4588	1	default_camera:same_core	84.87	img_5329.jpg	defaultimg_5329.jpg
4587	1	default_camera:same_core	96.98	img_5317.jpg	defaultimg_5317.jpg
4586	1	default_camera:same_core	108.37	img_5319.jpg	defaultimg_5319.jpg
4584	1	default_camera:same_core	97.72	img_5318.jpg	defaultimg_5318.jpg
4583	1	default_camera:same_core	113.03	img_5321.jpg	defaultimg_5321.jpg
4582	1	default_camera:same_core	114.37	img_5309.jpg	defaultimg_5309.jpg
4581	1	default_camera:same_core	120.09	img_5304.jpg	defaultimg_5304.jpg
4580	1	default_other:same_core	47.01	2019.jpg	default2019.jpg
4579	1	default_camera:same_core	87.87	img_5316.jpg	defaultimg_5316.jpg
4577	1	default_camera:same_core	159.07	img_5303.jpg	defaultimg_5303.jpg
4576	1	timestamp_rendition:same_id	42.43	img_20220727_220211.jpg	20220727-220211.jpg
4575	1	default_camera:same_core	160.69	img_5304.jpg	defaultimg_5304-2.jpg
4574	1	default_camera:same_core	142.73	img_5307.jpg	defaultimg_5307.jpg
4573	1	default_camera:same_core	88.43	img_5308.jpg	defaultimg_5308.jpg
4572	1	default_camera:same_core	81.13	img_5297.jpg	defaultimg_5297-2.jpg
4570	1	default_camera:same_core	90.45	img_5301.jpg	defaultimg_5301.jpg
4569	1	default_camera:same_core	97.27	img_5303.jpg	defaultimg_5303-2.jpg
4568	1	default_camera:same_core	79.75	img_5299.jpg	defaultimg_5299.jpg
4567	1	default_camera:same_core	65.92	img_5295.jpg	defaultimg_5295.jpg
4566	1	default_camera:same_core	94.49	img_5294.jpg	defaultimg_5294.jpg
4565	1	default_camera:same_core	92.77	img_5296.jpg	defaultimg_5296.jpg
4564	1	default_other:same_core	22.0	1376.jpg	default1376.jpg
4563	1	default_camera:same_core	47.79	img_5293_cr2_embedded.jpg	defaultimg_5293.cr2
4561	1	default_camera:same_core	108.66	img_5284.jpg	defaultimg_5284.jpg
4560	1	default_camera:same_core	99.79	img_5282.jpg	defaultimg_5282.jpg
4559	1	default_camera:same_core	116.74	img_5280.jpg	defaultimg_5280.jpg
4558	1	default_camera:same_core	110.16	img_5284.jpg	defaultimg_5284-2.jpg
4557	1	default_camera:same_core	104.23	img_5283.jpg	defaultimg_5283.jpg
4556	1	default_camera:same_core	128.27	img_5277.jpg	defaultimg_5277.jpg
4555	1	default_camera:same_core	109.66	img_5276.jpg	defaultimg_5276.jpg
4554	1	default_camera:same_core	153.12	img_5274.jpg	defaultimg_5274.jpg
4553	1	default_camera:same_core	186.28	img_5275.jpg	defaultimg_5275.jpg
4552	1	default_camera:same_core	125.09	img_5272.jpg	defaultimg_5272-2.jpg
4550	1	default_camera:same_core	115.65	img_5267.jpg	defaultimg_5267.jpg
4549	1	default_camera:same_core	112.2	img_5272.jpg	defaultimg_5272.jpg
4548	1	default_camera:same_core	112.88	img_5268.jpg	defaultimg_5268.jpg
4547	1	default_camera:same_core	128.73	img_5263.jpg	defaultimg_5263.jpg
4546	1	default_camera:same_core	197.76	img_5269.jpg	defaultimg_5269.jpg
4544	1	default_camera:same_core	151.36	img_5260.jpg	defaultimg_5260.jpg
4542	1	default_camera:same_core	86.94	img_5253.jpg	defaultimg_5253.jpg
4541	1	default_camera:same_core	76.76	img_5251.jpg	defaultimg_5251.jpg
4538	1	default_camera:same_core	75.91	img_5250.jpg	defaultimg_5250.jpg
4537	1	default_camera:same_core	73.04	img_5247.jpg	defaultimg_5247.jpg
4536	1	default_camera:same_core	75.77	img_5252.jpg	defaultimg_5252.jpg
4535	1	default_camera:same_core	84.23	img_5248.jpg	defaultimg_5248.jpg
4534	1	default_camera:same_core	69.15	img_5243.jpg	defaultimg_5243.jpg
4533	1	default_camera:same_core	72.97	img_5246.jpg	defaultimg_5246.jpg
4532	1	default_camera:same_core	67.47	img_5238.jpg	defaultimg_5238-2.jpg
4531	1	default_camera:same_core	80.22	img_5239.jpg	defaultimg_5239.jpg
4530	1	default_camera:same_core	84.56	img_5237.jpg	defaultimg_5237-2.jpg
4529	1	default_other:same_core	22.41	1995.jpg	default1995.jpg
4528	1	default_camera:same_core	176.59	img_5238.jpg	defaultimg_5238.jpg
4527	1	default_camera:same_core	168.73	img_5237.jpg	defaultimg_5237.jpg
4526	1	default_camera:same_core	63.41	img_5240.jpg	defaultimg_5240.jpg
4525	1	default_camera:same_core	72.66	img_5242.jpg	defaultimg_5242.jpg
4524	1	default_camera:same_core	84.26	img_5228.jpg	defaultimg_5228.jpg
4523	1	default_camera:same_core	173.47	img_5231.jpg	defaultimg_5231.jpg
4522	1	default_camera:same_core	91.92	img_5229.jpg	defaultimg_5229.jpg
4521	1	default_camera:same_core	90.28	img_5235.jpg	defaultimg_5235.jpg
4520	1	default_camera:same_core	88.56	img_5227.jpg	defaultimg_5227-2.jpg
4519	1	default_camera:same_core	88.27	img_5236.jpg	defaultimg_5236.jpg
4518	1	default_camera:same_core	150.14	img_5230.jpg	defaultimg_5230.jpg
4517	1	default_other:same_core	31.62	2258.jpg	default2258.jpg
4516	1	default_camera:same_core	76.58	img_5231.jpg	defaultimg_5231-2.jpg
4514	1	default_camera:same_core	111.57	img_5223.jpg	defaultimg_5223.jpg
4513	1	default_camera:same_core	77.73	img_5226.jpg	defaultimg_5226-2.jpg
4512	1	default_camera:same_core	102.35	img_5212.jpg	defaultimg_5212.jpg
4511	1	default_camera:same_core	104.02	img_5222.jpg	defaultimg_5222.jpg
4510	1	default_camera:same_core	68.49	img_5218.jpg	defaultimg_5218.jpg
4509	1	default_camera:same_core	79.31	img_5216.jpg	defaultimg_5216.jpg
4508	1	default_other:same_core	20.47	1194.jpg	default1194.jpg
4507	1	default_camera:same_core	126.56	img_5211.jpg	defaultimg_5211.jpg
4506	1	default_camera:same_core	71.4	img_5221.jpg	defaultimg_5221-2.jpg
4505	1	default_camera:same_core	73.2	img_5220.jpg	defaultimg_5220.jpg
4504	1	default_camera:same_core	76.61	img_5210.jpg	defaultimg_5210.jpg
4503	1	default_camera:same_core	105.58	img_5195.jpg	defaultimg_5195.jpg
4502	1	default_camera:same_core	75.05	img_5207.jpg	defaultimg_5207.jpg
4501	1	default_camera:same_core	112.82	img_5214.jpg	defaultimg_5214.jpg
4500	1	default_camera:same_core	90.54	img_5209.jpg	defaultimg_5209.jpg
4499	1	default_camera:same_core	100.83	img_5208.jpg	defaultimg_5208.jpg
4498	1	default_camera:same_core	75.61	img_5203.jpg	defaultimg_5203.jpg
4497	1	default_camera:same_core	91.75	img_5200.jpg	defaultimg_5200.jpg
4496	1	default_camera:same_core	77.3	img_5190.jpg	defaultimg_5190.jpg
4495	1	default_camera:same_core	75.15	img_5205.jpg	defaultimg_5205.jpg
4494	1	default_other:same_core	21.7	1359.jpg	default1359.jpg
4493	3	default_camera:same_core	75.8	img_5191.jpg	defaultimg_5192.jpg
4492	1	default_camera:same_core	120.26	img_5181.jpg	defaultimg_5181.jpg
4491	1	default_camera:same_core	73.87	img_5189.jpg	defaultimg_5189.jpg
4490	1	default_camera:same_core	81.22	img_5185.jpg	defaultimg_5185-2.jpg
4489	1	default_camera:same_core	75.02	img_5182.jpg	defaultimg_5182.jpg
4488	1	default_camera:same_core	83.23	img_5179.jpg	defaultimg_5179.jpg
4487	1	default_camera:same_core	108.57	img_5183.jpg	defaultimg_5183.jpg
4486	1	default_camera:same_core	71.76	img_5173.jpg	defaultimg_5173.jpg
4485	1	default_camera:same_core	78.88	img_5180.jpg	defaultimg_5180.jpg
4484	1	default_other:same_core	22.48	1461.jpg	default1461.jpg
4483	1	default_camera:same_core	84.6	img_5175.jpg	defaultimg_5175.jpg
4482	1	default_camera:same_core	88.73	img_5178.jpg	defaultimg_5178.jpg
4481	1	default_camera:same_core	64.1	img_5170.jpg	defaultimg_5170.jpg
4480	1	default_camera:same_core	91.85	img_5171.jpg	defaultimg_5171.jpg
4479	1	default_camera:same_core	102.62	img_5172.jpg	defaultimg_5172.jpg
4478	1	default_camera:same_core	86.9	img_5166.jpg	defaultimg_5166-2.jpg
4477	1	default_camera:same_core	90.34	img_5169.jpg	defaultimg_5169.jpg
4476	1	default_camera:same_core	79.07	img_5168.jpg	defaultimg_5168-2.jpg
4475	1	default_camera:same_core	75.06	img_5167.jpg	defaultimg_5167-2.jpg
4473	1	default_camera:same_core	90.42	img_5170.jpg	defaultimg_5170-2.jpg
4472	2	default_camera:same_core	60.78	img_5166.jpg	defaultimg_5167.jpg
4471	3	default_camera:same_core	68.36	img_5164.jpg	defaultimg_5165.jpg
4470	1	default_camera:same_core	135.41	img_5157.jpg	defaultimg_5157.jpg
4469	1	default_other:same_core	22.59	1628.jpg	default1628.jpg
4468	1	default_camera:same_core	134.89	img_5159.jpg	defaultimg_5159.jpg
4467	1	default_camera:same_core	111.83	img_5158.jpg	defaultimg_5158-2.jpg
4466	1	default_camera:same_core	69.3	img_5163.jpg	defaultimg_5163.jpg
4465	1	default_camera:same_core	108.29	img_5160.jpg	defaultimg_5160.jpg
4464	1	default_camera:same_core	98.67	img_5159.jpg	defaultimg_5159-2.jpg
4463	1	default_camera:same_core	146.31	img_5158.jpg	defaultimg_5158.jpg
4462	1	default_other:same_core	24.79	1846.jpg	default1846.jpg
4460	1	default_camera:same_core	134.38	img_5155.jpg	defaultimg_5155.jpg
4458	1	default_other:same_core	55.75	2161.jpg	default2161.jpg
4457	1	default_camera:same_core	122.28	img_5149.jpg	defaultimg_5149.jpg
4456	1	default_camera:same_core	110.97	img_5150.jpg	defaultimg_5150.jpg
4455	1	default_other:same_core	35.29	1320.jpg	default1320.jpg
4452	1	default_camera:same_core	141.79	img_5138.jpg	defaultimg_5138.jpg
4451	3	default_camera:same_core	36.35	img_5142_cr2_embedded.jpg	defaultimg_5143.cr2
4450	1	default_other:same_core	25.88	2215.jpg	default2215.jpg
4448	1	default_camera:same_core	36.35	img_5127_cr2_embedded.jpg	defaultimg_5127.cr2
4446	1	default_other:same_core	27.13	2140.jpg	default2140.jpg
4444	1	default_camera:same_core	29.09	img_5129_cr2_embedded.jpg	defaultimg_5129.cr2
4443	1	default_shotwell:same_core	56.16	img_5127_cr2_shotwell.jpg	defaultimg_5127_cr2_shotwell.jpg
4441	1	default_shotwell:same_core	50.33	img_5129_cr2_shotwell.jpg	defaultimg_5129_cr2_shotwell.jpg
4440	1	default_camera:same_core	849.73	img_5127 - img_5130_fused.tif	defaultimg_5127 - img_5130_fused.tif
4439	1	default_camera:same_core	312.94	img_5126.cr2	defaultimg_5126.cr2
4437	1	default_camera:same_core	27.26	img_5123_cr2_embedded.jpg	defaultimg_5123.cr2
4436	1	default_shotwell:same_core	338.77	img_5125.cr2	defaultimg_5125_cr2_shotwell.jpg
4435	1	default_camera:same_core	27.15	img_5122_cr2_embedded.jpg	defaultimg_5122.cr2
4434	1	default_camera:same_core	26.75	img_5124_cr2_embedded.jpg	defaultimg_5124.cr2
4433	1	default_camera:same_core	26.66	img_5121_cr2_embedded.jpg	defaultimg_5121.cr2
4432	1	default_camera:same_core	38.6	img_5117_cr2_embedded.jpg	defaultimg_5117.cr2
4431	1	default_camera:same_core	29.95	img_5119_cr2_embedded.jpg	defaultimg_5119.cr2
4430	1	default_camera:same_core	26.62	img_5118_cr2_embedded.jpg	defaultimg_5118.cr2
4429	1	default_camera:same_core	26.18	img_5120_cr2_embedded.jpg	defaultimg_5120.cr2
4427	1	default_camera:same_core	27.97	img_5112_cr2_embedded.jpg	defaultimg_5112.cr2
4424	1	default_camera:same_core	268.65	img_5107.cr2	defaultimg_5107.cr2
4423	1	default_camera:same_core	271.29	img_5108.cr2	defaultimg_5108.cr2
4422	1	default_camera:same_core	277.66	img_5104.cr2	defaultimg_5104.cr2
4421	1	default_shotwell:same_core	43.81	img_5102_cr2_shotwell.jpg	defaultimg_5102_cr2_shotwell.jpg
4418	1	default_camera:same_core	33.54	img_5098_cr2_shotwell.jpg	defaultimg_5098.cr2
4417	1	default_camera:same_core	25.62	img_5096_cr2_embedded.jpg	defaultimg_5096.cr2
4416	1	default_camera:same_core	35.31	img_5100_cr2_shotwell.jpg	defaultimg_5100.cr2
4415	1	default_other:same_core	75.01	1470.jpg	default1470.jpg
4412	1	default_camera:same_core	30.07	img_5095_cr2_embedded.jpg	defaultimg_5095.cr2
4407	1	default_camera:same_core	98.26	img_5090.jpg	defaultimg_5090.jpg
4406	1	default_camera:same_core	89.99	img_5084.jpg	defaultimg_5084.jpg
4405	1	default_camera:same_core	100.93	img_5081.jpg	defaultimg_5081.jpg
4404	1	default_camera:same_core	69.17	img_5086.jpg	defaultimg_5086.jpg
4403	1	default_camera:same_core	92.64	img_5080.jpg	defaultimg_5080.jpg
4402	1	default_camera:same_core	76.49	img_5078.jpg	defaultimg_5078.jpg
4399	1	default_camera:same_core	109.66	img_5079.jpg	defaultimg_5079.jpg
4398	1	default_other:same_core	24.96	2264.jpg	default2264.jpg
4397	1	default_camera:same_core	79.5	img_5076.jpg	defaultimg_5076.jpg
4396	1	default_camera:same_core	81.55	img_5066.jpg	defaultimg_5066.jpg
4395	1	default_camera:same_core	81.89	img_5065.jpg	defaultimg_5065.jpg
4394	1	default_camera:same_core	70.06	img_5057.jpg	defaultimg_5057.jpg
4393	1	default_camera:same_core	71.6	img_5063.jpg	defaultimg_5063.jpg
4392	1	default_camera:same_core	82.67	img_5060.jpg	defaultimg_5060.jpg
4391	1	timestamp_rendition:same_id	50.31	img_20220724_201236.jpg	20220724-201236.jpg
4390	1	default_camera:same_core	81.61	img_5054.jpg	defaultimg_5054.jpg
4389	1	default_camera:same_core	69.8	img_5055.jpg	defaultimg_5055.jpg
4387	1	default_camera:same_core	109.21	img_5045.jpg	defaultimg_5045.jpg
4386	1	default_camera:same_core	71.47	img_5047.jpg	defaultimg_5047.jpg
4385	1	default_camera:same_core	70.22	img_5046.jpg	defaultimg_5046.jpg
4384	1	default_camera:same_core	77.14	img_5048.jpg	defaultimg_5048.jpg
4383	1	default_camera:same_core	75.61	img_5040.jpg	defaultimg_5040.jpg
4382	1	default_camera:same_core	105.91	img_5044.jpg	defaultimg_5044.jpg
4381	1	default_camera:same_core	76.62	img_5043.jpg	defaultimg_5043.jpg
4380	1	default_camera:same_core	166.53	img_5037.jpg	defaultimg_5037.jpg
4379	1	default_camera:same_core	79.31	img_5042.jpg	defaultimg_5042.jpg
4378	1	default_camera:same_core	79.26	img_5039.jpg	defaultimg_5039.jpg
4377	1	default_other:same_core	23.51	1346.jpg	default1346.jpg
4376	1	default_camera:same_core	92.25	img_5016.jpg	defaultimg_5016.jpg
4375	1	default_camera:same_core	75.37	img_5041.jpg	defaultimg_5041.jpg
4374	1	default_camera:same_core	139.31	img_5029.jpg	defaultimg_5029.jpg
4373	1	default_camera:same_core	135.65	img_5028.jpg	defaultimg_5028.jpg
4372	1	default_camera:same_core	94.95	img_5026.jpg	defaultimg_5026.jpg
4371	1	default_camera:same_core	101.13	img_5027.jpg	defaultimg_5027.jpg
4370	1	default_camera:same_core	82.5	img_5007.jpg	defaultimg_5007.jpg
4369	1	default_camera:same_core	135.15	img_5021.jpg	defaultimg_5021.jpg
4368	1	default_camera:same_core	102.99	img_5018.jpg	defaultimg_5018.jpg
4367	1	default_camera:same_core	101.83	img_5024.jpg	defaultimg_5024.jpg
4366	1	default_camera:same_core	115.95	img_5022.jpg	defaultimg_5022.jpg
4365	1	default_camera:same_core	100.64	img_5017.jpg	defaultimg_5017.jpg
4364	1	default_camera:same_core	92.98	img_5010.jpg	defaultimg_5010.jpg
4363	1	default_camera:same_core	87.24	img_5004.jpg	defaultimg_5004.jpg
4362	1	default_camera:same_core	84.72	img_5005.jpg	defaultimg_5005.jpg
4360	1	default_camera:same_core	75.11	img_4995.jpg	defaultimg_4995.jpg
4359	1	default_camera:same_core	79.18	img_5002.jpg	defaultimg_5002.jpg
4358	1	default_camera:same_core	75.77	img_4994.jpg	defaultimg_4994.jpg
4356	1	default_camera:same_core	84.99	img_5000.jpg	defaultimg_5000.jpg
4355	1	default_camera:same_core	76.93	img_4998.jpg	defaultimg_4998.jpg
4354	1	default_camera:same_core	87.82	img_4992.jpg	defaultimg_4992.jpg
4353	1	default_other:same_core	23.72	1443.jpg	default1443.jpg
4352	1	default_camera:same_core	88.59	img_4993.jpg	defaultimg_4993.jpg
4350	1	default_camera:same_core	67.97	img_4997.jpg	defaultimg_4997.jpg
4349	1	default_camera:same_core	80.99	img_4984.jpg	defaultimg_4984-2.jpg
4348	1	default_camera:same_core	86.12	img_4985.jpg	defaultimg_4985.jpg
4347	1	default_camera:same_core	73.4	img_4983.jpg	defaultimg_4983-2.jpg
4346	1	default_camera:same_core	107.39	img_4989.jpg	defaultimg_4989.jpg
4345	1	default_camera:same_core	80.35	img_4986.jpg	defaultimg_4986.jpg
4344	1	default_camera:same_core	86.0	img_4984.jpg	defaultimg_4984.jpg
4343	1	default_camera:same_core	93.38	img_4980.jpg	defaultimg_4980-2.jpg
4342	5	default_camera:same_core	89.01	img_4982.jpg	defaultimg_4980.jpg
4341	1	default_camera:same_core	97.5	img_4979.jpg	defaultimg_4979-2.jpg
4340	1	default_camera:same_core	89.4	img_4978.jpg	defaultimg_4978-2.jpg
4339	1	default_camera:same_core	123.18	img_4973.jpg	defaultimg_4973.jpg
4337	1	default_camera:same_core	68.17	img_4973.jpg	defaultimg_4973-2.jpg
4336	1	default_camera:same_core	72.94	img_4972.jpg	defaultimg_4972-2.jpg
4335	1	default_camera:same_core	94.07	img_4966.jpg	defaultimg_4966.jpg
4334	1	default_camera:same_core	100.36	img_4972.jpg	defaultimg_4972.jpg
4333	1	default_camera:same_core	102.7	img_4965.jpg	defaultimg_4965.jpg
4332	1	default_camera:same_core	92.04	img_4967.jpg	defaultimg_4967.jpg
4331	1	default_camera:same_core	84.57	img_4970.jpg	defaultimg_4970-2.jpg
4330	2	default_camera:same_core	94.54	img_4971.jpg	defaultimg_4971.jpg
4329	1	timestamp_rendition:same_id	97.94	img_20220720_192800.jpg	20220720-192800.jpg
4328	1	default_camera:same_core	84.07	img_4969.jpg	defaultimg_4969-2.jpg
4327	2	default_camera:same_core	107.68	img_4969.jpg	defaultimg_4969.jpg
4326	1	timestamp_rendition:same_id	98.13	img_20220720_193010.jpg	20220720-193010.jpg
4325	1	default_camera:same_core	88.27	img_4959.jpg	defaultimg_4959.jpg
4324	1	default_camera:same_core	377.47	img_4958.cr2	defaultimg_4958.cr2
4322	5	default_camera:same_core	92.27	img_4963.jpg	defaultimg_4964.jpg
4320	1	default_camera:same_core	76.94	img_4956.jpg	defaultimg_4956.jpg
4318	1	default_camera:same_core	73.7	img_4957.jpg	defaultimg_4957.jpg
4317	1	default_camera:same_core	541.05	img_4953.cr2	defaultimg_4953.cr2
4316	2	default_camera:same_core	95.02	img_4955.jpg	defaultimg_4952.jpg
4315	1	default_shotwell:same_core	664.51	img_4947.cr2	defaultimg_4947_cr2_shotwell.jpg
4314	1	default_camera:same_core	660.67	img_4940.cr2	defaultimg_4940.cr2
4313	1	default_other:same_core	28.2	2201.jpg	default2201.jpg
4312	1	default_camera:same_core	74.98	img_4934.jpg	defaultimg_4934.jpg
4311	1	default_camera:same_core	108.1	img_4938.jpg	defaultimg_4938-2.jpg
4310	1	default_camera:same_core	99.39	img_4936.jpg	defaultimg_4936-2.jpg
4309	1	default_camera:same_core	69.48	img_4932.jpg	defaultimg_4932.jpg
4308	1	default_camera:same_core	74.64	img_4935.jpg	defaultimg_4935.jpg
4307	1	default_camera:same_core	76.08	img_4937.jpg	defaultimg_4937.jpg
4306	1	default_other:same_core	31.85	1714.jpg	default1714.jpg
4305	1	default_camera:same_core	144.64	img_4932.jpg	defaultimg_4932-2.jpg
4304	1	default_camera:same_core	74.84	img_4936.jpg	defaultimg_4936.jpg
4303	1	default_camera:same_core	70.22	img_4933.jpg	defaultimg_4933.jpg
4302	1	default_camera:same_core	136.26	img_4934.jpg	defaultimg_4934-2.jpg
4301	1	timestamp_rendition:same_id	63.16	img_20220719_174957.jpg	20220719-174957.jpg
4300	1	default_camera:same_core	135.73	img_4933.jpg	defaultimg_4933-2.jpg
4299	1	default_camera:same_core	69.61	img_4931.jpg	defaultimg_4931.jpg
4298	1	default_camera:same_core	118.14	img_4931.jpg	defaultimg_4931-2.jpg
4297	1	default_other:same_core	36.53	1526.jpg	default1526.jpg
4296	2	default_camera:same_core	66.81	img_4929.jpg	defaultimg_4930.jpg
4295	1	default_camera:same_core	85.05	img_4926.jpg	defaultimg_4926.jpg
4294	1	default_shotwell:same_core	338.02	img_4923.cr2	defaultimg_4923_cr2_shotwell.jpg
4293	2	default_camera:same_core	119.26	img_4925.jpg	defaultimg_4924.jpg
4292	1	default_camera:same_core	132.17	img_4919.jpg	defaultimg_4919.jpg
4291	1	default_camera:same_core	93.04	img_4920.jpg	defaultimg_4920.jpg
4290	1	default_camera:same_core	135.44	img_4911.jpg	defaultimg_4911.jpg
4289	1	default_camera:same_core	97.94	img_4907.jpg	defaultimg_4907.jpg
4288	1	timestamp_rendition:same_id	51.85	img_20220718_175620.jpg	20220718-175620.jpg
4287	1	default_camera:same_core	111.37	img_4902.jpg	defaultimg_4902.jpg
4286	1	default_camera:same_core	208.01	img_4889.jpg	defaultimg_4889.jpg
4285	1	default_camera:same_core	109.62	img_4897.jpg	defaultimg_4897.jpg
4284	1	default_camera:same_core	216.44	img_4900.jpg	defaultimg_4900.jpg
4283	1	default_camera:same_core	82.43	img_4908.jpg	defaultimg_4908.jpg
4282	1	default_other:same_core	32.36	1896.jpg	default1896.jpg
4281	1	default_camera:same_core	213.44	img_4898.jpg	defaultimg_4898.jpg
4280	1	default_camera:same_core	101.01	img_4900.jpg	defaultimg_4900-2.jpg
4279	1	default_camera:same_core	177.5	img_4891.jpg	defaultimg_4891.jpg
4278	1	default_camera:same_core	190.22	img_4893.jpg	defaultimg_4893.jpg
4276	1	default_camera:same_core	236.8	img_4895.jpg	defaultimg_4895.jpg
4275	1	default_other:same_core	24.94	1717.jpg	default1717.jpg
4274	1	default_camera:same_core	219.88	img_4896.jpg	defaultimg_4896.jpg
4273	1	default_camera:same_core	55.34	img_4849.jpg	defaultimg_4849.jpg
4272	1	default_camera:same_core	40.14	img_4856.jpg	defaultimg_4856.jpg
4271	1	default_camera:same_core	176.09	img_4876.jpg	defaultimg_4876.jpg
4270	1	default_camera:same_core	199.72	img_4879.jpg	defaultimg_4879.jpg
4269	1	default_camera:same_core	38.8	img_4857.jpg	defaultimg_4857.jpg
4268	1	default_other:same_core	23.62	1386.jpg	default1386.jpg
4267	1	default_camera:same_core	42.61	img_4748.jpg	defaultimg_4748.jpg
4266	1	default_camera:same_core	42.59	img_4812.jpg	defaultimg_4812.jpg
4265	1	default_camera:same_core	44.46	img_4817.jpg	defaultimg_4817.jpg
4264	1	default_camera:same_core	42.08	img_4813.jpg	defaultimg_4813.jpg
4263	1	default_camera:same_core	58.37	img_4806.jpg	defaultimg_4806.jpg
4262	1	default_camera:same_core	64.35	img_4739.jpg	defaultimg_4739.jpg
4260	2	default_camera:same_core	39.39	img_4833.jpg	defaultimg_4834.jpg
4259	1	default_camera:same_core	42.89	img_4816.jpg	defaultimg_4816.jpg
4258	1	default_camera:same_core	54.82	img_4807.jpg	defaultimg_4807.jpg
4257	2	default_camera:same_core	43.22	img_4728.jpg	defaultimg_4729.jpg
4256	1	default_camera:same_core	38.62	img_4741.jpg	defaultimg_4741.jpg
4254	2	default_camera:same_core	46.8	img_4715.jpg	defaultimg_4716.jpg
4253	1	default_camera:same_core	43.24	img_4686.jpg	defaultimg_4686.jpg
4252	1	default_camera:same_core	39.14	img_4732.jpg	defaultimg_4732.jpg
4251	1	default_camera:same_core	40.89	img_4721.jpg	defaultimg_4721.jpg
4250	1	default_other:same_core	22.38	1619.jpg	default1619.jpg
4249	1	default_camera:same_core	90.87	img_4683.jpg	defaultimg_4683.jpg
4248	1	default_camera:same_core	38.78	img_4597.jpg	defaultimg_4597.jpg
4247	1	default_camera:same_core	37.85	img_4635.jpg	defaultimg_4635.jpg
4246	1	default_camera:same_core	34.27	img_4657.jpg	defaultimg_4657.jpg
4245	1	default_camera:same_core	36.43	img_4662.jpg	defaultimg_4662.jpg
4244	1	default_camera:same_core	46.13	img_4685.jpg	defaultimg_4685.jpg
4243	1	default_camera:same_core	127.4	img_4643.jpg	defaultimg_4643.jpg
4242	1	default_other:same_core	20.48	1731.jpg	default1731.jpg
4241	1	default_camera:same_core	156.23	img_4641.jpg	defaultimg_4641.jpg
4240	1	default_camera:same_core	45.04	img_4590.jpg	defaultimg_4590.jpg
4239	1	default_camera:same_core	36.03	img_4586.jpg	defaultimg_4586.jpg
4238	1	default_camera:same_core	78.79	img_4585.jpg	defaultimg_4585.jpg
4237	1	default_camera:same_core	74.95	img_4580.jpg	defaultimg_4580.jpg
4236	1	default_camera:same_core	73.44	img_4579.jpg	defaultimg_4579.jpg
4235	1	default_camera:same_core	91.13	img_4576.jpg	defaultimg_4576.jpg
4234	1	default_camera:same_core	80.83	img_4587.jpg	defaultimg_4587.jpg
4233	1	default_other:same_core	22.19	2105.jpg	default2105.jpg
4232	1	default_camera:same_core	70.22	img_4581.jpg	defaultimg_4581.jpg
4231	1	default_camera:same_core	113.77	img_4571.jpg	defaultimg_4571.jpg
4230	1	default_camera:same_core	83.37	img_4577.jpg	defaultimg_4577.jpg
4229	1	default_camera:same_core	143.43	img_4554.jpg	defaultimg_4554.jpg
4228	1	default_camera:same_core	355.55	img_4543.jpg	defaultimg_4543.jpg
4227	1	default_camera:same_core	78.56	img_4566.jpg	defaultimg_4566.jpg
4226	1	default_other:same_core	21.63	1457.jpg	default1457.jpg
4225	1	default_camera:same_core	111.98	img_4555.jpg	defaultimg_4555.jpg
4224	1	default_camera:same_core	87.8	img_4570.jpg	defaultimg_4570.jpg
4223	1	default_camera:same_core	158.41	img_4532.jpg	defaultimg_4532.jpg
4222	1	default_camera:same_core	81.99	img_4578.jpg	defaultimg_4578.jpg
4221	1	default_camera:same_core	249.72	img_4538.jpg	defaultimg_4538.jpg
4220	1	default_camera:same_core	93.98	img_4573.jpg	defaultimg_4573.jpg
4219	1	default_camera:same_core	120.21	img_4521.jpg	defaultimg_4521.jpg
4218	1	default_camera:same_core	80.7	img_4528.jpg	defaultimg_4528.jpg
4217	1	default_camera:same_core	94.65	img_4530.jpg	defaultimg_4530.jpg
4216	1	default_camera:same_core	139.16	img_4534.jpg	defaultimg_4534.jpg
4215	1	default_other:same_core	24.9	1313.jpg	default1313.jpg
4214	1	default_camera:same_core	107.15	img_4518.jpg	defaultimg_4518.jpg
4213	1	timestamp_rendition	16.0	screenshot_2022-07-17-23-51-51-734_com.gotokeep.keep.jpg	20220720-080101-2.jpg
4212	1	default_camera:same_core	140.67	img_4533.jpg	defaultimg_4533.jpg
4211	1	default_camera:same_core	151.37	img_4525.jpg	defaultimg_4525.jpg
4210	1	default_camera:same_core	126.94	img_4522.jpg	defaultimg_4522.jpg
4209	1	timestamp_rendition:same_id	77.22	img_20220717_195445.jpg	20220717-195445.jpg
4208	1	default_camera:same_core	102.73	img_4536.jpg	defaultimg_4536.jpg
4207	1	default_camera:same_core	91.59	img_4527.jpg	defaultimg_4527.jpg
4206	1	default_other:same_core	24.33	2235.jpg	default2235.jpg
4205	1	default_camera:same_core	183.81	img_4516.jpg	defaultimg_4516.jpg
4204	1	default_camera:same_core	159.54	img_4506.jpg	defaultimg_4506.jpg
4203	1	default_camera:same_core	124.19	img_4511.jpg	defaultimg_4511.jpg
4202	1	default_camera:same_core	86.21	img_4495.jpg	defaultimg_4495.jpg
4201	1	default_camera:same_core	85.74	img_4496.jpg	defaultimg_4496.jpg
4200	1	default_camera:same_core	77.24	img_4492.jpg	defaultimg_4492.jpg
4198	1	default_other:same_core	22.65	1780.jpg	default1780.jpg
4197	1	default_camera:same_core	95.78	img_4497.jpg	defaultimg_4497.jpg
4196	1	default_camera:same_core	78.8	img_4493.jpg	defaultimg_4493.jpg
4195	1	default_camera:same_core	76.17	img_4494.jpg	defaultimg_4494-2.jpg
4194	1	default_camera:same_core	92.97	img_4480.jpg	defaultimg_4480.jpg
4193	1	default_other:same_core	24.66	1445.jpg	default1445.jpg
4192	1	default_camera:same_core	101.69	img_4469.jpg	defaultimg_4469.jpg
4191	1	default_camera:same_core	109.53	img_4472.jpg	defaultimg_4472.jpg
4190	1	default_camera:same_core	87.83	img_4474.jpg	defaultimg_4474.jpg
4189	1	default_other:same_core	23.15	1660.jpg	default1660.jpg
4188	1	default_camera:same_core	106.71	img_4471.jpg	defaultimg_4471.jpg
4187	1	default_camera:same_core	83.96	img_4473.jpg	defaultimg_4473.jpg
4186	1	default_camera:same_core	95.49	img_4468.jpg	defaultimg_4468.jpg
4185	1	default_camera:same_core	104.29	img_4476.jpg	defaultimg_4476.jpg
4184	1	timestamp_rendition:same_id	60.98	img_20220717_190031.jpg	20220717-190031.jpg
4183	1	default_camera:same_core	148.85	img_4467.jpg	defaultimg_4467.jpg
4182	1	default_camera:same_core	127.47	img_4466.jpg	defaultimg_4466.jpg
4181	1	default_camera:same_core	95.91	img_4475.jpg	defaultimg_4475.jpg
4180	1	default_camera:same_core	114.89	img_4432.jpg	defaultimg_4432.jpg
4179	1	default_camera:same_core	108.89	img_4431.jpg	defaultimg_4431.jpg
4177	1	default_camera:same_core	126.72	img_4430.jpg	defaultimg_4430.jpg
4176	1	default_other:same_core	25.61	2048.jpg	default2048.jpg
4175	1	default_camera:same_core	130.13	img_4428.jpg	defaultimg_4428.jpg
4174	1	default_camera:same_core	124.15	img_4429.jpg	defaultimg_4429.jpg
4171	1	default_camera:same_core	115.1	img_4425.jpg	defaultimg_4425.jpg
4170	1	default_camera:same_core	160.17	img_4424.jpg	defaultimg_4424.jpg
4168	1	default_camera:same_core	103.95	img_4467.jpg	defaultimg_4467-2.jpg
4167	1	default_camera:same_core	108.04	img_4420.jpg	defaultimg_4420.jpg
4166	1	default_other:same_core	25.22	1212.jpg	default1212.jpg
4165	1	default_camera:same_core	112.98	img_4421.jpg	defaultimg_4421.jpg
4164	1	default_camera:same_core	150.85	img_4417.jpg	defaultimg_4417.jpg
4163	1	default_camera:same_core	161.43	img_4416.jpg	defaultimg_4416.jpg
4162	1	timestamp_rendition:same_id	130.61	img_20220717_185341.jpg	20220717-185341.jpg
4161	1	default_camera:same_core	136.47	img_4423.jpg	defaultimg_4423.jpg
4160	1	timestamp_rendition:same_id	59.44	img_20220717_185859.jpg	20220717-185859.jpg
4159	1	default_camera:same_core	226.07	img_4422.jpg	defaultimg_4422.jpg
4158	1	default_camera:same_core	110.25	img_4419.jpg	defaultimg_4419.jpg
4157	1	default_camera:same_core	182.19	img_4410.jpg	defaultimg_4410.jpg
4156	1	default_camera:same_core	172.84	img_4415.jpg	defaultimg_4415.jpg
4155	1	default_camera:same_core	158.15	img_4418.jpg	defaultimg_4418.jpg
4154	1	default_camera:same_core	151.02	img_4411.jpg	defaultimg_4411.jpg
4153	1	default_camera:same_core	109.33	img_4397.jpg	defaultimg_4397.jpg
4152	1	default_camera:same_core	124.11	img_4396.jpg	defaultimg_4396.jpg
4151	1	default_camera:same_core	152.24	img_4395.jpg	defaultimg_4395.jpg
4150	1	default_camera:same_core	86.53	img_4466.jpg	defaultimg_4466-2.jpg
4149	1	default_camera:same_core	107.98	img_4401.jpg	defaultimg_4401.jpg
4148	1	default_camera:same_core	142.62	img_4400.jpg	defaultimg_4400.jpg
4147	1	default_camera:same_core	151.36	img_4399.jpg	defaultimg_4399.jpg
4146	1	default_camera:same_core	155.05	img_4392.jpg	defaultimg_4392.jpg
4145	1	default_camera:same_core	152.81	img_4390.jpg	defaultimg_4390.jpg
4144	1	default_camera:same_core	162.66	img_4391.jpg	defaultimg_4391.jpg
4143	1	default_camera:same_core	153.65	img_4384.jpg	defaultimg_4384.jpg
4142	1	default_camera:same_core	211.37	img_4394.jpg	defaultimg_4394.jpg
4141	1	default_other:same_core	24.97	1649.jpg	default1649.jpg
4140	1	default_camera:same_core	125.9	img_4398.jpg	defaultimg_4398.jpg
4139	1	default_camera:same_core	149.33	img_4385.jpg	defaultimg_4385.jpg
4138	1	default_camera:same_core	156.27	img_4393.jpg	defaultimg_4393.jpg
4137	1	default_camera:same_core	133.83	img_4389.jpg	defaultimg_4389.jpg
4136	1	default_camera:same_core	120.55	img_4387.jpg	defaultimg_4387.jpg
4135	1	default_camera:same_core	131.86	img_4386.jpg	defaultimg_4386.jpg
4134	1	default_camera:same_core	138.96	img_4366.jpg	defaultimg_4366.jpg
4133	1	timestamp_rendition:same_id	47.72	img_20220716_183328.jpg	20220716-183328.jpg
4132	1	default_camera:same_core	113.68	img_4373.jpg	defaultimg_4373.jpg
4131	1	default_camera:same_core	139.6	img_4383.jpg	defaultimg_4383.jpg
4130	1	default_camera:same_core	127.55	img_4381.jpg	defaultimg_4381.jpg
4129	1	default_camera:same_core	137.33	img_4376.jpg	defaultimg_4376.jpg
4128	1	default_camera:same_core	134.68	img_4379.jpg	defaultimg_4379.jpg
4127	1	default_camera:same_core	144.05	img_4378.jpg	defaultimg_4378.jpg
4126	1	default_camera:same_core	126.37	img_4388.jpg	defaultimg_4388.jpg
4125	1	default_camera:same_core	122.47	img_4382.jpg	defaultimg_4382.jpg
4124	1	default_camera:same_core	130.72	img_4377.jpg	defaultimg_4377.jpg
4123	1	default_camera:same_core	121.05	img_4372.jpg	defaultimg_4372.jpg
4122	1	default_camera:same_core	164.54	img_4371.jpg	defaultimg_4371.jpg
4121	1	default_camera:same_core	122.57	img_4369.jpg	defaultimg_4369.jpg
4120	1	default_camera:same_core	126.49	img_4374.jpg	defaultimg_4374.jpg
4119	1	default_camera:same_core	125.58	img_4368.jpg	defaultimg_4368.jpg
4118	1	default_camera:same_core	132.45	img_4367.jpg	defaultimg_4367.jpg
4117	1	default_camera:same_core	157.52	img_4365.jpg	defaultimg_4365.jpg
4116	1	default_camera:same_core	115.41	img_4375.jpg	defaultimg_4375.jpg
4115	1	default_camera:same_core	176.94	img_4370.jpg	defaultimg_4370.jpg
4113	1	default_camera:same_core	161.09	img_4364.jpg	defaultimg_4364.jpg
4112	1	default_camera:same_core	135.69	img_4354.jpg	defaultimg_4354.jpg
4111	1	default_camera:same_core	128.16	img_4355.jpg	defaultimg_4355.jpg
4110	1	timestamp_rendition:same_id	44.54	img_20220714_193732.jpg	20220714-193732.jpg
4109	1	default_camera:same_core	106.25	img_4361.jpg	defaultimg_4361.jpg
4108	1	default_camera:same_core	110.21	img_4357.jpg	defaultimg_4357.jpg
4107	1	default_camera:same_core	106.19	img_4360.jpg	defaultimg_4360.jpg
4106	1	default_camera:same_core	160.02	img_4352.jpg	defaultimg_4352.jpg
4105	1	default_camera:same_core	106.01	img_4362.jpg	defaultimg_4362.jpg
4104	1	default_camera:same_core	124.0	img_4356.jpg	defaultimg_4356.jpg
4103	1	default_camera:same_core	108.36	img_4363.jpg	defaultimg_4363.jpg
4102	1	default_camera:same_core	102.74	img_4359.jpg	defaultimg_4359.jpg
4101	1	default_camera:same_core	110.27	img_4350.jpg	defaultimg_4350.jpg
4100	1	default_camera:same_core	109.47	img_4351.jpg	defaultimg_4351.jpg
4099	1	default_camera:same_core	115.14	img_4349.jpg	defaultimg_4349.jpg
4098	1	default_camera:same_core	165.1	img_4343.jpg	defaultimg_4343.jpg
4097	1	default_camera:same_core	125.5	img_4345.jpg	defaultimg_4345.jpg
4096	2	default_camera:same_core	126.47	img_4347.jpg	defaultimg_4346.jpg
4095	1	default_camera:same_core	168.59	img_4342.jpg	defaultimg_4342.jpg
4094	1	default_camera:same_core	113.77	img_4344.jpg	defaultimg_4344.jpg
4093	1	default_camera:same_core	118.09	img_4348.jpg	defaultimg_4348.jpg
4092	1	default_camera:same_core	132.45	img_4353.jpg	defaultimg_4353.jpg
4091	1	default_camera:same_core	133.41	img_4341.jpg	defaultimg_4341.jpg
4090	1	default_camera:same_core	122.51	img_4338.jpg	defaultimg_4338.jpg
4089	1	timestamp_rendition:same_id	66.78	img_20220714_193737.jpg	20220714-193737.jpg
4088	1	default_other:same_core	50.05	6472327169019249166.jpg	default6472327169019249166.jpg
4087	1	default_camera:same_core	132.0	img_4337.jpg	defaultimg_4337.jpg
4086	1	default_camera:same_core	126.92	img_4339.jpg	defaultimg_4339.jpg
4085	1	default_camera:same_core	117.69	img_4330.jpg	defaultimg_4330.jpg
4084	1	default_camera:same_core	128.05	img_4340.jpg	defaultimg_4340.jpg
4083	1	default_camera:same_core	128.54	img_4336.jpg	defaultimg_4336.jpg
4082	1	default_camera:same_core	112.21	img_4325.jpg	defaultimg_4325.jpg
4081	1	default_camera:same_core	132.63	img_4323.jpg	defaultimg_4323.jpg
4080	2	default_camera:same_core	121.3	img_4334.jpg	defaultimg_4333.jpg
4079	1	default_camera:same_core	124.07	img_4335.jpg	defaultimg_4335.jpg
4078	1	default_camera:same_core	123.2	img_4331.jpg	defaultimg_4331.jpg
4077	1	default_camera:same_core	124.25	img_4332.jpg	defaultimg_4332.jpg
4076	1	default_other:same_core	51.27	6472325671602373134.jpg	default6472325671602373134.jpg
4075	1	default_camera:same_core	108.45	img_4328.jpg	defaultimg_4328.jpg
4074	1	default_camera:same_core	112.22	img_4329.jpg	defaultimg_4329.jpg
4073	1	default_camera:same_core	109.33	img_4322.jpg	defaultimg_4322.jpg
4072	2	default_camera:same_core	121.37	img_4327.jpg	defaultimg_4326.jpg
4071	2	default_camera:same_core	136.99	img_4358.jpg	defaultimg_4324.jpg
4070	1	default_camera:same_core	111.14	img_4321.jpg	defaultimg_4321.jpg
4069	1	default_other:same_core	26.52	1703.jpg	default1703.jpg
4068	1	default_camera:same_core	117.44	img_4320.jpg	defaultimg_4320.jpg
4067	1	default_camera:same_core	109.22	img_4319.jpg	defaultimg_4319.jpg
4066	1	default_other:same_core	26.73	6472327012630413838.jpg	default6472327012630413838.jpg
4065	1	default_other:same_core	26.65	1372.jpg	default1372.jpg
4064	1	default_camera:same_core	109.71	img_4318.jpg	defaultimg_4318.jpg
4063	1	default_camera:same_core	115.63	img_4317.jpg	defaultimg_4317.jpg
4062	1	default_other:same_core	32.51	1364.jpg	default1364.jpg
4061	1	default_camera:same_core	136.22	img_4312.jpg	defaultimg_4312.jpg
4060	1	default_camera:same_core	97.37	img_4313.jpg	defaultimg_4313.jpg
4059	1	timestamp_rendition:same_id	135.77	img_20220709_210559.jpg	20220709-210559.jpg
4058	1	default_camera:same_core	143.66	img_4311.jpg	defaultimg_4311.jpg
4057	1	default_other:same_core	50.2	6472326727308673549.jpg	default6472326727308673549.jpg
4056	1	default_camera:same_core	149.18	img_4309.jpg	defaultimg_4309.jpg
4055	1	default_camera:same_core	95.95	img_4314.jpg	defaultimg_4314.jpg
4053	1	default_camera:same_core	121.42	img_4306.jpg	defaultimg_4306.jpg
4052	1	default_camera:same_core	110.93	img_4310.jpg	defaultimg_4310.jpg
4051	1	default_camera:same_core	106.77	img_4308.jpg	defaultimg_4308.jpg
4050	1	timestamp_rendition	11.89	screenshot_2022-07-09-16-09-03-608_com.tencent.mm.jpg	20220709-160920-2.jpg
4049	1	default_camera:same_core	116.42	img_4307.jpg	defaultimg_4307.jpg
4048	1	default_camera:same_core	134.65	img_4301.jpg	defaultimg_4301.jpg
4047	1	default_other:same_core	28.89	2005.jpg	default2005.jpg
4046	1	default_camera:same_core	112.44	img_4304.jpg	defaultimg_4304.jpg
4044	1	default_camera:same_core	112.19	img_4303.jpg	defaultimg_4303.jpg
4043	1	default_camera:same_core	113.1	img_4302.jpg	defaultimg_4302.jpg
4042	1	default_camera:same_core	124.94	img_4293.jpg	defaultimg_4293.jpg
4041	1	default_camera:same_core	115.44	img_4295.jpg	defaultimg_4295.jpg
4040	1	default_camera:same_core	151.76	img_4296.jpg	defaultimg_4296.jpg
4039	1	default_other:same_core	49.62	6472327162635518478.jpg	default6472327162635518478.jpg
4038	1	default_camera:same_core	118.8	img_4292.jpg	defaultimg_4292.jpg
4037	1	default_camera:same_core	129.94	img_4294.jpg	defaultimg_4294.jpg
4036	1	default_camera:same_core	98.88	img_4291.jpg	defaultimg_4291.jpg
4035	1	default_other:same_core	25.45	6472326713035473421.jpg	default6472326713035473421.jpg
4034	1	default_camera:same_core	134.7	img_4285.jpg	defaultimg_4285.jpg
4033	1	default_camera:same_core	119.76	img_4288.jpg	defaultimg_4288.jpg
4032	1	default_camera:same_core	118.68	img_4287.jpg	defaultimg_4287.jpg
4031	1	default_camera:same_core	140.88	img_4286.jpg	defaultimg_4286.jpg
4030	1	default_camera:same_core	137.71	img_4284.jpg	defaultimg_4284.jpg
4029	1	default_other:same_core	71.73	6472331833643106830.jpg	default6472331833643106830.jpg
4028	1	default_camera:same_core	123.09	img_4283.jpg	defaultimg_4283.jpg
4027	1	timestamp_rendition:same_id	79.57	img_20220706_220036.jpg	20220706-220036.jpg
4026	1	default_camera:same_core	163.73	img_4281.jpg	defaultimg_4281.jpg
4025	1	default_camera:same_core	120.46	img_4280.jpg	defaultimg_4280.jpg
4024	1	default_camera:same_core	108.63	img_4282.jpg	defaultimg_4282.jpg
4022	2	default_camera:same_core	147.84	img_4278.jpg	defaultimg_4278.jpg
4021	1	default_camera:same_core	146.18	img_4273.jpg	defaultimg_4273.jpg
4019	1	default_camera:same_core	123.76	img_4275.jpg	defaultimg_4275.jpg
4018	1	default_camera:same_core	121.51	img_4277.jpg	defaultimg_4277.jpg
4017	1	default_camera:same_core	136.8	img_4276.jpg	defaultimg_4276.jpg
4016	1	default_camera:same_core	91.58	img_4269.jpg	defaultimg_4269.jpg
4015	1	default_camera:same_core	174.18	img_4274.jpg	defaultimg_4274.jpg
4014	1	default_timestamp:same_core	26.95	2012-05-19 23.44.22.jpg	default2012-05-19 23.44.22.jpg
4013	1	default_camera:same_core	108.69	img_4271.jpg	defaultimg_4271.jpg
4012	1	default_camera:same_core	91.16	img_4270.jpg	defaultimg_4270.jpg
4011	1	default_camera:same_core	89.43	img_4263.jpg	defaultimg_4263.jpg
4010	1	default_camera:same_core	141.87	img_4272.jpg	defaultimg_4272.jpg
4009	1	default_camera:same_core	89.22	img_4268.jpg	defaultimg_4268.jpg
4008	1	default_camera:same_core	98.92	img_4265.jpg	defaultimg_4265.jpg
4007	2	default_camera:same_core	96.66	img_4267.jpg	defaultimg_4266.jpg
4006	1	default_camera:same_core	88.87	img_4264.jpg	defaultimg_4264.jpg
4005	1	default_camera:same_core	89.68	img_4262.jpg	defaultimg_4262.jpg
4004	1	default_camera:same_core	88.95	img_4261.jpg	defaultimg_4261.jpg
4001	1	default_camera:same_core	99.08	img_4260.jpg	defaultimg_4260.jpg
4000	1	default_timestamp:same_core	24.39	2012-05-17 14.46.18.jpg	default2012-05-17 14.46.18.jpg
3998	2	default_camera:same_core	93.09	img_4258.jpg	defaultimg_4259.jpg
3997	1	default_other:same_core	36.87	6472326951510999566.jpg	default6472326951510999566.jpg
3996	2	default_camera:same_core	98.4	img_4248.jpg	defaultimg_4247.jpg
3995	1	default_camera:same_core	100.74	img_4252.jpg	defaultimg_4252.jpg
3993	1	default_camera:same_core	68.88	img_4237.jpg	defaultimg_4237.jpg
3992	1	default_camera:same_core	109.47	img_4243.jpg	defaultimg_4243.jpg
3990	2	default_camera:same_core	70.66	img_4241.jpg	defaultimg_4241.jpg
3989	1	timestamp_rendition:same_id	46.05	img_20220702_180123.jpg	20220702-180123.jpg
3988	1	default_camera:same_core	70.54	img_4236.jpg	defaultimg_4236.jpg
3987	3	default_camera:same_core	89.05	img_4238.jpg	defaultimg_4240.jpg
3983	2	default_camera:same_core	89.04	img_4234.jpg	defaultimg_4235.jpg
3982	2	default_camera:same_core	82.12	img_4231.jpg	defaultimg_4230.jpg
3981	2	default_camera:same_core	82.48	img_4232.jpg	defaultimg_4233.jpg
3980	1	default_camera:same_core	83.16	img_4221.jpg	defaultimg_4221.jpg
3978	2	default_camera:same_core	70.81	img_4229.jpg	defaultimg_4228.jpg
3977	1	default_camera:same_core	66.42	img_4227.jpg	defaultimg_4227.jpg
3976	1	default_camera:same_core	66.2	img_4226.jpg	defaultimg_4226.jpg
3975	1	default_other:same_core	20.69	1164.jpg	default1164.jpg
3974	1	default_camera:same_core	79.77	img_4218.jpg	defaultimg_4218.jpg
3973	1	default_camera:same_core	67.38	img_4216.jpg	defaultimg_4216.jpg
3972	2	default_camera:same_core	69.53	img_4222.jpg	defaultimg_4223.jpg
3971	1	default_camera:same_core	70.56	img_4220.jpg	defaultimg_4220.jpg
3970	1	default_other:same_core	55.28	6472331205915181582.jpg	default6472331205915181582.jpg
3968	1	default_camera:same_core	68.88	img_4219.jpg	defaultimg_4219.jpg
3967	1	default_camera:same_core	67.46	img_4225.jpg	defaultimg_4225.jpg
3966	1	default_camera:same_core	88.37	img_4217.jpg	defaultimg_4217.jpg
3964	1	default_camera:same_core	77.81	img_4215.jpg	defaultimg_4215.jpg
3963	1	default_camera:same_core	66.24	img_4208.jpg	defaultimg_4208.jpg
3962	1	default_other:same_core	21.11	1677.jpg	default1677.jpg
3961	1	default_camera:same_core	65.99	img_4212.jpg	defaultimg_4212.jpg
3960	2	default_camera:same_core	86.24	img_4214.jpg	defaultimg_4213.jpg
3959	1	default_camera:same_core	80.57	img_4207.jpg	defaultimg_4207.jpg
3958	1	default_camera:same_core	64.72	img_4209.jpg	defaultimg_4209.jpg
3957	1	default_other:same_core	30.79	6472325877299413517.jpg	default6472325877299413517.jpg
3956	1	default_camera:same_core	77.69	img_4206.jpg	defaultimg_4206.jpg
3955	1	default_camera:same_core	68.17	img_4211.jpg	defaultimg_4211.jpg
3954	1	default_other:same_core	23.75	2181.jpg	default2181.jpg
3953	1	default_camera:same_core	92.36	img_4205.jpg	defaultimg_4205.jpg
3952	1	default_camera:same_core	66.36	img_4210.jpg	defaultimg_4210.jpg
3951	1	default_camera:same_core	101.99	img_4199.jpg	defaultimg_4199.jpg
3950	1	default_other:same_core	76.66	1747.jpg	default1747.jpg
3949	1	default_camera:same_core	105.59	img_4193.jpg	defaultimg_4193.jpg
3948	1	default_camera:same_core	96.38	img_4198.jpg	defaultimg_4198.jpg
3947	1	default_camera:same_core	84.26	img_4191.jpg	defaultimg_4191.jpg
3946	1	default_camera:same_core	107.21	img_4195.jpg	defaultimg_4195.jpg
3945	1	default_camera:same_core	85.66	img_4197.jpg	defaultimg_4197.jpg
3944	1	default_camera:same_core	105.24	img_4194.jpg	defaultimg_4194.jpg
3943	1	default_other:same_core	87.05	2225.jpg	default2225.jpg
3941	2	default_camera:same_core	90.01	img_4189.jpg	defaultimg_4188.jpg
3939	1	default_camera:same_core	101.79	img_4196.jpg	defaultimg_4196.jpg
3937	1	default_camera:same_core	84.03	img_4177.jpg	defaultimg_4177.jpg
3936	1	default_other:same_core	49.0	6472326896355901965.jpg	default6472326896355901965.jpg
3935	1	default_other:same_core	52.88	6472331840798589454.jpg	default6472331840798589454.jpg
3933	1	default_camera:same_core	106.0	img_4151.jpg	defaultimg_4151.jpg
3932	2	default_camera:same_core	111.28	img_4150.jpg	defaultimg_4149.jpg
3931	1	default_camera:same_core	116.5	img_4138.jpg	defaultimg_4138.jpg
3930	1	default_camera:same_core	103.01	img_4148.jpg	defaultimg_4148.jpg
3929	1	default_camera:same_core	107.21	img_4142.jpg	defaultimg_4142.jpg
3928	1	default_camera:same_core	116.91	img_4146.jpg	defaultimg_4146.jpg
3927	1	default_camera:same_core	108.82	img_4144.jpg	defaultimg_4144.jpg
3926	1	default_camera:same_core	92.73	img_4145.jpg	defaultimg_4145.jpg
3924	1	default_camera:same_core	115.76	img_4139.jpg	defaultimg_4139.jpg
3923	1	default_camera:same_core	100.11	img_4141.jpg	defaultimg_4141.jpg
3922	1	default_camera:same_core	133.61	img_4143.jpg	defaultimg_4143.jpg
3921	1	default_camera:same_core	149.75	img_4137.jpg	defaultimg_4137.jpg
3920	1	default_camera:same_core	153.95	img_4125.jpg	defaultimg_4125.jpg
3919	1	default_camera:same_core	150.48	img_4123.jpg	defaultimg_4123.jpg
3918	1	default_camera:same_core	166.31	img_4131.jpg	defaultimg_4131.jpg
3917	1	default_camera:same_core	148.33	img_4136.jpg	defaultimg_4136.jpg
3916	1	default_camera:same_core	161.07	img_4124.jpg	defaultimg_4124.jpg
3915	8	default_camera:same_core	189.15	img_4135.jpg	defaultimg_4126.jpg
3914	1	default_camera:same_core	251.97	img_4019.jpg	defaultimg_4019.jpg
3912	1	default_camera:same_core	93.17	img_4020.jpg	defaultimg_4020.jpg
3910	1	default_camera:same_core	125.28	img_4021.jpg	defaultimg_4021.jpg
3909	1	default_other:same_core	32.84	1408.jpg	default1408.jpg
3908	1	default_camera:same_core	92.72	img_4013.jpg	defaultimg_4013.jpg
3907	1	default_camera:same_core	72.89	img_4014.jpg	defaultimg_4014.jpg
3905	1	default_camera:same_core	88.15	img_4016.jpg	defaultimg_4016.jpg
3904	1	default_camera:same_core	74.28	img_4009.jpg	defaultimg_4009.jpg
3903	1	default_camera:same_core	77.36	img_4008.jpg	defaultimg_4008.jpg
3902	1	default_camera:same_core	95.61	img_4010.jpg	defaultimg_4010.jpg
3901	1	default_camera:same_core	94.09	img_4011.jpg	defaultimg_4011.jpg
3900	1	default_camera:same_core	98.63	img_3996.jpg	defaultimg_3996.jpg
3899	1	default_camera:same_core	94.35	img_3994.jpg	defaultimg_3994.jpg
3898	1	default_camera:same_core	97.85	img_3989.jpg	defaultimg_3989.jpg
3897	1	default_camera:same_core	77.04	img_3988.jpg	defaultimg_3988.jpg
3896	1	default_camera:same_core	96.05	img_3997.jpg	defaultimg_3997.jpg
3895	1	default_camera:same_core	83.96	img_3978.jpg	defaultimg_3978.jpg
3893	1	default_camera:same_core	72.27	img_3974.jpg	defaultimg_3974.jpg
3892	1	default_camera:same_core	135.78	img_3971.jpg	defaultimg_3971.jpg
3891	1	default_camera:same_core	75.65	img_3960.jpg	defaultimg_3960.jpg
3890	1	default_camera:same_core	75.77	img_3973.jpg	defaultimg_3973.jpg
3889	1	default_camera:same_core	74.28	img_3975.jpg	defaultimg_3975.jpg
3888	1	default_camera:same_core	130.47	img_3970.jpg	defaultimg_3970.jpg
3887	1	default_camera:same_core	125.4	img_3969.jpg	defaultimg_3969.jpg
3886	1	default_camera:same_core	124.25	img_3966.jpg	defaultimg_3966.jpg
3885	1	default_camera:same_core	131.22	img_3964.jpg	defaultimg_3964.jpg
3884	1	default_camera:same_core	74.85	img_3962.jpg	defaultimg_3962.jpg
3883	1	default_camera:same_core	116.77	img_3968.jpg	defaultimg_3968.jpg
3882	1	default_camera:same_core	84.2	img_3959.jpg	defaultimg_3959.jpg
3881	1	default_camera:same_core	70.55	img_3961.jpg	defaultimg_3961.jpg
3880	1	default_camera:same_core	101.68	img_3956.jpg	defaultimg_3956.jpg
3879	1	default_camera:same_core	132.63	img_3965.jpg	defaultimg_3965.jpg
3878	1	default_other:same_core	32.75	6472325798412960269.jpg	default6472325798412960269.jpg
3877	1	default_camera:same_core	136.25	img_3963.jpg	defaultimg_3963.jpg
3876	1	default_camera:same_core	84.93	img_3958.jpg	defaultimg_3958.jpg
3875	1	default_camera:same_core	109.15	img_3953.jpg	defaultimg_3953.jpg
3874	1	default_camera:same_core	106.38	img_3957.jpg	defaultimg_3957.jpg
3873	1	default_camera:same_core	90.64	img_3950.jpg	defaultimg_3950.jpg
3872	1	default_camera:same_core	145.22	img_3940.jpg	defaultimg_3940.jpg
3871	1	default_camera:same_core	87.82	img_3949.jpg	defaultimg_3949.jpg
3870	1	default_camera:same_core	108.64	img_3948.jpg	defaultimg_3948.jpg
3869	1	default_camera:same_core	185.07	img_3937.jpg	defaultimg_3937.jpg
3868	1	default_camera:same_core	232.87	img_3932.jpg	defaultimg_3932.jpg
3866	1	default_camera:same_core	81.15	img_3930.jpg	defaultimg_3930.jpg
3865	1	default_camera:same_core	279.92	img_3939.jpg	defaultimg_3939.jpg
3864	1	default_camera:same_core	131.93	img_3938.jpg	defaultimg_3938.jpg
3863	1	default_other:same_core	34.76	6472325837549994509.jpg	default6472325837549994509.jpg
3862	1	default_camera:same_core	83.42	img_3926.jpg	defaultimg_3926.jpg
3861	1	default_camera:same_core	242.19	img_3941.jpg	defaultimg_3941.jpg
3860	1	default_camera:same_core	77.55	img_3929.jpg	defaultimg_3929.jpg
3859	1	default_camera:same_core	81.87	img_3927.jpg	defaultimg_3927.jpg
3858	1	default_camera:same_core	71.62	img_3923.jpg	defaultimg_3923.jpg
3857	1	default_camera:same_core	109.27	img_3921.jpg	defaultimg_3921.jpg
3856	1	default_camera:same_core	80.42	img_3919.jpg	defaultimg_3919.jpg
3855	1	default_camera:same_core	86.49	img_3918.jpg	defaultimg_3918.jpg
3854	1	default_camera:same_core	89.56	img_3922.jpg	defaultimg_3922.jpg
3853	1	default_camera:same_core	99.63	img_3913.jpg	defaultimg_3913.jpg
3852	1	default_camera:same_core	87.39	img_3917.jpg	defaultimg_3917.jpg
3851	1	default_camera:same_core	76.03	img_3924.jpg	defaultimg_3924.jpg
3850	1	default_camera:same_core	92.42	img_3899.jpg	defaultimg_3899.jpg
3849	1	default_camera:same_core	97.75	img_3910.jpg	defaultimg_3910.jpg
3848	1	default_camera:same_core	82.6	img_3907.jpg	defaultimg_3907.jpg
3847	1	default_camera:same_core	102.27	img_3905.jpg	defaultimg_3905.jpg
3846	1	default_camera:same_core	99.37	img_3914.jpg	defaultimg_3914.jpg
3845	1	default_camera:same_core	102.22	img_3900.jpg	defaultimg_3900.jpg
3844	1	default_camera:same_core	106.45	img_3901.jpg	defaultimg_3901.jpg
3842	1	default_camera:same_core	98.88	img_3912.jpg	defaultimg_3912.jpg
3841	1	default_camera:same_core	109.37	img_3906.jpg	defaultimg_3906.jpg
3840	1	default_camera:same_core	97.71	img_3895.jpg	defaultimg_3895.jpg
3839	1	default_camera:same_core	107.02	img_3885.jpg	defaultimg_3885.jpg
3838	1	default_camera:same_core	191.11	img_3908.jpg	defaultimg_3908.jpg
3837	1	default_camera:same_core	130.6	img_3904.jpg	defaultimg_3904.jpg
3836	1	default_camera:same_core	83.61	img_3898.jpg	defaultimg_3898.jpg
3835	1	default_camera:same_core	71.7	img_3891.jpg	defaultimg_3891.jpg
3834	1	default_camera:same_core	91.37	img_3897.jpg	defaultimg_3897.jpg
3833	1	default_camera:same_core	99.0	img_3896.jpg	defaultimg_3896.jpg
3832	1	default_camera:same_core	93.0	img_3894.jpg	defaultimg_3894.jpg
3831	1	default_camera:same_core	90.42	img_3878.jpg	defaultimg_3878.jpg
3830	1	default_camera:same_core	80.76	img_3879.jpg	defaultimg_3879.jpg
3829	1	default_camera:same_core	103.61	img_3890.jpg	defaultimg_3890.jpg
3828	1	default_camera:same_core	68.72	img_3882.jpg	defaultimg_3882.jpg
3827	1	default_camera:same_core	76.12	img_3886.jpg	defaultimg_3886.jpg
3826	1	default_other:same_core	35.79	1186.jpg	default1186.jpg
3825	1	default_camera:same_core	70.61	img_3887.jpg	defaultimg_3887.jpg
3824	1	default_camera:same_core	110.5	img_3884.jpg	defaultimg_3884.jpg
3823	1	default_camera:same_core	77.17	img_3880.jpg	defaultimg_3880.jpg
3822	1	default_camera:same_core	81.1	img_3877.jpg	defaultimg_3877.jpg
3821	1	default_camera:same_core	80.98	img_3875.jpg	defaultimg_3875.jpg
3820	1	default_camera:same_core	536.44	img_3858 - img_3862.tif	defaultimg_3858 - img_3862.tif
3819	1	default_camera:same_core	128.3	img_3863.jpg	defaultimg_3863.jpg
3818	1	default_camera:same_core	167.87	img_3870.jpg	defaultimg_3870.jpg
3817	1	default_other:same_core	36.76	6472327046130303502.jpg	default6472327046130303502.jpg
3816	1	default_camera:same_core	93.12	img_3876.jpg	defaultimg_3876.jpg
3815	1	default_camera:same_core	91.14	img_3868.jpg	defaultimg_3868.jpg
3814	1	default_camera:same_core	102.8	img_3867.jpg	defaultimg_3867.jpg
3813	1	default_camera:same_core	171.17	img_3853.jpg	defaultimg_3853.jpg
3812	1	default_camera:same_core	74.47	img_3864.jpg	defaultimg_3864.jpg
3811	1	default_camera:same_core	103.45	img_3855.jpg	defaultimg_3855.jpg
3810	1	default_camera:same_core	174.66	img_3854.jpg	defaultimg_3854.jpg
3809	1	default_camera:same_core	99.98	img_3850.jpg	defaultimg_3850.jpg
3808	1	default_camera:same_core	96.18	img_3852.jpg	defaultimg_3852.jpg
3807	1	default_camera:same_core	81.05	img_3845.jpg	defaultimg_3845.jpg
3806	1	default_other:same_core	46.24	1719.jpg	default1719.jpg
3805	1	default_camera:same_core	83.25	img_3836.jpg	defaultimg_3836.jpg
3802	1	default_camera:same_core	122.84	img_3839.jpg	defaultimg_3839.jpg
3801	1	default_camera:same_core	124.55	img_3847.jpg	defaultimg_3847.jpg
3800	1	default_camera:same_core	91.53	img_3843.jpg	defaultimg_3843.jpg
3799	1	default_camera:same_core	115.17	img_3828.jpg	defaultimg_3828.jpg
3798	1	default_camera:same_core	118.37	img_3823.jpg	defaultimg_3823-2.jpg
3797	1	default_camera:same_core	107.28	img_3823.jpg	defaultimg_3823.jpg
3796	1	default_camera:same_core	101.51	img_3827.jpg	defaultimg_3827.jpg
3795	1	default_camera:same_core	116.19	img_3821.jpg	defaultimg_3821.jpg
3794	1	default_camera:same_core	123.22	img_3824.jpg	defaultimg_3824.jpg
3793	1	default_camera:same_core	96.43	img_3822.jpg	defaultimg_3822.jpg
3792	1	default_camera:same_core	106.81	img_3826.jpg	defaultimg_3826.jpg
3791	1	default_camera:same_core	195.24	img_3820.jpg	defaultimg_3820-2.jpg
3790	1	default_camera:same_core	102.26	img_3822.jpg	defaultimg_3822-2.jpg
3789	1	default_other:same_core	53.63	2158.jpg	default2158.jpg
3788	1	default_camera:same_core	89.28	img_3815.jpg	defaultimg_3815-2.jpg
3786	1	default_camera:same_core	167.77	img_3817.jpg	defaultimg_3817-2.jpg
3785	2	default_camera:same_core	120.91	img_3816.jpg	defaultimg_3817.jpg
3784	3	default_camera:same_core	135.53	img_3818.jpg	defaultimg_3819.jpg
3783	1	default_camera:same_core	107.7	img_3813.jpg	defaultimg_3813-2.jpg
3782	1	default_camera:same_core	123.78	img_3807.jpg	defaultimg_3807.jpg
3781	2	default_camera:same_core	122.85	img_3815.jpg	defaultimg_3814.jpg
3780	1	default_camera:same_core	96.74	img_3808.jpg	defaultimg_3808.jpg
3779	1	default_camera:same_core	87.06	img_3808.jpg	defaultimg_3808-2.jpg
3778	1	default_camera:same_core	97.37	img_3811.jpg	defaultimg_3811-2.jpg
3777	1	default_camera:same_core	89.56	img_3807.jpg	defaultimg_3807-2.jpg
3776	2	default_camera:same_core	115.92	img_3813.jpg	defaultimg_3812.jpg
3775	1	default_camera:same_core	75.49	img_3816.jpg	defaultimg_3816-2.jpg
3774	1	default_camera:same_core	73.35	img_3806.jpg	defaultimg_3806.jpg
3773	3	default_camera:same_core	125.82	img_3809.jpg	defaultimg_3810.jpg
3772	1	default_other:same_core	62.67	1605.jpg	default1605.jpg
3771	1	default_camera:same_core	98.5	img_3809.jpg	defaultimg_3809-2.jpg
3770	1	default_camera:same_core	72.26	img_3810.jpg	defaultimg_3810-2.jpg
3769	1	default_camera:same_core	72.26	img_3804.jpg	defaultimg_3804.jpg
3768	1	default_camera:same_core	68.2	img_3805.jpg	defaultimg_3805.jpg
3767	1	default_camera:same_core	133.93	img_3802.jpg	defaultimg_3802-2.jpg
3766	3	default_camera:same_core	77.57	img_3803.jpg	defaultimg_3801.jpg
3765	1	default_camera:same_core	72.5	img_3798.jpg	defaultimg_3798.jpg
3764	1	default_camera:same_core	97.59	img_3796.jpg	defaultimg_3796-2.jpg
3762	1	default_camera:same_core	127.93	img_3805.jpg	defaultimg_3805-2.jpg
3761	1	default_camera:same_core	136.26	img_3797.jpg	defaultimg_3797-2.jpg
3760	2	default_camera:same_core	70.61	img_3795.jpg	defaultimg_3797.jpg
3759	2	default_camera:same_core	72.63	img_3799.jpg	defaultimg_3800.jpg
3758	1	default_other:same_core	56.64	1494.jpg	default1494.jpg
3757	1	default_camera:same_core	68.18	img_3794.jpg	defaultimg_3794.jpg
3756	1	default_camera:same_core	77.92	img_3796.jpg	defaultimg_3796.jpg
3755	1	default_camera:same_core	102.1	img_3793.jpg	defaultimg_3793-2.jpg
3754	1	default_other:same_core	81.1	6472327072642499085.jpg	default6472327072642499085.jpg
3753	1	default_camera:same_core	140.03	img_3788.jpg	defaultimg_3788-2.jpg
3752	7	default_camera:same_core	86.31	img_3792.jpg	defaultimg_3790.jpg
3751	1	default_camera:same_core	70.85	img_3785.jpg	defaultimg_3785.jpg
3750	1	default_camera:same_core	148.29	img_3782.jpg	defaultimg_3782-2.jpg
3749	1	default_camera:same_core	121.67	img_3785.jpg	defaultimg_3785-2.jpg
3748	1	default_camera:same_core	63.58	img_3781.jpg	defaultimg_3781.jpg
3747	1	default_camera:same_core	68.53	img_3784.jpg	defaultimg_3784.jpg
3746	1	default_camera:same_core	68.77	img_3780.jpg	defaultimg_3780.jpg
3745	1	default_camera:same_core	65.76	img_3783.jpg	defaultimg_3783.jpg
3744	1	default_camera:same_core	115.93	img_3787.jpg	defaultimg_3787-2.jpg
3743	1	default_camera:same_core	64.83	img_3782.jpg	defaultimg_3782.jpg
3742	1	default_other:same_core	76.17	1385.jpg	default1385.jpg
3741	1	default_camera:same_core	95.83	img_3779.jpg	defaultimg_3779-2.jpg
3740	1	default_camera:same_core	150.84	img_3780.jpg	defaultimg_3780-2.jpg
3739	1	default_camera:same_core	74.23	img_3778.jpg	defaultimg_3778.jpg
3738	1	default_camera:same_core	73.69	img_3779.jpg	defaultimg_3779.jpg
3737	1	default_camera:same_core	76.18	img_3765.jpg	defaultimg_3765.jpg
3736	1	default_camera:same_core	76.59	img_3774.jpg	defaultimg_3774.jpg
3735	1	default_camera:same_core	61.95	img_3772.jpg	defaultimg_3772.jpg
3734	1	default_camera:same_core	80.32	img_3773.jpg	defaultimg_3773.jpg
3732	1	default_camera:same_core	100.08	img_3771.jpg	defaultimg_3771.jpg
3731	1	default_camera:same_core	90.87	img_3769.jpg	defaultimg_3769.jpg
3730	1	default_other:same_core	48.32	1897.jpg	default1897.jpg
3729	1	default_camera:same_core	104.72	img_3768.jpg	defaultimg_3768.jpg
3728	1	default_other:same_core	57.83	6472327296286982670.jpg	default6472327296286982670.jpg
3727	1	default_camera:same_core	107.91	img_3765.jpg	defaultimg_3765-2.jpg
3726	1	default_camera:same_core	100.61	img_3760.jpg	defaultimg_3760.jpg
3725	1	default_camera:same_core	86.65	img_3759.jpg	defaultimg_3759.jpg
3724	1	default_camera:same_core	92.26	img_3763.jpg	defaultimg_3763-2.jpg
3723	1	default_camera:same_core	88.09	img_3762.jpg	defaultimg_3762-2.jpg
3722	3	default_camera:same_core	76.66	img_3763.jpg	defaultimg_3763.jpg
3721	1	default_camera:same_core	95.77	img_3761.jpg	defaultimg_3761.jpg
3720	1	default_camera:same_core	92.06	img_3764.jpg	defaultimg_3764-2.jpg
3719	1	default_camera:same_core	95.36	img_3758.jpg	defaultimg_3758-2.jpg
3718	1	default_camera:same_core	93.9	img_3744.jpg	defaultimg_3744.jpg
3717	1	default_camera:same_core	141.3	img_3749.jpg	defaultimg_3749.jpg
3716	1	default_camera:same_core	111.26	img_3751.jpg	defaultimg_3751.jpg
3715	1	default_other:same_core	37.32	6472321741908607501.jpg	default6472321741908607501.jpg
3714	1	default_camera:same_core	198.96	img_3752.jpg	defaultimg_3752.jpg
3713	4	default_camera:same_core	73.04	img_3756.jpg	defaultimg_3755.jpg
3712	1	default_camera:same_core	95.9	img_3746.jpg	defaultimg_3746.jpg
3711	1	default_camera:same_core	89.04	img_3747.jpg	defaultimg_3747.jpg
3710	1	default_camera:same_core	121.97	img_3743.jpg	defaultimg_3743.jpg
3709	1	default_camera:same_core	105.11	img_3745.jpg	defaultimg_3745.jpg
3708	1	default_camera:same_core	105.84	img_3737.jpg	defaultimg_3737.jpg
3707	1	default_camera:same_core	108.08	img_3736.jpg	defaultimg_3736.jpg
3706	1	default_other:same_core	32.25	6472332224598376973.jpg	default6472332224598376973.jpg
3705	1	default_camera:same_core	126.97	img_3733.jpg	defaultimg_3733.jpg
3703	1	default_camera:same_core	125.73	img_3727.jpg	defaultimg_3727.jpg
3702	1	default_camera:same_core	107.27	img_3712.jpg	defaultimg_3712.jpg
3701	1	default_camera:same_core	151.59	img_3731.jpg	defaultimg_3731.jpg
3700	1	default_camera:same_core	110.3	img_3725.jpg	defaultimg_3725.jpg
3699	1	default_other:same_core	51.02	1294.jpg	default1294.jpg
3698	1	default_camera:same_core	99.16	img_3718.jpg	defaultimg_3718.jpg
3697	1	default_camera:same_core	105.79	img_3715.jpg	defaultimg_3715.jpg
3696	1	default_camera:same_core	113.34	img_3719.jpg	defaultimg_3719.jpg
3695	1	default_camera:same_core	92.35	img_3717.jpg	defaultimg_3717.jpg
3694	1	default_camera:same_core	75.06	img_3711.jpg	defaultimg_3711-2.jpg
3693	1	default_camera:same_core	108.64	img_3701.jpg	defaultimg_3701-2.jpg
3692	1	default_camera:same_core	94.88	img_3711.jpg	defaultimg_3711.jpg
3691	1	default_camera:same_core	94.23	img_3707.jpg	defaultimg_3707.jpg
3690	1	default_camera:same_core	101.12	img_3704.jpg	defaultimg_3704.jpg
3689	1	default_camera:same_core	90.56	img_3701.jpg	defaultimg_3701.jpg
3688	1	default_camera:same_core	102.28	img_3703.jpg	defaultimg_3703.jpg
3687	1	default_other:same_core	78.62	6472326914898936333.jpg	default6472326914898936333.jpg
3686	1	default_camera:same_core	97.91	img_3702.jpg	defaultimg_3702-2.jpg
3685	1	default_camera:same_core	133.22	img_3699.jpg	defaultimg_3699.jpg
3684	1	default_camera:same_core	113.48	img_3699.jpg	defaultimg_3699-2.jpg
3683	1	default_camera:same_core	160.03	img_3700.jpg	defaultimg_3700-2.jpg
3682	1	default_other:same_core	70.43	1808.jpg	default1808.jpg
3681	1	default_camera:same_core	134.27	img_3697.jpg	defaultimg_3697.jpg
3680	1	default_camera:same_core	110.07	img_3695.jpg	defaultimg_3695-2.jpg
3679	1	default_camera:same_core	102.79	img_3696.jpg	defaultimg_3696.jpg
3678	1	default_camera:same_core	154.74	img_3692.jpg	defaultimg_3692-2.jpg
3677	1	default_camera:same_core	115.83	img_3697.jpg	defaultimg_3697-2.jpg
3676	1	default_camera:same_core	119.36	img_3688.jpg	defaultimg_3688.jpg
3675	1	default_camera:same_core	125.43	img_3689.jpg	defaultimg_3689-2.jpg
3674	1	default_camera:same_core	239.82	img_3685.jpg	defaultimg_3685.jpg
3673	1	default_camera:same_core	64.38	img_3681.jpg	defaultimg_3681.jpg
3672	1	default_camera:same_core	156.11	img_3680.jpg	defaultimg_3680-2.jpg
3671	1	default_camera:same_core	117.0	img_3686.jpg	defaultimg_3686.jpg
3670	1	default_other:same_core	32.79	6472325826460254734.jpg	default6472325826460254734.jpg
3669	1	default_camera:same_core	66.02	img_3683.jpg	defaultimg_3683.jpg
3668	1	default_camera:same_core	110.91	img_3666.jpg	defaultimg_3666.jpg
3667	1	default_camera:same_core	128.76	img_3667.jpg	defaultimg_3667.jpg
3666	1	default_camera:same_core	106.71	img_3678.jpg	defaultimg_3678.jpg
3664	1	default_other:same_core	39.83	6472331778248933901.jpg	default6472331778248933901.jpg
3663	1	default_camera:same_core	75.04	img_3672.jpg	defaultimg_3672.jpg
3662	1	default_camera:same_core	91.49	img_3670.jpg	defaultimg_3670.jpg
3661	1	default_camera:same_core	137.79	img_3657.jpg	defaultimg_3657.jpg
3660	1	default_camera:same_core	136.89	img_3662.jpg	defaultimg_3662.jpg
3659	1	default_camera:same_core	92.02	img_3665.jpg	defaultimg_3665.jpg
3658	1	default_camera:same_core	83.03	img_3664.jpg	defaultimg_3664.jpg
3657	1	default_camera:same_core	112.14	img_3660.jpg	defaultimg_3660.jpg
3656	1	default_camera:same_core	105.8	img_3658.jpg	defaultimg_3658-2.jpg
3655	1	default_camera:same_core	106.95	img_3658.jpg	defaultimg_3658.jpg
3654	1	default_camera:same_core	65.72	img_3652.jpg	defaultimg_3652.jpg
3653	1	default_camera:same_core	167.51	img_3653.jpg	defaultimg_3653-2.jpg
3652	1	default_camera:same_core	114.44	img_3656.jpg	defaultimg_3656-2.jpg
3651	1	default_other:same_core	34.66	1802.jpg	default1802.jpg
3650	1	default_camera:same_core	64.44	img_3653.jpg	defaultimg_3653.jpg
3649	1	default_camera:same_core	66.47	img_3648.jpg	defaultimg_3648.jpg
3648	1	default_camera:same_core	71.23	img_3647.jpg	defaultimg_3647.jpg
3647	1	default_camera:same_core	66.73	img_3646.jpg	defaultimg_3646.jpg
3646	1	default_other:same_core	55.19	2070.jpg	default2070.jpg
3645	1	default_camera:same_core	77.85	img_3627.jpg	defaultimg_3627.jpg
3644	1	default_camera:same_core	89.63	img_3626.jpg	defaultimg_3626.jpg
3642	1	default_camera:same_core	92.73	img_3624.jpg	defaultimg_3624-2.jpg
3640	1	default_camera:same_core	89.22	img_3629.jpg	defaultimg_3629-2.jpg
3639	1	default_camera:same_core	79.37	img_3637.jpg	defaultimg_3637.jpg
3638	1	default_camera:same_core	75.32	img_3625.jpg	defaultimg_3625.jpg
3637	1	default_other:same_core	51.67	2127.jpg	default2127.jpg
3636	1	default_other:same_core	38.57	6472321922553102862.jpg	default6472321922553102862.jpg
3635	1	default_camera:same_core	100.15	img_3617.jpg	defaultimg_3617-2.jpg
3634	3	default_camera:same_core	101.47	img_3614.jpg	defaultimg_3616-2.jpg
3633	5	default_camera:same_core	101.14	img_3618.jpg	defaultimg_3619.jpg
3632	3	default_camera:same_core	101.88	img_3611.jpg	defaultimg_3612.jpg
3631	1	default_other:same_core	46.16	6472321949438591502.jpg	default6472321949438591502.jpg
3630	3	default_camera:same_core	98.9	img_3610.jpg	defaultimg_3609.jpg
3629	3	default_camera:same_core	95.53	img_3607.jpg	defaultimg_3606-2.jpg
3628	1	default_other:same_core	53.28	1955.jpg	default1955.jpg
3627	3	default_camera:same_core	99.04	img_3601.jpg	defaultimg_3603.jpg
3626	1	default_camera:same_core	97.2	img_3598.jpg	defaultimg_3598.jpg
3625	1	default_camera:same_core	97.23	img_3596.jpg	defaultimg_3596.jpg
3624	1	default_camera:same_core	78.94	img_3594.jpg	defaultimg_3594.jpg
3623	1	default_camera:same_core	71.93	img_3604.jpg	defaultimg_3604.jpg
3622	1	default_camera:same_core	98.52	img_3597.jpg	defaultimg_3597.jpg
3621	2	default_camera:same_core	101.25	img_3599.jpg	defaultimg_3600.jpg
3620	1	default_camera:same_core	84.88	img_3593.jpg	defaultimg_3593.jpg
3619	1	default_camera:same_core	98.29	img_3590.jpg	defaultimg_3590.jpg
3618	1	default_camera:same_core	91.98	img_3595.jpg	defaultimg_3595.jpg
3617	1	default_camera:same_core	97.82	img_3591.jpg	defaultimg_3591.jpg
3616	1	default_camera:same_core	74.28	img_3592.jpg	defaultimg_3592.jpg
3615	1	default_camera:same_core	76.51	img_3582.jpg	defaultimg_3582.jpg
3614	1	default_other:same_core	54.89	1410.jpg	default1410.jpg
3613	1	default_camera:same_core	98.77	img_3589.jpg	defaultimg_3589.jpg
3612	1	default_camera:same_core	85.27	img_3586.jpg	defaultimg_3586.jpg
3611	1	default_camera:same_core	85.38	img_3588.jpg	defaultimg_3588.jpg
3610	1	default_camera:same_core	79.85	img_3583.jpg	defaultimg_3583.jpg
3609	1	default_camera:same_core	95.14	img_3634.jpg	defaultimg_3634.jpg
3608	2	default_camera:same_core	66.86	img_3578.jpg	defaultimg_3579.jpg
3607	1	default_camera:same_core	96.32	img_3573.jpg	defaultimg_3573.jpg
3605	3	default_camera:same_core	86.04	img_3584.jpg	defaultimg_3585.jpg
3604	1	default_camera:same_core	84.43	img_3580.jpg	defaultimg_3580.jpg
3603	1	default_camera:same_core	97.26	img_3575.jpg	defaultimg_3575.jpg
3602	2	default_camera:same_core	97.58	img_3577.jpg	defaultimg_3576.jpg
3601	1	default_other:same_core	62.2	2091.jpg	default2091.jpg
3600	1	default_camera:same_core	102.71	img_3569.jpg	defaultimg_3569.jpg
3599	1	default_other:same_core	34.78	6472322086672007693.jpg	default6472322086672007693.jpg
3598	2	default_camera:same_core	102.82	img_3571.jpg	defaultimg_3570.jpg
3597	4	default_camera:same_core	92.83	img_3574.jpg	defaultimg_3574.jpg
3596	4	default_camera:same_core	94.91	img_3564.jpg	defaultimg_3566.jpg
3595	1	default_other:same_core	59.11	1797.jpg	default1797.jpg
3594	3	default_camera:same_core	99.84	img_3558.jpg	defaultimg_3559.jpg
3593	1	default_camera:same_core	100.4	img_3550.jpg	defaultimg_3550.jpg
3592	1	default_camera:same_core	81.65	img_3633.jpg	defaultimg_3633.jpg
3591	1	default_camera:same_core	87.09	img_3551.jpg	defaultimg_3551.jpg
3590	1	default_camera:same_core	102.25	img_3548.jpg	defaultimg_3548.jpg
3589	1	default_other:same_core	34.07	6472337131149722126.jpg	default6472337131149722126.jpg
3588	1	default_camera:same_core	107.41	img_3547.jpg	defaultimg_3547.jpg
3587	3	default_camera:same_core	99.77	img_3553.jpg	defaultimg_3557.jpg
3586	1	default_camera:same_core	87.24	img_3546.jpg	defaultimg_3546.jpg
3585	1	default_camera:same_core	95.79	img_3534.jpg	defaultimg_3534.jpg
3584	1	default_camera:same_core	101.67	img_3544.jpg	defaultimg_3544.jpg
3583	1	default_camera:same_core	107.6	img_3533.jpg	defaultimg_3533.jpg
3582	1	default_camera:same_core	82.27	img_3529.jpg	defaultimg_3529.jpg
3581	1	default_camera:same_core	99.28	img_3538.jpg	defaultimg_3538.jpg
3580	1	default_camera:same_core	99.83	img_3527.jpg	defaultimg_3527.jpg
3579	1	default_camera:same_core	82.41	img_3522.jpg	defaultimg_3522.jpg
3578	1	default_camera:same_core	81.23	img_3532.jpg	defaultimg_3532.jpg
3577	1	default_camera:same_core	85.51	img_3526.jpg	defaultimg_3526.jpg
3576	1	default_camera:same_core	91.31	img_3518.jpg	defaultimg_3518.jpg
3575	1	default_camera:same_core	72.42	img_3515.jpg	defaultimg_3515.jpg
3574	1	default_camera:same_core	73.19	img_3517.jpg	defaultimg_3517.jpg
3573	1	default_camera:same_core	94.33	img_3514.jpg	defaultimg_3514.jpg
3572	1	default_camera:same_core	93.91	img_3511.jpg	defaultimg_3511.jpg
3571	1	default_camera:same_core	70.98	img_3513.jpg	defaultimg_3513.jpg
3570	1	default_camera:same_core	75.62	img_3519.jpg	defaultimg_3519.jpg
3569	1	default_camera:same_core	92.55	img_3512.jpg	defaultimg_3512.jpg
3568	1	default_camera:same_core	74.75	img_3520.jpg	defaultimg_3520.jpg
3567	1	default_camera:same_core	88.63	img_3504.jpg	defaultimg_3504.jpg
3566	1	default_camera:same_core	69.89	img_3501.jpg	defaultimg_3501.jpg
3565	1	default_other:same_core	47.18	2060.jpg	default2060.jpg
3564	1	default_camera:same_core	70.87	img_3500.jpg	defaultimg_3500.jpg
3563	1	default_camera:same_core	93.3	img_3498.jpg	defaultimg_3498.jpg
3562	1	default_camera:same_core	93.11	img_3499.jpg	defaultimg_3499.jpg
3561	1	default_camera:same_core	104.68	img_3508.jpg	defaultimg_3508.jpg
3559	1	default_camera:same_core	82.43	img_3492.jpg	defaultimg_3492.jpg
3558	1	default_camera:same_core	78.48	img_3481.jpg	defaultimg_3481.jpg
3557	1	default_camera:same_core	83.23	img_3496.jpg	defaultimg_3496.jpg
3556	1	default_camera:same_core	90.24	img_3480.jpg	defaultimg_3480.jpg
3555	3	default_camera:same_core	80.81	img_3484.jpg	defaultimg_3485.jpg
3553	1	default_camera:same_core	85.26	img_3471.jpg	defaultimg_3471.jpg
3552	1	default_camera:same_core	83.28	img_3623.jpg	defaultimg_3623.jpg
3551	1	default_camera:same_core	90.22	img_3476.jpg	defaultimg_3476.jpg
3550	1	default_other:same_core	55.23	2083.jpg	default2083.jpg
3549	3	default_camera:same_core	83.02	img_3473.jpg	defaultimg_3479.jpg
3548	1	default_camera:same_core	77.94	img_3478.jpg	defaultimg_3478.jpg
3547	1	default_camera:same_core	80.11	img_3464.jpg	defaultimg_3464.jpg
3546	1	default_camera:same_core	79.97	img_3462.jpg	defaultimg_3462.jpg
3545	1	default_camera:same_core	76.93	img_3477.jpg	defaultimg_3477.jpg
3544	1	default_camera:same_core	77.53	img_3470.jpg	defaultimg_3470.jpg
3543	1	default_camera:same_core	71.32	img_3463.jpg	defaultimg_3463.jpg
3542	3	default_camera:same_core	88.07	img_3467.jpg	defaultimg_3469.jpg
3541	1	default_camera:same_core	81.73	img_3459.jpg	defaultimg_3459.jpg
3540	1	default_camera:same_core	75.15	img_3460.jpg	defaultimg_3460.jpg
3538	1	default_camera:same_core	78.62	img_3454.jpg	defaultimg_3454.jpg
3537	1	default_camera:same_core	73.8	img_3457.jpg	defaultimg_3457.jpg
3536	1	default_camera:same_core	75.93	img_3452.jpg	defaultimg_3452.jpg
3535	1	default_camera:same_core	81.42	img_3453.jpg	defaultimg_3453.jpg
3534	1	default_camera:same_core	73.57	img_3450.jpg	defaultimg_3450.jpg
3533	1	default_camera:same_core	73.47	img_3451.jpg	defaultimg_3451.jpg
3532	1	default_camera:same_core	78.68	img_3449.jpg	defaultimg_3449.jpg
3531	1	default_camera:same_core	81.46	img_3445.jpg	defaultimg_3445.jpg
3530	2	default_camera:same_core	81.95	img_3448.jpg	defaultimg_3447.jpg
3529	1	default_camera:same_core	71.91	img_3622.jpg	defaultimg_3622.jpg
3528	2	default_camera:same_core	83.95	img_3443.jpg	defaultimg_3444.jpg
3527	1	default_camera:same_core	117.03	img_3426.jpg	defaultimg_3426.jpg
3526	1	default_camera:same_core	78.92	img_3446.jpg	defaultimg_3446.jpg
3525	1	default_other:same_core	56.4	1567.jpg	default1567.jpg
3524	8	default_camera:same_core	87.36	img_3438.jpg	defaultimg_3442.jpg
3523	1	default_camera:same_core	64.44	img_3429.jpg	defaultimg_3429.jpg
3522	1	default_camera:same_core	82.83	img_3425.jpg	defaultimg_3425.jpg
3521	1	default_camera:same_core	87.88	img_3424.jpg	defaultimg_3424.jpg
3520	1	default_camera:same_core	93.75	img_3411.jpg	defaultimg_3411.jpg
3519	1	default_camera:same_core	99.67	img_3419.jpg	defaultimg_3419.jpg
3518	1	default_camera:same_core	82.12	img_3413.jpg	defaultimg_3413.jpg
3517	1	default_camera:same_core	84.3	img_3423.jpg	defaultimg_3423.jpg
3516	1	default_camera:same_core	92.39	img_3410.jpg	defaultimg_3410.jpg
3515	1	default_camera:same_core	93.37	img_3402.jpg	defaultimg_3402.jpg
3514	1	default_other:same_core	49.8	1250.jpg	default1250.jpg
3513	2	default_camera:same_core	85.7	img_3407.jpg	defaultimg_3408.jpg
3512	1	default_camera:same_core	85.68	img_3387.jpg	defaultimg_3387.jpg
3511	1	default_camera:same_core	76.89	img_3395.jpg	defaultimg_3395.jpg
3510	1	default_camera:same_core	73.51	img_3392.jpg	defaultimg_3392.jpg
3509	1	default_camera:same_core	74.7	img_3394.jpg	defaultimg_3394.jpg
3508	1	default_camera:same_core	106.7	img_3405.jpg	defaultimg_3405.jpg
3507	1	default_camera:same_core	95.83	img_3390.jpg	defaultimg_3390.jpg
3506	1	default_camera:same_core	88.62	img_3385.jpg	defaultimg_3385.jpg
3505	1	default_camera:same_core	91.12	img_3393.jpg	defaultimg_3393.jpg
3504	1	default_camera:same_core	82.61	img_3386.jpg	defaultimg_3386.jpg
3503	1	default_camera:same_core	97.55	img_3369.jpg	defaultimg_3369.jpg
3502	1	default_camera:same_core	82.23	img_3378.jpg	defaultimg_3378.jpg
3501	1	default_camera:same_core	92.39	img_3382.jpg	defaultimg_3382.jpg
3500	1	default_camera:same_core	78.12	img_3375.jpg	defaultimg_3375.jpg
3499	1	default_camera:same_core	99.94	img_3383.jpg	defaultimg_3383.jpg
3498	1	default_other:same_core	52.44	2200.jpg	default2200.jpg
3497	1	default_camera:same_core	84.2	img_3377.jpg	defaultimg_3377.jpg
3496	1	default_camera:same_core	74.67	img_3379.jpg	defaultimg_3379.jpg
3495	1	default_other:same_core	43.9	6472331353231720974.jpg	default6472331353231720974.jpg
3494	1	default_camera:same_core	100.41	img_3370.jpg	defaultimg_3370.jpg
3493	1	default_camera:same_core	106.05	img_3374.jpg	defaultimg_3374.jpg
3492	1	default_camera:same_core	90.06	img_3367.jpg	defaultimg_3367.jpg
3491	1	default_camera:same_core	91.87	img_3361.jpg	defaultimg_3361.jpg
3490	1	default_camera:same_core	96.35	img_3372.jpg	defaultimg_3372.jpg
3489	1	default_camera:same_core	81.99	img_3363.jpg	defaultimg_3363.jpg
3488	1	default_camera:same_core	98.85	img_3354.jpg	defaultimg_3354.jpg
3486	1	default_camera:same_core	94.71	img_3364.jpg	defaultimg_3364.jpg
3485	1	default_camera:same_core	101.71	img_3356.jpg	defaultimg_3356.jpg
3484	1	default_camera:same_core	89.31	img_3365.jpg	defaultimg_3365.jpg
3483	1	default_camera:same_core	100.32	img_3362.jpg	defaultimg_3362.jpg
3482	1	default_other:same_core	100.63	1767.jpg	default1767.jpg
3481	1	default_camera:same_core	89.01	img_3355.jpg	defaultimg_3355.jpg
3480	1	default_camera:same_core	86.05	img_3360.jpg	defaultimg_3360.jpg
3479	1	default_camera:same_core	89.19	img_3348.jpg	defaultimg_3348.jpg
3478	1	default_camera:same_core	89.36	img_3341.jpg	defaultimg_3341.jpg
3476	1	default_camera:same_core	87.49	img_3339.jpg	defaultimg_3339.jpg
3475	1	default_camera:same_core	89.06	img_3342.jpg	defaultimg_3342.jpg
3474	1	default_camera:same_core	84.23	img_3352.jpg	defaultimg_3352.jpg
3473	1	default_camera:same_core	89.69	img_3340.jpg	defaultimg_3340.jpg
3471	1	default_camera:same_core	90.29	img_3336.jpg	defaultimg_3336.jpg
3470	1	default_other:same_core	42.23	1804.jpg	default1804.jpg
3469	1	default_camera:same_core	116.39	img_3322.jpg	defaultimg_3322.jpg
3468	1	default_camera:same_core	86.68	img_3337.jpg	defaultimg_3337.jpg
3467	1	default_camera:same_core	93.41	img_3329.jpg	defaultimg_3329.jpg
3466	1	default_camera:same_core	113.28	img_3324.jpg	defaultimg_3324.jpg
3465	1	default_other:same_core	41.58	6471929080211063310.jpg	default6471929080211063310.jpg
3464	2	default_camera:same_core	81.96	img_3326.jpg	defaultimg_3326.jpg
3463	1	default_camera:same_core	103.42	img_3316.jpg	defaultimg_3316.jpg
3462	1	default_other:same_core	48.95	1259.jpg	default1259.jpg
3460	1	default_camera:same_core	92.48	img_3328.jpg	defaultimg_3328.jpg
3459	1	default_camera:same_core	94.46	img_3317.jpg	defaultimg_3317.jpg
3458	1	default_camera:same_core	93.42	img_3313.jpg	defaultimg_3313.jpg
3457	2	default_camera:same_core	95.51	img_3318.jpg	defaultimg_3319.jpg
3456	1	default_camera:same_core	114.13	img_3308.jpg	defaultimg_3308.jpg
3455	1	default_camera:same_core	103.3	img_3302.jpg	defaultimg_3302.jpg
3454	1	default_camera:same_core	114.63	img_3311.jpg	defaultimg_3311.jpg
3453	1	default_camera:same_core	79.34	img_3303.jpg	defaultimg_3303.jpg
3452	1	default_camera:same_core	91.32	img_3304.jpg	defaultimg_3304.jpg
3451	1	default_camera:same_core	90.88	img_3305.jpg	defaultimg_3305.jpg
3450	2	default_camera:same_core	91.7	img_3306.jpg	defaultimg_3306.jpg
3449	1	default_camera:same_core	77.87	img_3300.jpg	defaultimg_3300.jpg
3448	1	default_camera:same_core	104.56	img_3287.jpg	defaultimg_3287.jpg
3447	1	default_other:same_core	69.64	6471929143649911309.jpg	default6471929143649911309.jpg
3446	1	default_camera:same_core	111.93	img_3289.jpg	defaultimg_3289.jpg
3445	1	default_camera:same_core	86.06	img_3299.jpg	defaultimg_3299.jpg
3444	1	default_camera:same_core	135.47	img_3294.jpg	defaultimg_3294.jpg
3443	1	default_camera:same_core	139.95	img_3290.jpg	defaultimg_3290.jpg
3442	1	default_camera:same_core	96.52	img_3283.jpg	defaultimg_3283.jpg
3441	1	default_camera:same_core	135.15	img_3281.jpg	defaultimg_3281.jpg
3440	1	default_other:same_core	40.46	6471929128260993549.jpg	default6471929128260993549.jpg
3439	1	default_camera:same_core	118.14	img_3274.jpg	defaultimg_3274.jpg
3438	1	default_camera:same_core	103.78	img_3288.jpg	defaultimg_3288.jpg
3437	1	default_camera:same_core	125.32	img_3273.jpg	defaultimg_3273.jpg
3436	1	default_camera:same_core	116.63	img_3293.jpg	defaultimg_3293.jpg
3435	1	default_camera:same_core	183.1	img_3279.jpg	defaultimg_3279.jpg
3434	1	default_camera:same_core	119.53	img_3282.jpg	defaultimg_3282.jpg
3433	1	default_camera:same_core	141.72	img_3271.jpg	defaultimg_3271.jpg
3432	1	default_camera:same_core	84.35	img_3278.jpg	defaultimg_3278.jpg
3430	1	default_camera:same_core	146.71	img_3272.jpg	defaultimg_3272.jpg
3429	1	default_other:same_core	46.39	1702.jpg	default1702.jpg
3428	1	default_camera:same_core	81.42	img_3265.jpg	defaultimg_3265.jpg
3427	1	default_camera:same_core	115.17	img_3254.jpg	defaultimg_3254.jpg
3426	1	default_camera:same_core	83.03	img_3266.jpg	defaultimg_3266.jpg
3425	1	default_camera:same_core	107.55	img_3261.jpg	defaultimg_3261.jpg
3424	1	default_other:same_core	32.85	6471929123320103438.jpg	default6471929123320103438.jpg
3423	1	default_camera:same_core	104.39	img_3248.jpg	defaultimg_3248.jpg
3422	1	default_camera:same_core	112.4	img_3259.jpg	defaultimg_3259.jpg
3421	1	default_camera:same_core	91.2	img_3252.jpg	defaultimg_3252.jpg
3420	1	default_camera:same_core	87.46	img_3249.jpg	defaultimg_3249.jpg
3419	1	default_camera:same_core	115.48	img_3251.jpg	defaultimg_3251.jpg
3418	1	default_camera:same_core	86.13	img_3256.jpg	defaultimg_3256.jpg
3417	1	default_camera:same_core	84.2	img_3253.jpg	defaultimg_3253.jpg
3416	1	default_camera:same_core	98.0	img_3255.jpg	defaultimg_3255.jpg
3415	1	default_camera:same_core	114.62	img_3258.jpg	defaultimg_3258.jpg
3414	1	default_other:same_core	56.56	2176.jpg	default2176.jpg
3413	1	default_camera:same_core	95.71	img_3257.jpg	defaultimg_3257.jpg
3411	1	default_camera:same_core	109.11	img_3260.jpg	defaultimg_3260.jpg
3409	1	default_camera:same_core	94.7	img_3250.jpg	defaultimg_3250.jpg
3408	1	default_camera:same_core	106.83	img_3247.jpg	defaultimg_3247.jpg
3407	1	default_camera:same_core	65.95	img_3617.jpg	defaultimg_3617.jpg
3406	1	default_camera:same_core	177.97	img_3239.jpg	defaultimg_3239.jpg
3405	1	default_camera:same_core	138.81	img_3240.jpg	defaultimg_3240.jpg
3404	1	default_camera:same_core	112.46	img_3241.jpg	defaultimg_3241.jpg
3403	1	default_camera:same_core	130.93	img_3233.jpg	defaultimg_3233.jpg
3402	1	default_camera:same_core	107.31	img_3245.jpg	defaultimg_3245.jpg
3401	1	default_camera:same_core	138.76	img_3237.jpg	defaultimg_3237.jpg
3400	1	default_camera:same_core	115.79	img_3243.jpg	defaultimg_3243.jpg
3399	1	default_camera:same_core	89.58	img_3242.jpg	defaultimg_3242.jpg
3398	1	default_camera:same_core	136.2	img_3238.jpg	defaultimg_3238.jpg
3397	1	default_camera:same_core	146.43	img_3234.jpg	defaultimg_3234.jpg
3396	1	default_other:same_core	49.46	1882.jpg	default1882.jpg
3394	1	default_camera:same_core	153.6	img_3232.jpg	defaultimg_3232.jpg
3393	2	default_camera:same_core	212.27	img_3235.jpg	defaultimg_3236.jpg
3392	1	default_camera:same_core	137.16	img_3230.jpg	defaultimg_3230.jpg
3391	1	default_camera:same_core	129.74	img_3231.jpg	defaultimg_3231.jpg
3389	1	default_camera:same_core	132.55	img_3229.jpg	defaultimg_3229.jpg
3387	2	default_camera:same_core	117.81	img_3218.jpg	defaultimg_3220.jpg
3386	1	default_other:same_core	25.08	6471172158407049742.jpg	default6471172158407049742.jpg
3385	1	default_camera:same_core	117.36	img_3216.jpg	defaultimg_3216.jpg
3384	1	default_camera:same_core	97.26	img_3215.jpg	defaultimg_3215.jpg
3383	1	default_camera:same_core	124.0	img_3206.jpg	defaultimg_3206.jpg
3382	1	default_camera:same_core	108.23	img_3214.jpg	defaultimg_3214.jpg
3381	1	default_camera:same_core	99.4	img_3213.jpg	defaultimg_3213.jpg
3380	1	default_camera:same_core	102.6	img_3205.jpg	defaultimg_3205.jpg
3379	1	default_camera:same_core	131.13	img_3204.jpg	defaultimg_3204.jpg
3378	3	default_camera:same_core	124.16	img_3209.jpg	defaultimg_3208.jpg
3377	1	default_camera:same_core	134.8	img_3201.jpg	defaultimg_3201.jpg
3376	1	default_other:same_core	26.27	6471172166032310797.jpg	default6471172166032310797.jpg
3375	2	default_camera:same_core	119.06	img_3202.jpg	defaultimg_3203.jpg
3374	1	default_camera:same_core	124.53	img_3200.jpg	defaultimg_3200.jpg
3373	1	default_camera:same_core	103.75	img_3195.jpg	defaultimg_3195.jpg
3372	1	default_camera:same_core	64.95	img_3615.jpg	defaultimg_3615.jpg
3371	1	default_camera:same_core	129.42	img_3192.jpg	defaultimg_3192.jpg
3370	1	default_other:same_core	50.96	1171.jpg	default1171.jpg
3369	2	default_camera:same_core	116.77	img_3199.jpg	defaultimg_3198.jpg
3368	1	default_camera:same_core	104.59	img_3197.jpg	defaultimg_3197.jpg
3367	1	default_camera:same_core	107.01	img_3194.jpg	defaultimg_3194.jpg
3366	1	default_camera:same_core	103.35	img_3190.jpg	defaultimg_3190.jpg
3365	1	default_camera:same_core	100.25	img_3196.jpg	defaultimg_3196.jpg
3364	1	default_camera:same_core	100.66	img_3193.jpg	defaultimg_3193.jpg
3363	1	default_camera:same_core	105.57	img_3183.jpg	defaultimg_3183.jpg
3362	1	default_other:same_core	24.82	6471172155714355725.jpg	default6471172155714355725.jpg
3361	1	default_camera:same_core	117.66	img_3187.jpg	defaultimg_3187.jpg
3360	1	default_camera:same_core	162.56	img_3189.jpg	defaultimg_3189.jpg
3359	1	default_camera:same_core	161.59	img_3173.jpg	defaultimg_3173.jpg
3358	3	default_camera:same_core	108.95	img_3186.jpg	defaultimg_3184.jpg
3357	1	default_camera:same_core	140.55	img_3182.jpg	defaultimg_3182.jpg
3356	1	default_other:same_core	51.61	1965.jpg	default1965.jpg
3355	1	default_camera:same_core	131.94	img_3177.jpg	defaultimg_3177.jpg
3354	1	default_camera:same_core	166.51	img_3180.jpg	defaultimg_3180.jpg
3353	1	default_other:same_core	25.61	6471172142481277453.jpg	default6471172142481277453.jpg
3352	3	default_camera:same_core	118.43	img_3171.jpg	defaultimg_3171.jpg
3351	3	default_camera:same_core	135.28	img_3176.jpg	defaultimg_3175.jpg
3350	1	default_camera:same_core	109.71	img_3157.jpg	defaultimg_3157.jpg
3349	1	default_camera:same_core	90.45	img_3166.jpg	defaultimg_3166.jpg
3348	1	default_camera:same_core	89.68	img_3165.jpg	defaultimg_3165.jpg
3347	2	default_camera:same_core	111.97	img_3169.jpg	defaultimg_3168.jpg
3346	1	default_camera:same_core	67.17	img_3614.jpg	defaultimg_3614.jpg
3345	1	default_camera:same_core	115.15	img_3163.jpg	defaultimg_3163.jpg
3344	1	default_camera:same_core	85.8	img_3167.jpg	defaultimg_3167.jpg
3343	1	default_camera:same_core	115.73	img_3162.jpg	defaultimg_3162.jpg
3341	1	default_camera:same_core	105.92	img_3164.jpg	defaultimg_3164.jpg
3340	1	default_other:same_core	52.82	1698.jpg	default1698.jpg
3339	1	default_camera:same_core	101.0	img_3160.jpg	defaultimg_3160.jpg
3338	1	default_camera:same_core	108.98	img_3159.jpg	defaultimg_3159.jpg
3337	1	default_other:same_core	33.1	6471172166422364686.jpg	default6471172166422364686.jpg
3336	1	default_camera:same_core	100.94	img_3153.jpg	defaultimg_3153.jpg
3335	1	default_camera:same_core	106.66	img_3148.jpg	defaultimg_3148.jpg
3334	1	default_camera:same_core	101.52	img_3156.jpg	defaultimg_3156.jpg
3332	1	default_camera:same_core	102.07	img_3150.jpg	defaultimg_3150.jpg
3331	1	default_camera:same_core	99.97	img_3155.jpg	defaultimg_3155.jpg
3330	1	default_camera:same_core	142.26	img_3161.jpg	defaultimg_3161.jpg
3329	1	default_camera:same_core	92.6	img_3152.jpg	defaultimg_3152.jpg
3328	1	default_camera:same_core	105.48	img_3149.jpg	defaultimg_3149.jpg
3327	1	default_camera:same_core	99.51	img_3154.jpg	defaultimg_3154.jpg
3326	1	default_camera:same_core	102.54	img_3147.jpg	defaultimg_3147.jpg
3324	1	default_other:same_core	27.73	6471172141382369806.jpg	default6471172141382369806.jpg
3323	1	default_camera:same_core	121.63	img_3146.jpg	defaultimg_3146.jpg
3322	1	default_other:same_core	56.14	2006.jpg	default2006.jpg
3321	1	default_camera:same_core	113.24	img_3145.jpg	defaultimg_3145.jpg
3320	1	default_camera:same_core	109.88	img_3139.jpg	defaultimg_3139.jpg
3319	1	default_camera:same_core	117.55	img_3128.jpg	defaultimg_3128.jpg
3318	1	default_other:same_core	26.74	6471172166111986190.jpg	default6471172166111986190.jpg
3317	1	default_camera:same_core	103.31	img_3138.jpg	defaultimg_3138.jpg
3316	3	default_camera:same_core	115.17	img_3130.jpg	defaultimg_3131.jpg
3315	1	default_camera:same_core	111.88	img_3127.jpg	defaultimg_3127.jpg
3314	1	default_camera:same_core	109.34	img_3120.jpg	defaultimg_3120.jpg
3313	1	default_other:same_core	27.09	6471172166132957709.jpg	default6471172166132957709.jpg
3312	1	default_camera:same_core	99.27	img_3124.jpg	defaultimg_3124.jpg
3311	3	default_camera:same_core	126.72	img_3123.jpg	defaultimg_3121.jpg
3309	1	default_camera:same_core	107.81	img_3114.jpg	defaultimg_3114.jpg
3308	1	default_other:same_core	54.09	1652.jpg	default1652.jpg
3307	2	default_camera:same_core	113.46	img_3112.jpg	defaultimg_3111.jpg
3306	1	default_camera:same_core	97.68	img_3110.jpg	defaultimg_3110.jpg
3305	1	default_camera:same_core	125.25	img_3100.jpg	defaultimg_3100.jpg
3304	1	default_camera:same_core	123.64	img_3103.jpg	defaultimg_3103.jpg
3303	2	default_camera:same_core	97.79	img_3107.jpg	defaultimg_3108.jpg
3302	1	default_camera:same_core	96.56	img_3105.jpg	defaultimg_3105.jpg
3301	1	default_camera:same_core	101.66	img_3106.jpg	defaultimg_3106.jpg
3300	1	default_camera:same_core	122.02	img_3104.jpg	defaultimg_3104.jpg
3299	1	default_camera:same_core	121.33	img_3099.jpg	defaultimg_3099.jpg
3297	1	default_camera:same_core	129.78	img_3083.jpg	defaultimg_3083.jpg
3296	1	default_other:same_core	54.8	2010.jpg	default2010.jpg
3295	1	default_camera:same_core	112.25	img_3082.jpg	defaultimg_3082.jpg
3294	1	default_camera:same_core	109.08	img_3088.jpg	defaultimg_3088.jpg
3293	3	default_camera:same_core	127.95	img_3096.jpg	defaultimg_3096.jpg
3292	2	default_camera:same_core	113.46	img_3094.jpg	defaultimg_3093.jpg
3291	1	default_camera:same_core	114.1	img_3086.jpg	defaultimg_3086.jpg
3290	1	default_camera:same_core	112.89	img_3087.jpg	defaultimg_3087.jpg
3288	1	default_camera:same_core	116.27	img_3089.jpg	defaultimg_3089.jpg
3287	1	default_camera:same_core	120.34	img_3090.jpg	defaultimg_3090.jpg
3286	1	default_camera:same_core	107.41	img_3071.jpg	defaultimg_3071.jpg
3285	1	default_camera:same_core	125.93	img_3079.jpg	defaultimg_3079.jpg
3284	1	default_camera:same_core	107.67	img_3078.jpg	defaultimg_3078.jpg
3283	1	default_camera:same_core	123.02	img_3077.jpg	defaultimg_3077.jpg
3282	1	default_camera:same_core	115.41	img_3076.jpg	defaultimg_3076.jpg
3281	1	default_camera:same_core	110.23	img_3085.jpg	defaultimg_3085.jpg
3280	1	default_other:same_core	53.15	1146.jpg	default1146.jpg
3279	1	default_camera:same_core	103.02	img_3073.jpg	defaultimg_3073.jpg
3278	2	default_camera:same_core	116.75	img_3081.jpg	defaultimg_3080.jpg
3277	2	default_camera:same_core	121.92	img_3075.jpg	defaultimg_3075.jpg
3276	1	default_camera:same_core	100.39	img_3072.jpg	defaultimg_3072.jpg
3275	1	default_camera:same_core	120.97	img_3068.jpg	defaultimg_3068.jpg
3274	1	default_camera:same_core	107.3	img_3065.jpg	defaultimg_3065.jpg
3273	1	default_camera:same_core	123.45	img_3066.jpg	defaultimg_3066.jpg
3272	1	default_camera:same_core	110.4	img_3069.jpg	defaultimg_3069.jpg
3271	1	default_camera:same_core	129.61	img_3067.jpg	defaultimg_3067.jpg
3270	1	default_camera:same_core	116.3	img_3070.jpg	defaultimg_3070.jpg
3269	1	default_camera:same_core	100.76	img_3061.jpg	defaultimg_3061.jpg
3268	1	default_camera:same_core	89.97	img_3062.jpg	defaultimg_3062.jpg
3267	1	default_camera:same_core	89.69	img_3063.jpg	defaultimg_3063.jpg
3266	1	default_camera:same_core	102.84	img_3054.jpg	defaultimg_3054.jpg
3265	4	default_camera:same_core	125.28	img_3056.jpg	defaultimg_3059.jpg
3263	1	default_camera:same_core	100.97	img_3060.jpg	defaultimg_3060.jpg
3260	1	default_other:same_core	51.17	2212.jpg	default2212.jpg
3259	1	default_camera:same_core	111.01	img_3044.jpg	defaultimg_3044.jpg
3256	1	default_other:same_core	89.16	6465237013460156941.jpg	default6465237013460156941.jpg
3254	2	default_camera:same_core	133.43	img_3040.jpg	defaultimg_3041.jpg
3253	1	default_other:same_core	51.1	1638.jpg	default1638.jpg
3252	1	default_camera:same_core	110.42	img_3043.jpg	defaultimg_3043.jpg
3250	1	default_other:same_core	66.12	6465237022117200397.jpg	default6465237022117200397.jpg
3249	1	default_camera:same_core	103.89	img_3042.jpg	defaultimg_3042.jpg
3248	1	default_camera:same_core	118.48	img_3027.jpg	defaultimg_3027.jpg
3247	1	default_camera:same_core	98.51	img_3028.jpg	defaultimg_3028.jpg
3243	1	default_other:same_core	47.22	1921.jpg	default1921.jpg
3241	1	default_camera:same_core	107.01	img_3006.jpg	defaultimg_3006.jpg
3240	1	default_camera:same_core	104.48	img_3008.jpg	defaultimg_3008.jpg
3239	1	default_camera:same_core	105.76	img_3010.jpg	defaultimg_3010.jpg
3238	1	default_camera:same_core	81.92	img_3610.jpg	defaultimg_3610.jpg
3237	1	default_camera:same_core	104.64	img_3009.jpg	defaultimg_3009.jpg
3236	1	default_camera:same_core	109.3	img_3011.jpg	defaultimg_3011.jpg
3235	1	default_camera:same_core	102.68	img_3012.jpg	defaultimg_3012.jpg
3234	2	default_camera:same_core	126.63	img_3014.jpg	defaultimg_3013.jpg
3233	1	default_camera:same_core	124.59	img_3015.jpg	defaultimg_3015.jpg
3232	1	default_camera:same_core	105.4	img_3002.jpg	defaultimg_3002.jpg
3231	1	default_camera:same_core	108.03	img_2996.jpg	defaultimg_2996.jpg
3229	1	default_camera:same_core	106.09	img_3003.jpg	defaultimg_3003.jpg
3228	1	default_camera:same_core	101.16	img_3007.jpg	defaultimg_3007.jpg
3227	1	default_camera:same_core	97.61	img_3001.jpg	defaultimg_3001.jpg
3226	1	default_camera:same_core	114.99	img_3004.jpg	defaultimg_3004.jpg
3225	1	default_camera:same_core	94.42	img_2999.jpg	defaultimg_2999.jpg
3224	1	default_other:same_core	47.3	2252.jpg	default2252.jpg
3223	1	default_camera:same_core	93.79	img_2998.jpg	defaultimg_2998.jpg
3222	1	default_camera:same_core	94.65	img_2994.jpg	defaultimg_2994.jpg
3221	1	default_camera:same_core	117.08	img_2995.jpg	defaultimg_2995.jpg
3220	1	default_camera:same_core	104.11	img_2992.jpg	defaultimg_2992.jpg
3219	1	default_camera:same_core	110.66	img_2993.jpg	defaultimg_2993.jpg
3218	1	default_camera:same_core	91.39	img_2997.jpg	defaultimg_2997.jpg
3217	1	default_camera:same_core	101.1	img_2979.jpg	defaultimg_2979.jpg
3216	1	default_camera:same_core	88.34	img_2982.jpg	defaultimg_2982.jpg
3215	1	default_camera:same_core	132.81	img_3606.jpg	defaultimg_3606.jpg
3214	2	default_camera:same_core	92.4	img_2987.jpg	defaultimg_2986.jpg
3213	1	default_camera:same_core	91.65	img_2974.jpg	defaultimg_2974.jpg
3212	1	default_camera:same_core	94.49	img_2984.jpg	defaultimg_2984.jpg
3211	1	default_camera:same_core	92.52	img_2985.jpg	defaultimg_2985.jpg
3210	1	default_camera:same_core	105.61	img_2981.jpg	defaultimg_2981.jpg
3209	1	default_camera:same_core	94.11	img_2983.jpg	defaultimg_2983.jpg
3208	1	default_camera:same_core	95.48	img_2978.jpg	defaultimg_2978.jpg
3207	1	default_other:same_core	47.25	1341.jpg	default1341.jpg
3206	1	default_camera:same_core	93.77	img_2976.jpg	defaultimg_2976.jpg
3205	1	default_camera:same_core	120.51	img_2966.jpg	defaultimg_2966.jpg
3204	1	default_camera:same_core	104.4	img_2977.jpg	defaultimg_2977.jpg
3203	1	default_camera:same_core	109.2	img_2971.jpg	defaultimg_2971.jpg
3202	1	default_camera:same_core	109.12	img_2972.jpg	defaultimg_2972.jpg
3201	1	default_camera:same_core	100.78	img_2970.jpg	defaultimg_2970.jpg
3200	1	default_camera:same_core	136.02	img_2973.jpg	defaultimg_2973.jpg
3199	1	default_camera:same_core	109.98	img_2967.jpg	defaultimg_2967.jpg
3198	1	default_camera:same_core	107.08	img_2968.jpg	defaultimg_2968.jpg
3197	1	default_camera:same_core	116.42	img_2960.jpg	defaultimg_2960.jpg
3196	1	default_camera:same_core	113.15	img_2965.jpg	defaultimg_2965.jpg
3194	1	default_camera:same_core	119.78	img_2959.jpg	defaultimg_2959.jpg
3193	1	default_camera:same_core	92.7	img_2964.jpg	defaultimg_2964.jpg
3191	1	default_camera:same_core	113.36	img_2958.jpg	defaultimg_2958.jpg
3190	1	default_camera:same_core	98.33	img_2957.jpg	defaultimg_2957.jpg
3189	3	default_camera:same_core	127.35	img_2962.jpg	defaultimg_2961.jpg
3188	1	default_camera:same_core	134.34	img_2946.jpg	defaultimg_2946.jpg
3187	1	default_camera:same_core	138.36	img_2947.jpg	defaultimg_2947.jpg
3186	1	default_camera:same_core	140.2	img_2948.jpg	defaultimg_2948.jpg
3185	1	default_camera:same_core	119.67	img_2955.jpg	defaultimg_2955.jpg
3184	1	default_camera:same_core	117.13	img_2954.jpg	defaultimg_2954.jpg
3183	1	default_other:same_core	50.95	2151.jpg	default2151.jpg
3182	1	default_camera:same_core	136.06	img_2956.jpg	defaultimg_2956.jpg
3180	1	default_camera:same_core	105.93	img_2944.jpg	defaultimg_2944.jpg
3179	1	default_camera:same_core	100.39	img_2953.jpg	defaultimg_2953.jpg
3178	2	default_camera:same_core	118.24	img_2949.jpg	defaultimg_2949.jpg
3177	1	default_camera:same_core	107.84	img_2952.jpg	defaultimg_2952.jpg
3176	1	default_camera:same_core	100.62	img_2951.jpg	defaultimg_2951.jpg
3175	1	default_camera:same_core	111.49	img_2945.jpg	defaultimg_2945.jpg
3174	1	default_camera:same_core	109.72	img_2935.jpg	defaultimg_2935.jpg
3173	1	default_camera:same_core	116.55	img_2941.jpg	defaultimg_2941.jpg
3172	1	default_camera:same_core	129.64	img_2942.jpg	defaultimg_2942.jpg
3171	1	default_other:same_core	59.02	1760.jpg	default1760.jpg
3170	1	default_camera:same_core	105.03	img_2938.jpg	defaultimg_2938.jpg
3169	1	default_camera:same_core	112.27	img_2937.jpg	defaultimg_2937.jpg
3168	1	default_camera:same_core	93.05	img_2934.jpg	defaultimg_2934.jpg
3166	1	default_camera:same_core	125.15	img_2917.jpg	defaultimg_2917.jpg
3165	1	default_camera:same_core	112.24	img_2936.jpg	defaultimg_2936.jpg
3164	1	default_other:same_core	150.73	dpp_0289.jpg	defaultdpp_0289-2.jpg
3163	1	default_camera:same_core	85.75	img_2933.jpg	defaultimg_2933.jpg
3162	1	default_camera:same_core	106.78	img_2916.jpg	defaultimg_2916.jpg
3161	1	default_other:same_core	60.8	2255.jpg	default2255.jpg
3160	1	default_camera:same_core	120.49	img_2914.jpg	defaultimg_2914.jpg
3158	3	default_camera:same_core	132.4	img_2925.jpg	defaultimg_2927.jpg
3157	1	default_camera:same_core	126.25	img_2924.jpg	defaultimg_2924.jpg
3156	1	default_camera:same_core	114.15	img_2915.jpg	defaultimg_2915.jpg
3155	6	default_camera:same_core	130.15	img_2918.jpg	defaultimg_2923.jpg
3154	1	default_camera:same_core	99.48	img_2900.jpg	defaultimg_2900.jpg
3153	1	default_camera:same_core	97.8	img_2898.jpg	defaultimg_2898.jpg
3151	1	default_other:same_core	49.99	1871.jpg	default1871.jpg
3150	1	default_camera:same_core	122.29	img_2896.jpg	defaultimg_2896.jpg
3149	1	default_camera:same_core	106.48	img_2897.jpg	defaultimg_2897.jpg
3148	1	default_camera:same_core	108.56	img_2899.jpg	defaultimg_2899.jpg
3147	1	default_camera:same_core	93.3	img_2894.jpg	defaultimg_2894.jpg
3146	1	default_camera:same_core	79.82	img_2884.jpg	defaultimg_2884.jpg
3145	1	default_camera:same_core	83.93	img_2883.jpg	defaultimg_2883.jpg
3144	1	default_camera:same_core	76.23	img_2886.jpg	defaultimg_2886.jpg
3143	1	default_camera:same_core	78.97	img_2885.jpg	defaultimg_2885.jpg
3142	1	default_camera:same_core	126.14	img_2891.jpg	defaultimg_2891.jpg
3141	1	default_camera:same_core	91.35	img_2879.jpg	defaultimg_2879.jpg
3140	1	default_camera:same_core	98.99	img_2871.jpg	defaultimg_2871.jpg
3139	1	default_camera:same_core	88.89	img_2878.jpg	defaultimg_2878.jpg
3138	1	default_camera:same_core	78.66	img_2887.jpg	defaultimg_2887.jpg
3137	1	default_camera:same_core	128.69	img_2890.jpg	defaultimg_2890.jpg
3136	1	default_camera:same_core	90.07	img_2876.jpg	defaultimg_2876.jpg
3135	1	default_camera:same_core	94.52	img_2880.jpg	defaultimg_2880.jpg
3133	1	default_camera:same_core	78.87	img_2882.jpg	defaultimg_2882.jpg
3132	1	default_camera:same_core	92.92	img_2877.jpg	defaultimg_2877.jpg
3131	1	default_other:same_core	55.33	1680.jpg	default1680.jpg
3129	1	default_camera:same_core	87.94	img_2881.jpg	defaultimg_2881.jpg
3128	1	default_camera:same_core	78.09	img_2862.jpg	defaultimg_2862-2.jpg
3125	1	default_other:same_core	6.75	6459952279205184014.jpg	default6459952279205184014.jpg
3123	1	default_camera:same_core	81.46	img_2863.jpg	defaultimg_2863-2.jpg
3122	1	default_other:same_core	9.35	6457916257487290893.jpg	default6457916257487290893.jpg
3121	1	default_camera:same_core	115.73	img_2857.jpg	defaultimg_2857-2.jpg
3117	1	default_other:same_core	36.82	6457104660913193486.jpg	default6457104660913193486.jpg
3116	1	default_camera:same_core	94.73	img_2875.jpg	defaultimg_2875.jpg
3113	1	default_camera:same_core	82.63	img_2859.jpg	defaultimg_2859.jpg
3112	1	default_camera:same_core	89.78	img_2860.jpg	defaultimg_2860-2.jpg
3110	1	default_camera:same_core	106.95	img_2855.jpg	defaultimg_2855.jpg
3109	1	default_other:same_core	212.22	dpp_0286.jpg	defaultdpp_0286-2.jpg
3108	1	default_camera:same_core	107.12	img_2853.jpg	defaultimg_2853.jpg
3107	1	default_camera:same_core	86.4	img_2848.jpg	defaultimg_2848.jpg
3106	1	default_other:same_core	56.72	2116.jpg	default2116.jpg
3105	1	default_camera:same_core	110.92	img_2852.jpg	defaultimg_2852-2.jpg
3103	1	default_camera:same_core	107.52	img_2854.jpg	defaultimg_2854-2.jpg
3102	1	default_camera:same_core	95.13	img_2847.jpg	defaultimg_2847.jpg
3101	1	default_camera:same_core	95.64	img_2846.jpg	defaultimg_2846.jpg
3100	1	default_camera:same_core	101.03	img_2845.jpg	defaultimg_2845-2.jpg
3098	1	default_camera:same_core	113.3	img_2839.jpg	defaultimg_2839.jpg
3095	1	default_camera:same_core	116.88	img_2838.jpg	defaultimg_2838-2.jpg
3094	1	default_camera:same_core	97.36	img_2837.jpg	defaultimg_2837.jpg
3093	1	default_camera:same_core	91.63	img_2829.jpg	defaultimg_2829-2.jpg
3092	1	default_camera:same_core	97.9	img_2830.jpg	defaultimg_2830.jpg
3090	1	default_camera:same_core	102.5	img_2836.jpg	defaultimg_2836.jpg
3089	1	default_camera:same_core	103.69	img_2833.jpg	defaultimg_2833.jpg
3088	1	default_camera:same_core	91.23	img_2827.jpg	defaultimg_2827-2.jpg
3087	1	default_camera:same_core	110.63	img_2832.jpg	defaultimg_2832-2.jpg
3084	1	default_camera:same_core	93.02	img_2828.jpg	defaultimg_2828.jpg
3081	1	default_other:same_core	50.0	2214.jpg	default2214.jpg
3080	1	default_camera:same_core	99.34	img_2831.jpg	defaultimg_2831-2.jpg
3078	1	default_camera:same_core	86.61	img_2826.jpg	defaultimg_2826-2.jpg
3076	1	default_camera:same_core	73.01	img_2822.jpg	defaultimg_2822-2.jpg
3075	1	default_other:same_core	240.31	dpp_0285.jpg	defaultdpp_0285-2.jpg
3074	1	default_camera:same_core	83.54	img_2824.jpg	defaultimg_2824-2.jpg
3073	1	default_camera:same_core	79.81	img_2823.jpg	defaultimg_2823-2.jpg
3071	1	default_camera:same_core	78.78	img_2825.jpg	defaultimg_2825-2.jpg
3069	2	default_camera:same_core	75.34	img_2820.jpg	defaultimg_2821.jpg
3068	1	default_camera:same_core	103.19	img_2811.jpg	defaultimg_2811.jpg
3067	1	default_camera:same_core	76.09	img_2814.jpg	defaultimg_2814.jpg
3066	1	default_other:same_core	8.98	6457104608899645966.jpg	default6457104608899645966.jpg
3065	1	default_camera:same_core	74.38	img_2815.jpg	defaultimg_2815.jpg
3064	2	default_camera:same_core	89.33	img_2818.jpg	defaultimg_2818.jpg
3063	1	default_camera:same_core	108.75	img_2812.jpg	defaultimg_2812.jpg
3062	1	default_other:same_core	54.27	1951.jpg	default1951.jpg
3061	1	default_camera:same_core	140.87	img_2810.jpg	defaultimg_2810.jpg
3060	1	default_other:same_core	51.7	6457104657939431950.jpg	default6457104657939431950.jpg
3059	1	default_camera:same_core	75.96	img_2816.jpg	defaultimg_2816.jpg
3058	1	default_camera:same_core	76.2	img_2817.jpg	defaultimg_2817.jpg
3057	1	default_camera:same_core	146.9	img_2795.jpg	defaultimg_2795.jpg
3055	5	default_camera:same_core	152.78	img_2809.jpg	defaultimg_2808.jpg
3054	2	default_camera:same_core	148.8	img_2803.jpg	defaultimg_2803.jpg
3053	1	default_camera:same_core	143.48	img_2801.jpg	defaultimg_2801.jpg
3052	1	default_camera:same_core	143.57	img_2800.jpg	defaultimg_2800.jpg
3051	1	default_camera:same_core	151.67	img_2804.jpg	defaultimg_2804.jpg
3050	1	default_camera:same_core	259.36	img_2790.jpg	defaultimg_2790.jpg
3049	1	default_other:same_core	173.16	dpp_0284.jpg	defaultdpp_0284-2.jpg
3048	2	default_camera:same_core	183.51	img_2798.jpg	defaultimg_2798.jpg
3047	1	default_camera:same_core	145.0	img_2797.jpg	defaultimg_2797.jpg
3046	1	default_camera:same_core	93.82	img_2791.jpg	defaultimg_2791.jpg
3045	1	default_other:same_core	52.93	2068.jpg	default2068.jpg
3043	2	default_camera:same_core	151.86	img_2793.jpg	defaultimg_2794.jpg
3042	1	default_camera:same_core	132.44	img_2796.jpg	defaultimg_2796.jpg
3041	1	default_camera:same_core	131.77	img_2788.jpg	defaultimg_2788-2.jpg
3040	1	default_camera:same_core	130.04	img_2780.jpg	defaultimg_2780-2.jpg
3039	1	default_other:same_core	9.18	6453737866693460493.jpg	default6453737866693460493.jpg
3038	1	default_other:same_core	5.76	6453737866475340302.jpg	default6453737866475340302.jpg
3037	1	default_camera:same_core	122.36	img_2782.jpg	defaultimg_2782-2.jpg
3036	1	default_camera:same_core	124.67	img_2786.jpg	defaultimg_2786-2.jpg
3035	1	default_other:same_core	8.79	6453592885685142030.jpg	default6453592885685142030.jpg
3034	3	default_camera:same_core	135.46	img_2785.jpg	defaultimg_2785-2.jpg
3032	1	default_camera:same_core	129.19	img_2781.jpg	defaultimg_2781-2.jpg
3031	1	default_camera:same_core	117.26	img_2779.jpg	defaultimg_2779-2.jpg
3030	1	default_other:same_core	52.17	1819.jpg	default1819.jpg
3029	1	default_camera:same_core	141.09	img_2777.jpg	defaultimg_2777-2.jpg
3028	1	default_camera:same_core	154.71	img_2778.jpg	defaultimg_2778.jpg
3027	1	default_camera:same_core	118.39	img_2778.jpg	defaultimg_2778-2.jpg
3026	1	default_other:same_core	6.75	6453592881654399501.jpg	default6453592881654399501.jpg
3025	1	default_camera:same_core	155.77	img_2776.jpg	defaultimg_2776-2.jpg
3024	1	default_camera:same_core	134.58	img_2760.jpg	defaultimg_2760.jpg
3022	1	default_camera:same_core	131.01	img_2775.jpg	defaultimg_2775.jpg
3021	1	default_camera:same_core	133.76	img_2774.jpg	defaultimg_2774.jpg
3020	1	default_camera:same_core	131.17	img_2767.jpg	defaultimg_2767-2.jpg
3019	1	default_camera:same_core	155.98	img_2766.jpg	defaultimg_2766-2.jpg
3018	1	default_camera:same_core	146.14	img_2759.jpg	defaultimg_2759.jpg
3017	1	default_other:same_core	52.55	2250.jpg	default2250.jpg
3016	1	default_camera:same_core	129.29	img_2756.jpg	defaultimg_2756.jpg
3015	1	default_camera:same_core	179.4	img_2757.jpg	defaultimg_2757.jpg
3014	1	default_camera:same_core	132.21	img_2755.jpg	defaultimg_2755.jpg
3012	1	default_camera:same_core	132.45	img_2761.jpg	defaultimg_2761.jpg
3011	1	default_camera:same_core	157.91	img_2758.jpg	defaultimg_2758.jpg
3010	1	default_camera:same_core	160.47	img_2762.jpg	defaultimg_2762.jpg
3009	1	default_camera:same_core	158.57	img_2754.jpg	defaultimg_2754.jpg
3007	1	default_camera:same_core	165.63	img_2753.jpg	defaultimg_2753.jpg
3006	1	default_camera:same_core	136.55	img_2752.jpg	defaultimg_2752.jpg
3005	1	default_camera:same_core	126.53	img_2749.jpg	defaultimg_2749-2.jpg
3004	1	default_camera:same_core	158.1	img_2748.jpg	defaultimg_2748.jpg
3003	1	default_camera:same_core	140.32	img_2749.jpg	defaultimg_2749.jpg
3002	1	default_camera:same_core	174.35	img_2745.jpg	defaultimg_2745-2.jpg
3001	1	default_other:same_core	51.43	1521.jpg	default1521.jpg
3000	1	default_camera:same_core	158.08	img_2743.jpg	defaultimg_2743.jpg
2999	1	default_camera:same_core	162.4	img_2746.jpg	defaultimg_2746-2.jpg
2997	1	default_camera:same_core	161.9	img_2742.jpg	defaultimg_2742.jpg
2996	1	default_camera:same_core	153.82	img_2744.jpg	defaultimg_2744-2.jpg
2995	1	default_camera:same_core	160.77	img_2746.jpg	defaultimg_2746.jpg
2994	2	default_camera:same_core	141.53	img_2745.jpg	defaultimg_2745.jpg
2992	1	default_camera:same_core	143.76	img_2747.jpg	defaultimg_2747.jpg
2991	1	default_camera:same_core	156.45	img_2743.jpg	defaultimg_2743-2.jpg
2990	1	default_camera:same_core	156.18	img_2740.jpg	defaultimg_2740.jpg
2989	2	default_camera:same_core	140.02	img_2741.jpg	defaultimg_2740-2.jpg
2988	1	default_camera:same_core	141.28	img_2742.jpg	defaultimg_2742-2.jpg
2987	1	default_camera:same_core	151.67	img_2739.jpg	defaultimg_2739-2.jpg
2986	1	default_camera:same_core	133.4	img_2735.jpg	defaultimg_2735-2.jpg
2985	1	default_camera:same_core	157.0	img_2734.jpg	defaultimg_2734-2.jpg
2984	1	default_other:same_core	49.38	1904.jpg	default1904.jpg
2983	1	default_camera:same_core	162.26	img_2738.jpg	defaultimg_2738.jpg
2982	2	default_camera:same_core	161.79	img_2741.jpg	defaultimg_2739.jpg
2980	1	default_camera:same_core	150.34	img_2738.jpg	defaultimg_2738-2.jpg
2979	1	default_camera:same_core	141.02	img_2737.jpg	defaultimg_2737.jpg
2978	1	default_camera:same_core	154.69	img_2736.jpg	defaultimg_2736-2.jpg
2977	1	default_camera:same_core	137.18	img_2734.jpg	defaultimg_2734.jpg
2976	1	default_camera:same_core	152.56	img_2737.jpg	defaultimg_2737-2.jpg
2975	1	default_camera:same_core	154.33	img_2733.jpg	defaultimg_2733-2.jpg
2974	1	default_camera:same_core	150.15	img_2728.jpg	defaultimg_2728-2.jpg
2973	1	default_camera:same_core	151.99	img_2735.jpg	defaultimg_2735.jpg
2972	1	default_other:same_core	52.01	1631.jpg	default1631.jpg
2970	1	default_camera:same_core	171.65	img_2726.jpg	defaultimg_2726.jpg
2969	1	default_camera:same_core	131.37	img_2731.jpg	defaultimg_2731-2.jpg
2968	1	default_camera:same_core	165.52	img_2732.jpg	defaultimg_2732-2.jpg
2967	4	default_camera:same_core	158.19	img_2732.jpg	defaultimg_2732.jpg
2966	1	default_camera:same_core	147.57	img_2728.jpg	defaultimg_2728.jpg
2965	1	default_camera:same_core	137.68	img_2730.jpg	defaultimg_2730-2.jpg
2964	1	default_camera:same_core	140.6	img_2729.jpg	defaultimg_2729.jpg
2963	1	default_camera:same_core	126.78	img_2729.jpg	defaultimg_2729-2.jpg
2962	1	default_camera:same_core	141.18	img_2726.jpg	defaultimg_2726-2.jpg
2961	1	default_camera:same_core	162.33	img_2727.jpg	defaultimg_2727.jpg
2960	1	default_other:same_core	165.66	dpp_0276.jpg	defaultdpp_0276-2.jpg
2959	1	default_camera:same_core	142.7	img_2724.jpg	defaultimg_2724.jpg
2958	1	default_camera:same_core	134.47	img_2725.jpg	defaultimg_2725-2.jpg
2957	1	default_camera:same_core	187.57	img_2722.jpg	defaultimg_2722.jpg
2956	1	default_camera:same_core	184.96	img_2723.jpg	defaultimg_2723.jpg
2954	1	default_camera:same_core	149.43	img_2721.jpg	defaultimg_2721.jpg
2953	1	default_camera:same_core	158.97	img_2725.jpg	defaultimg_2725.jpg
2952	1	default_camera:same_core	192.36	img_2719.jpg	defaultimg_2719-2.jpg
2951	1	default_camera:same_core	147.4	img_2720.jpg	defaultimg_2720.jpg
2950	1	default_camera:same_core	187.51	img_2718.jpg	defaultimg_2718.jpg
2949	1	default_camera:same_core	211.14	img_2720.jpg	defaultimg_2720-2.jpg
2948	1	default_camera:same_core	150.64	img_2719.jpg	defaultimg_2719.jpg
2946	1	default_camera:same_core	174.85	img_2717.jpg	defaultimg_2717-2.jpg
2945	1	default_camera:same_core	162.17	img_2713.jpg	defaultimg_2713.jpg
2944	1	default_camera:same_core	191.52	img_2716.jpg	defaultimg_2716-2.jpg
2943	1	default_camera:same_core	190.56	img_2715.jpg	defaultimg_2715.jpg
2942	1	default_other:same_core	36.24	6448988445984440845.jpeg	default6448988445984440845.jpeg
2941	1	default_camera:same_core	108.06	img_2710.jpg	defaultimg_2710-2.jpg
2940	1	default_other:same_core	65.05	2229.jpg	default2229.jpg
2939	2	default_camera:same_core	150.5	img_2716.jpg	defaultimg_2717.jpg
2938	1	default_other:same_core	29.58	6448988544626065934.jpeg	default6448988544626065934.jpeg
2937	1	default_other:same_core	179.91	dpp_0283.jpg	defaultdpp_0283-2.jpg
2936	1	default_camera:same_core	111.36	img_2712.jpg	defaultimg_2712-2.jpg
2935	1	default_camera:same_core	106.62	img_2713.jpg	defaultimg_2713-2.jpg
2934	1	default_camera:same_core	242.03	img_2715.jpg	defaultimg_2715-2.jpg
2933	1	default_camera:same_core	121.73	img_2711.jpg	defaultimg_2711-2.jpg
2932	3	default_camera:same_core	159.65	img_2711.jpg	defaultimg_2712.jpg
2931	1	default_camera:same_core	104.47	img_2709.jpg	defaultimg_2709-2.jpg
2930	1	default_camera:same_core	105.34	img_2701.jpg	defaultimg_2701-2.jpg
2929	1	default_camera:same_core	142.26	img_2706.jpg	defaultimg_2706.jpg
2928	2	default_camera:same_core	159.41	img_2709.jpg	defaultimg_2708.jpg
2927	1	default_camera:same_core	114.64	img_2707.jpg	defaultimg_2707.jpg
2926	1	default_other:same_core	70.67	2218.jpg	default2218.jpg
2925	1	default_camera:same_core	98.33	img_2704.jpg	defaultimg_2704.jpg
2924	1	default_camera:same_core	99.12	img_2706.jpg	defaultimg_2706-2.jpg
2923	1	default_camera:same_core	150.41	img_2703.jpg	defaultimg_2703.jpg
2921	1	default_camera:same_core	109.95	img_2708.jpg	defaultimg_2708-2.jpg
2920	1	default_camera:same_core	155.8	img_2701.jpg	defaultimg_2701.jpg
2919	1	default_camera:same_core	147.47	img_2702.jpg	defaultimg_2702.jpg
2918	1	default_camera:same_core	87.67	img_2699.jpg	defaultimg_2699-2.jpg
2917	1	default_camera:same_core	146.07	img_2700.jpg	defaultimg_2700.jpg
2916	1	default_camera:same_core	80.08	img_2694.jpg	defaultimg_2694-2.jpg
2915	1	default_camera:same_core	92.94	img_2703.jpg	defaultimg_2703-2.jpg
2914	1	default_camera:same_core	159.07	img_2694.jpg	defaultimg_2694.jpg
2913	1	default_camera:same_core	138.75	img_2698.jpg	defaultimg_2698.jpg
2912	1	default_other:same_core	149.63	dpp_0275.jpg	defaultdpp_0275-2.jpg
2911	1	default_camera:same_core	88.16	img_2695.jpg	defaultimg_2695-2.jpg
2910	1	default_camera:same_core	127.97	img_2699.jpg	defaultimg_2699.jpg
2909	1	default_camera:same_core	95.86	img_2698.jpg	defaultimg_2698-2.jpg
2908	1	default_camera:same_core	126.76	img_2697.jpg	defaultimg_2697.jpg
2907	1	default_camera:same_core	87.28	img_2690.jpg	defaultimg_2690-2.jpg
2906	2	default_camera:same_core	155.56	img_2695.jpg	defaultimg_2696.jpg
2905	1	default_camera:same_core	93.5	img_2696.jpg	defaultimg_2696-2.jpg
2904	1	default_camera:same_core	117.06	img_2700.jpg	defaultimg_2700-2.jpg
2903	1	default_camera:same_core	94.56	img_2697.jpg	defaultimg_2697-2.jpg
2902	1	default_camera:same_core	81.44	img_2692.jpg	defaultimg_2692-2.jpg
2901	1	default_camera:same_core	171.14	img_2691.jpg	defaultimg_2691.jpg
2900	1	default_camera:same_core	133.91	img_2693.jpg	defaultimg_2693.jpg
2899	1	default_camera:same_core	75.59	img_2691.jpg	defaultimg_2691-2.jpg
2898	1	default_camera:same_core	78.7	img_2693.jpg	defaultimg_2693-2.jpg
2897	1	default_camera:same_core	115.88	img_2690.jpg	defaultimg_2690.jpg
2896	1	default_camera:same_core	151.84	img_2687.jpg	defaultimg_2687.jpg
2895	1	default_camera:same_core	122.19	img_2689.jpg	defaultimg_2689.jpg
2894	1	default_camera:same_core	128.84	img_2688.jpg	defaultimg_2688.jpg
2893	2	default_camera:same_core	112.0	img_2687.jpg	defaultimg_2689-2.jpg
2892	1	default_camera:same_core	94.5	img_2688.jpg	defaultimg_2688-2.jpg
2891	1	default_camera:same_core	151.43	img_2686.jpg	defaultimg_2686.jpg
2890	1	default_camera:same_core	104.22	img_2684.jpg	defaultimg_2684-2.jpg
2889	1	default_camera:same_core	105.94	img_2685.jpg	defaultimg_2685-2.jpg
2888	1	default_camera:same_core	110.91	img_2677.jpg	defaultimg_2677-2.jpg
2887	1	default_camera:same_core	139.49	img_2677.jpg	defaultimg_2677.jpg
2885	1	default_camera:same_core	146.74	img_2674.jpg	defaultimg_2674.jpg
2884	1	default_camera:same_core	147.83	img_2675.jpg	defaultimg_2675.jpg
2883	1	default_other:same_core	41.99	6448988483116597774.jpeg	default6448988483116597774.jpeg
2882	1	default_camera:same_core	139.7	img_2676.jpg	defaultimg_2676.jpg
2881	7	default_camera:same_core	156.27	img_2679.jpg	defaultimg_2678.jpg
2880	1	default_camera:same_core	122.26	img_2676.jpg	defaultimg_2676-2.jpg
2879	1	default_camera:same_core	140.23	img_2673.jpg	defaultimg_2673.jpg
2878	1	default_camera:same_core	142.17	img_2669.jpg	defaultimg_2669.jpg
2877	1	default_other:same_core	34.16	6448988416951452174.jpeg	default6448988416951452174.jpeg
2875	1	default_camera:same_core	171.46	img_2668.jpg	defaultimg_2668.jpg
2874	1	default_camera:same_core	114.62	img_2670.jpg	defaultimg_2670.jpg
2873	1	default_camera:same_core	143.65	img_2667.jpg	defaultimg_2667.jpg
2872	1	default_camera:same_core	103.96	img_2666.jpg	defaultimg_2666-2.jpg
2871	2	default_camera:same_core	148.58	img_2666.jpg	defaultimg_2665.jpg
2870	1	default_camera:same_core	142.93	img_2664.jpg	defaultimg_2664.jpg
2869	1	default_camera:same_core	144.95	img_2663.jpg	defaultimg_2663.jpg
2868	1	default_camera:same_core	138.85	img_2658.jpg	defaultimg_2658.jpg
2867	1	default_other:same_core	31.97	6448988550682640910.jpeg	default6448988550682640910.jpeg
2866	1	default_other:same_core	163.6	dpp_0280.jpg	defaultdpp_0280-2.jpg
2865	1	default_camera:same_core	98.31	img_2663.jpg	defaultimg_2663-2.jpg
2864	1	default_other:same_core	66.93	2244.jpg	default2244.jpg
2863	1	default_camera:same_core	226.4	img_2656.jpg	defaultimg_2656.jpg
2862	2	default_camera:same_core	155.54	img_2660.jpg	defaultimg_2661.jpg
2861	1	default_camera:same_core	138.69	img_2659.jpg	defaultimg_2659.jpg
2860	1	default_camera:same_core	150.01	img_2662.jpg	defaultimg_2662.jpg
2859	1	default_camera:same_core	127.02	img_2660.jpg	defaultimg_2660-2.jpg
2858	1	default_other:same_core	29.77	6448988540549218830.jpeg	default6448988540549218830.jpeg
2857	1	default_camera:same_core	155.54	img_2655.jpg	defaultimg_2655.jpg
2856	1	default_camera:same_core	98.07	img_2655.jpg	defaultimg_2655-2.jpg
2855	1	default_camera:same_core	86.76	img_2653.jpg	defaultimg_2653-2.jpg
2854	1	default_camera:same_core	116.52	img_2654.jpg	defaultimg_2654-2.jpg
2853	1	default_camera:same_core	162.83	img_2657.jpg	defaultimg_2657.jpg
2852	1	default_camera:same_core	103.42	img_2656.jpg	defaultimg_2656-2.jpg
2851	1	default_camera:same_core	255.41	img_2653.jpg	defaultimg_2653.jpg
2850	1	default_other:same_core	134.45	dpp_0279.jpg	defaultdpp_0279-2.jpg
2849	1	default_camera:same_core	138.77	img_2654.jpg	defaultimg_2654.jpg
2848	1	default_camera:same_core	96.83	img_2652.jpg	defaultimg_2652-2.jpg
2847	1	default_camera:same_core	147.12	img_2652.jpg	defaultimg_2652.jpg
2846	1	default_camera:same_core	204.95	img_2650.jpg	defaultimg_2650.jpg
2845	1	default_camera:same_core	127.3	img_2647.jpg	defaultimg_2647-2.jpg
2843	1	default_camera:same_core	143.91	img_2647.jpg	defaultimg_2647.jpg
2842	1	default_camera:same_core	144.51	img_2648.jpg	defaultimg_2648.jpg
2841	1	default_camera:same_core	147.84	img_2651.jpg	defaultimg_2651.jpg
2840	1	default_camera:same_core	102.53	img_2651.jpg	defaultimg_2651-2.jpg
2839	1	default_camera:same_core	203.69	img_2649.jpg	defaultimg_2649.jpg
2838	1	default_camera:same_core	102.54	img_2650.jpg	defaultimg_2650-2.jpg
2836	1	default_camera:same_core	93.49	img_2641.jpg	defaultimg_2641-2.jpg
2835	1	default_camera:same_core	86.51	img_4431.jpg	defaultimg_4431-2.jpg
2834	1	default_camera:same_core	109.02	img_2640.jpg	defaultimg_2640-2.jpg
2832	1	default_camera:same_core	96.21	img_2635.jpg	defaultimg_2635-2.jpg
2831	1	default_camera:same_core	150.63	img_2641.jpg	defaultimg_2641.jpg
2830	2	default_camera:same_core	139.31	img_2644.jpg	defaultimg_2645.jpg
2829	1	default_camera:same_core	155.58	img_2646.jpg	defaultimg_2646.jpg
2828	1	default_camera:same_core	145.71	img_2640.jpg	defaultimg_2640.jpg
2827	1	default_camera:same_core	146.72	img_2639.jpg	defaultimg_2639.jpg
2826	1	default_camera:same_core	140.63	img_2636.jpg	defaultimg_2636.jpg
2825	2	default_camera:same_core	149.7	img_2642.jpg	defaultimg_2643.jpg
2824	1	default_camera:same_core	94.67	img_2637.jpg	defaultimg_2637-2.jpg
2823	1	default_camera:same_core	91.31	img_2628.jpg	defaultimg_2628-2.jpg
2822	2	default_camera:same_core	145.46	img_2638.jpg	defaultimg_2637.jpg
2821	1	default_camera:same_core	83.6	img_2636.jpg	defaultimg_2636-2.jpg
2820	1	default_camera:same_core	84.41	img_4430.jpg	defaultimg_4430-2.jpg
2819	1	default_camera:same_core	312.22	img_2633.jpg	defaultimg_2633.jpg
2818	1	default_other:same_core	223.27	dpp_0274.jpg	defaultdpp_0274-2.jpg
2817	1	default_camera:same_core	89.66	img_2633.jpg	defaultimg_2633-2.jpg
2816	1	default_camera:same_core	73.03	img_2631.jpg	defaultimg_2631-2.jpg
2815	1	default_camera:same_core	87.31	img_2632.jpg	defaultimg_2632-2.jpg
2814	1	default_camera:same_core	98.41	img_2634.jpg	defaultimg_2634-2.jpg
2813	2	default_camera:same_core	93.18	img_2629.jpg	defaultimg_2630-2.jpg
2812	1	default_other:same_core	55.81	1939.jpg	default1939.jpg
2811	1	default_camera:same_core	116.63	img_2625.jpg	defaultimg_2625-2.jpg
2810	1	default_camera:same_core	113.87	img_2623.jpg	defaultimg_2623-2.jpg
2809	1	default_camera:same_core	178.38	img_2621.jpg	defaultimg_2621-2.jpg
2808	1	default_camera:same_core	164.62	img_2625.jpg	defaultimg_2625.jpg
2807	1	default_camera:same_core	84.51	img_2627.jpg	defaultimg_2627-2.jpg
2806	1	default_camera:same_core	176.01	img_2624.jpg	defaultimg_2624.jpg
2805	1	default_camera:same_core	188.8	img_2626.jpg	defaultimg_2626.jpg
2804	1	default_camera:same_core	103.79	img_2626.jpg	defaultimg_2626-2.jpg
2803	1	default_camera:same_core	106.39	img_2624.jpg	defaultimg_2624-2.jpg
2802	1	default_camera:same_core	187.18	img_2623.jpg	defaultimg_2623.jpg
2801	1	default_camera:same_core	160.61	img_2622.jpg	defaultimg_2622-2.jpg
2800	1	default_other:same_core	62.78	1947.jpg	default1947.jpg
2799	1	default_camera:same_core	176.74	img_2617.jpg	defaultimg_2617.jpg
2798	1	default_camera:same_core	184.41	img_2619.jpg	defaultimg_2619.jpg
2797	1	default_camera:same_core	93.51	img_2619.jpg	defaultimg_2619-2.jpg
2796	1	default_camera:same_core	92.18	img_2618.jpg	defaultimg_2618-2.jpg
2794	2	default_camera:same_core	96.18	img_2617.jpg	defaultimg_2617-2.jpg
2793	1	default_camera:same_core	166.56	img_2615.jpg	defaultimg_2615.jpg
2792	1	default_camera:same_core	161.03	img_2616.jpg	defaultimg_2616.jpg
2791	1	default_camera:same_core	166.6	img_2614.jpg	defaultimg_2614.jpg
2790	1	default_camera:same_core	166.11	img_2613.jpg	defaultimg_2613.jpg
2789	1	default_other:same_core	81.15	1509.jpg	default1509.jpg
2787	1	default_camera:same_core	163.08	img_2611.jpg	defaultimg_2611.jpg
2786	1	default_camera:same_core	166.85	img_2612.jpg	defaultimg_2612.jpg
2782	1	default_camera:same_core	152.83	img_2610.jpg	defaultimg_2610.jpg
2781	1	default_camera:same_core	155.79	img_2609.jpg	defaultimg_2609.jpg
2777	1	default_camera:same_core	161.8	img_2608.jpg	defaultimg_2608.jpg
2776	1	default_other:same_core	74.13	1430.jpg	default1430.jpg
2773	1	default_camera:same_core	156.49	img_2607.jpg	defaultimg_2607.jpg
2772	1	default_camera:same_core	247.81	img_2605.jpg	defaultimg_2605.jpg
2769	2	default_camera:same_core	679.18	img_2604.jpg	defaultimg_2604.jpg
2767	1	default_camera:same_core	600.27	img_2602.jpg	defaultimg_2602.jpg
2758	1	default_camera:same_core	308.68	img_2596.jpg	defaultimg_2596.jpg
2756	9	default_camera:same_core	401.18	img_2600.jpg	defaultimg_2600.jpg
2755	1	default_other:same_core	63.07	1696.jpg	default1696.jpg
2754	2	default_camera:same_core	434.11	img_2591.jpg	defaultimg_2591.jpg
2753	1	default_camera:same_core	352.96	img_2589.jpg	defaultimg_2589.jpg
2750	1	default_camera:same_core	190.01	img_2588.jpg	defaultimg_2588.jpg
2745	2	default_camera:same_core	182.1	img_2583.jpg	defaultimg_2582.jpg
2742	1	default_camera:same_core	161.87	img_2581.jpg	defaultimg_2581.jpg
2737	1	default_camera:same_core	158.22	img_2576.jpg	defaultimg_2576.jpg
2736	4	default_camera:same_core	199.32	img_2580.jpg	defaultimg_2577.jpg
2730	1	default_camera:same_core	164.04	img_2571.jpg	defaultimg_2571.jpg
2729	1	default_camera:same_core	212.38	img_2574.jpg	defaultimg_2574.jpg
2728	1	default_other:same_core	455.98	dpp_0266.jpg	defaultdpp_0266-2.jpg
2727	1	default_camera:same_core	253.83	img_2573.jpg	defaultimg_2573.jpg
2725	1	default_camera:same_core	153.08	img_2572.jpg	defaultimg_2572.jpg
2723	1	default_camera:same_core	117.27	img_2568.jpg	defaultimg_2568-2.jpg
2722	1	default_camera:same_core	155.56	img_2566.jpg	defaultimg_2566.jpg
2720	2	default_camera:same_core	125.55	img_2569.jpg	defaultimg_2570.jpg
2719	1	default_camera:same_core	111.66	img_2566.jpg	defaultimg_2566-2.jpg
2718	2	default_camera:same_core	131.83	img_2567.jpg	defaultimg_2567.jpg
2717	1	default_camera:same_core	169.07	img_2565.jpg	defaultimg_2565.jpg
2716	1	default_camera:same_core	182.69	img_2564.jpg	defaultimg_2564.jpg
2715	1	default_camera:same_core	112.81	img_2565.jpg	defaultimg_2565-2.jpg
2714	1	default_camera:same_core	123.18	img_2561.jpg	defaultimg_2561-2.jpg
2713	1	default_camera:same_core	214.76	img_2558.jpg	defaultimg_2558.jpg
2712	1	default_camera:same_core	91.42	img_2562.jpg	defaultimg_2562-2.jpg
2711	2	default_camera:same_core	183.58	img_2563.jpg	defaultimg_2562.jpg
2710	1	default_camera:same_core	84.94	img_7355.jpg	defaultimg_7355.jpg
2709	1	default_other:same_core	72.04	1471.jpg	default1471.jpg
2708	1	default_camera:same_core	190.26	img_2559.jpg	defaultimg_2559.jpg
2707	1	default_camera:same_core	277.29	img_2555.jpg	defaultimg_2555.jpg
2706	1	default_camera:same_core	186.71	img_2557.jpg	defaultimg_2557-2.jpg
2705	1	default_camera:same_core	131.74	img_2555.jpg	defaultimg_2555-2.jpg
2704	2	default_camera:same_core	195.34	img_2560.jpg	defaultimg_2561.jpg
2703	1	default_camera:same_core	151.98	img_2558.jpg	defaultimg_2558-2.jpg
2702	1	default_camera:same_core	179.0	img_2553.jpg	defaultimg_2553-2.jpg
2701	1	default_camera:same_core	103.1	img_2553.jpg	defaultimg_2553.jpg
2700	1	default_camera:same_core	499.86	img_2557.jpg	defaultimg_2557.jpg
2699	1	default_camera:same_core	215.97	img_2548.jpg	defaultimg_2548-2.jpg
2698	1	default_camera:same_core	109.46	img_2545.jpg	defaultimg_2545-2.jpg
2697	1	default_camera:same_core	218.85	img_2554.jpg	defaultimg_2554-2.jpg
2696	1	default_camera:same_core	168.54	img_2552.jpg	defaultimg_2552.jpg
2695	1	default_camera:same_core	173.19	img_2551.jpg	defaultimg_2551.jpg
2694	1	default_camera:same_core	167.96	img_2547.jpg	defaultimg_2547.jpg
2693	1	default_camera:same_core	179.98	img_2550.jpg	defaultimg_2550.jpg
2692	1	default_camera:same_core	169.81	img_2545.jpg	defaultimg_2545.jpg
2691	1	default_camera:same_core	171.47	img_2546.jpg	defaultimg_2546.jpg
2690	1	default_camera:same_core	114.26	img_2547.jpg	defaultimg_2547-2.jpg
2689	1	default_camera:same_core	95.92	img_2546.jpg	defaultimg_2546-2.jpg
2688	1	default_camera:same_core	84.74	img_7356.jpg	defaultimg_7356.jpg
2687	1	default_camera:same_core	165.94	img_2542.jpg	defaultimg_2542.jpg
2686	1	default_camera:same_core	171.36	img_2543.jpg	defaultimg_2543.jpg
2685	1	default_other:same_core	83.61	1848.jpg	default1848.jpg
2684	1	default_camera:same_core	116.12	img_2542.jpg	defaultimg_2542-2.jpg
2680	1	default_camera:same_core	160.02	img_2541.jpg	defaultimg_2541.jpg
2679	1	default_camera:same_core	165.14	img_2544.jpg	defaultimg_2544.jpg
2678	1	default_camera:same_core	120.19	img_2541.jpg	defaultimg_2541-2.jpg
2677	1	default_camera:same_core	220.54	img_2539.jpg	defaultimg_2539-2.jpg
2676	1	default_camera:same_core	120.58	img_2540.jpg	defaultimg_2540-2.jpg
2674	1	default_camera:same_core	236.23	img_2538.jpg	defaultimg_2538.jpg
2673	1	default_camera:same_core	163.64	img_2539.jpg	defaultimg_2539.jpg
2671	1	default_other:same_core	37.07	6447609346514747918.jpg	default6447609346514747918.jpg
2670	1	default_camera:same_core	164.61	img_2537.jpg	defaultimg_2537.jpg
2668	1	default_camera:same_core	76.74	img_7353.jpg	defaultimg_7353.jpg
2667	1	default_other:same_core	125.81	1339.jpg	default1339.jpg
2666	1	default_camera:same_core	167.49	img_2536.jpg	defaultimg_2536.jpg
2665	1	default_camera:same_core	166.91	img_2530.jpg	defaultimg_2530-2.jpg
2664	1	default_camera:same_core	161.64	img_2535.jpg	defaultimg_2535.jpg
2663	1	default_camera:same_core	171.11	img_2532.jpg	defaultimg_2532-2.jpg
2662	1	default_camera:same_core	164.41	img_2527.jpg	defaultimg_2527-2.jpg
2661	1	default_camera:same_core	171.25	img_2531.jpg	defaultimg_2531-2.jpg
2660	1	default_camera:same_core	159.43	img_2525.jpg	defaultimg_2525-2.jpg
2659	9	default_camera:same_core	165.17	img_2534.jpg	defaultimg_2527.jpg
2658	1	default_other:same_core	70.73	1281.jpg	default1281.jpg
2657	2	default_camera:same_core	188.89	img_2525.jpg	defaultimg_2524.jpg
2656	1	default_camera:same_core	77.04	img_2524.jpg	defaultimg_2524-2.jpg
2655	1	default_camera:same_core	150.0	img_2522.jpg	defaultimg_2522-2.jpg
2654	1	default_camera:same_core	177.1	img_2521.jpg	defaultimg_2521.jpg
2653	1	default_camera:same_core	187.72	img_2523.jpg	defaultimg_2523.jpg
2652	1	default_camera:same_core	142.83	img_2523.jpg	defaultimg_2523-2.jpg
2651	1	default_camera:same_core	182.17	img_2522.jpg	defaultimg_2522.jpg
2650	1	default_camera:same_core	113.75	img_7358.jpg	defaultimg_7358.jpg
2649	1	default_camera:same_core	179.54	img_2520.jpg	defaultimg_2520.jpg
2648	1	default_camera:same_core	107.52	img_2520.jpg	defaultimg_2520-2.jpg
2647	1	default_camera:same_core	179.49	img_2519.jpg	defaultimg_2519-2.jpg
2646	1	default_camera:same_core	167.21	img_2515.jpg	defaultimg_2515.jpg
2645	1	default_camera:same_core	144.95	img_2512.jpg	defaultimg_2512.jpg
2644	3	default_camera:same_core	150.45	img_2517.jpg	defaultimg_2518.jpg
2643	1	default_other:same_core	66.51	1643.jpg	default1643.jpg
2642	1	default_camera:same_core	148.05	img_2519.jpg	defaultimg_2519.jpg
2641	1	default_other:same_core	240.92	dpp_0264.jpg	defaultdpp_0264-2.jpg
2640	1	default_camera:same_core	267.45	img_2518.jpg	defaultimg_2518-2.jpg
2639	1	default_camera:same_core	148.9	img_2504.jpg	defaultimg_2504.jpg
2638	1	default_camera:same_core	163.16	img_2514.jpg	defaultimg_2514.jpg
2637	1	default_camera:same_core	93.74	img_7352.jpg	defaultimg_7352.jpg
2636	1	default_camera:same_core	152.36	img_2511.jpg	defaultimg_2511.jpg
2635	1	default_camera:same_core	169.48	img_2513.jpg	defaultimg_2513.jpg
2634	6	default_camera:same_core	153.73	img_2509.jpg	defaultimg_2505.jpg
2633	1	default_camera:same_core	155.78	img_2492.jpg	defaultimg_2492.jpg
2632	1	default_camera:same_core	157.74	img_2493.jpg	defaultimg_2493.jpg
2631	1	default_other:same_core	63.2	1934.jpg	default1934.jpg
2630	1	default_camera:same_core	205.48	img_2500.jpg	defaultimg_2500.jpg
2629	1	default_camera:same_core	183.49	img_2501.jpg	defaultimg_2501.jpg
2628	1	default_camera:same_core	128.97	img_2484.jpg	defaultimg_2484-2.jpg
2627	1	default_camera:same_core	81.21	img_7357.jpg	defaultimg_7357.jpg
2626	1	default_other:same_core	155.4	dpp_0263.jpg	defaultdpp_0263-2.jpg
2625	2	default_camera:same_core	201.49	img_2491.jpg	defaultimg_2490.jpg
2624	1	default_camera:same_core	158.73	img_2489.jpg	defaultimg_2489.jpg
2623	1	default_other:same_core	98.99	1428.jpg	default1428.jpg
2622	2	default_camera:same_core	170.9	img_2486.jpg	defaultimg_2487.jpg
2621	1	default_camera:same_core	150.31	img_2488.jpg	defaultimg_2488.jpg
2620	1	default_camera:same_core	173.24	img_2481.jpg	defaultimg_2481.jpg
2619	1	default_camera:same_core	174.32	img_2470.jpg	defaultimg_2470.jpg
2618	1	default_camera:same_core	168.88	img_2476.jpg	defaultimg_2476.jpg
2617	1	default_camera:same_core	171.84	img_2478.jpg	defaultimg_2478.jpg
2616	1	default_camera:same_core	215.49	img_2472.jpg	defaultimg_2472.jpg
2615	1	default_other:same_core	51.88	1672.jpg	default1672.jpg
2614	1	default_camera:same_core	172.21	img_2475.jpg	defaultimg_2475.jpg
2613	1	default_camera:same_core	187.22	img_2473.jpg	defaultimg_2473.jpg
2612	1	default_camera:same_core	81.11	img_7354.jpg	defaultimg_7354.jpg
2611	1	default_camera:same_core	180.21	img_2480.jpg	defaultimg_2480.jpg
2610	1	default_camera:same_core	226.03	img_2477.jpg	defaultimg_2477.jpg
2609	1	default_camera:same_core	200.92	img_2468.jpg	defaultimg_2468.jpg
2608	1	default_camera:same_core	197.64	img_2469.jpg	defaultimg_2469.jpg
2607	1	default_camera:same_core	97.64	img_2469.jpg	defaultimg_2469-2.jpg
2606	1	default_camera:same_core	164.98	img_2474.jpg	defaultimg_2474.jpg
2605	1	default_camera:same_core	210.02	img_2471.jpg	defaultimg_2471.jpg
2604	1	default_camera:same_core	173.89	img_2465.jpg	defaultimg_2465.jpg
2603	1	default_camera:same_core	162.79	img_2466.jpg	defaultimg_2466.jpg
2602	1	default_other:same_core	46.76	1149.jpg	default1149.jpg
2601	1	default_camera:same_core	172.3	img_2454.jpg	defaultimg_2454.jpg
2600	1	default_camera:same_core	232.82	img_2459.jpg	defaultimg_2459.jpg
2599	1	default_camera:same_core	84.06	img_2447.jpg	defaultimg_2447.jpg
2598	1	default_camera:same_core	177.03	img_2460.jpg	defaultimg_2460.jpg
2597	1	default_camera:same_core	184.34	img_2458.jpg	defaultimg_2458.jpg
2596	4	default_camera:same_core	185.22	img_2463.jpg	defaultimg_2462.jpg
2595	1	default_camera:same_core	196.64	img_2455.jpg	defaultimg_2455.jpg
2594	1	default_camera:same_core	136.42	img_2455.jpg	defaultimg_2455-2.jpg
2593	1	default_camera:same_core	189.75	img_2456.jpg	defaultimg_2456.jpg
2592	1	default_camera:same_core	161.7	img_2451.jpg	defaultimg_2451.jpg
2591	1	default_camera:same_core	160.93	img_2446.jpg	defaultimg_2446.jpg
2590	1	default_other:same_core	117.61	dpp_0261.jpg	defaultdpp_0261-2.jpg
2589	1	default_camera:same_core	90.39	img_2450.jpg	defaultimg_2450-2.jpg
2588	1	default_camera:same_core	177.95	img_2450.jpg	defaultimg_2450.jpg
2587	1	default_camera:same_core	73.5	img_2449.jpg	defaultimg_2449-2.jpg
2586	1	default_camera:same_core	168.66	img_2453.jpg	defaultimg_2453.jpg
2585	1	default_other:same_core	51.45	2154.jpg	default2154.jpg
2584	1	default_camera:same_core	198.2	img_2449.jpg	defaultimg_2449.jpg
2583	1	default_camera:same_core	174.94	img_2445.jpg	defaultimg_2445.jpg
2582	1	default_camera:same_core	82.65	img_2446.jpg	defaultimg_2446-2.jpg
2581	1	default_camera:same_core	82.94	img_2448.jpg	defaultimg_2448-2.jpg
2580	1	default_camera:same_core	116.86	img_2443.jpg	defaultimg_2443-2.jpg
2579	1	default_camera:same_core	157.68	img_2439.jpg	defaultimg_2439.jpg
2578	1	default_camera:same_core	151.76	img_2443.jpg	defaultimg_2443.jpg
2577	1	default_camera:same_core	93.39	img_2441.jpg	defaultimg_2441-2.jpg
2576	1	default_camera:same_core	154.09	img_2438.jpg	defaultimg_2438.jpg
2575	1	default_camera:same_core	185.25	img_2441.jpg	defaultimg_2441.jpg
2574	1	default_camera:same_core	163.01	img_2436.jpg	defaultimg_2436.jpg
2573	1	default_camera:same_core	86.28	img_2445.jpg	defaultimg_2445-2.jpg
2572	1	default_camera:same_core	78.87	img_7349.jpg	defaultimg_7349.jpg
2571	1	default_camera:same_core	182.7	img_2442.jpg	defaultimg_2442.jpg
2570	1	default_camera:same_core	118.02	img_2442.jpg	defaultimg_2442-2.jpg
2569	1	default_camera:same_core	76.19	img_2440.jpg	defaultimg_2440-2.jpg
2568	1	default_camera:same_core	173.52	img_2440.jpg	defaultimg_2440.jpg
2567	1	default_camera:same_core	147.14	img_2437.jpg	defaultimg_2437.jpg
2566	1	default_camera:same_core	93.04	img_2439.jpg	defaultimg_2439-2.jpg
2565	1	default_camera:same_core	186.34	img_2423.jpg	defaultimg_2423.jpg
2564	1	default_camera:same_core	176.3	img_2430.jpg	defaultimg_2430.jpg
2562	1	default_camera:same_core	155.36	img_2435.jpg	defaultimg_2435.jpg
2561	1	default_camera:same_core	170.16	img_2434.jpg	defaultimg_2434.jpg
2560	1	default_camera:same_core	156.44	img_2431.jpg	defaultimg_2431.jpg
2559	1	default_camera:same_core	277.86	img_2422.jpg	defaultimg_2422.jpg
2558	1	default_camera:same_core	158.1	img_2428.jpg	defaultimg_2428.jpg
2557	1	default_camera:same_core	152.81	img_2426.jpg	defaultimg_2426.jpg
2556	1	default_camera:same_core	144.86	img_2432.jpg	defaultimg_2432.jpg
2554	1	default_camera:same_core	174.7	img_2427.jpg	defaultimg_2427.jpg
2553	1	default_camera:same_core	162.78	img_2429.jpg	defaultimg_2429.jpg
2551	1	default_camera:same_core	165.07	img_2433.jpg	defaultimg_2433.jpg
2550	1	default_camera:same_core	238.38	img_2425.jpg	defaultimg_2425.jpg
2549	1	default_camera:same_core	237.35	img_2421.jpg	defaultimg_2421.jpg
2548	1	default_camera:same_core	153.97	img_2416.jpg	defaultimg_2416.jpg
2546	1	default_camera:same_core	156.49	img_2412.jpg	defaultimg_2412.jpg
2545	1	default_camera:same_core	159.99	img_2413.jpg	defaultimg_2413.jpg
2544	1	default_camera:same_core	169.48	img_2411.jpg	defaultimg_2411.jpg
2543	1	default_camera:same_core	159.8	img_2420.jpg	defaultimg_2420.jpg
2542	1	default_camera:same_core	163.21	img_2415.jpg	defaultimg_2415.jpg
2541	1	default_camera:same_core	193.42	img_2414.jpg	defaultimg_2414.jpg
2540	1	default_camera:same_core	152.5	img_2417.jpg	defaultimg_2417.jpg
2539	1	default_camera:same_core	238.57	img_2409.jpg	defaultimg_2409.jpg
2538	1	default_camera:same_core	188.95	img_2419.jpg	defaultimg_2419.jpg
2537	1	default_other:same_core	91.48	1446.jpg	default1446.jpg
2536	1	default_camera:same_core	159.66	img_2400.jpg	defaultimg_2400-2.jpg
2535	1	default_camera:same_core	242.81	img_2406.jpg	defaultimg_2406.jpg
2534	1	default_camera:same_core	151.38	img_2404.jpg	defaultimg_2404.jpg
2533	1	default_camera:same_core	209.66	img_2400.jpg	defaultimg_2400.jpg
2532	1	default_camera:same_core	184.32	img_2408.jpg	defaultimg_2408-2.jpg
2531	1	default_camera:same_core	179.2	img_2396.jpg	defaultimg_2396.jpg
2530	1	default_camera:same_core	196.46	img_2405.jpg	defaultimg_2405.jpg
2529	1	default_camera:same_core	207.43	img_2403.jpg	defaultimg_2403.jpg
2528	1	default_camera:same_core	217.75	img_2408.jpg	defaultimg_2408.jpg
2527	1	default_camera:same_core	179.21	img_2402.jpg	defaultimg_2402.jpg
2526	1	default_camera:same_core	176.77	img_2397.jpg	defaultimg_2397.jpg
2525	1	default_camera:same_core	171.92	img_2394.jpg	defaultimg_2394.jpg
2524	1	default_camera:same_core	165.07	img_2381.jpg	defaultimg_2381.jpg
2523	1	default_camera:same_core	209.93	img_2402.jpg	defaultimg_2402-2.jpg
2522	1	default_camera:same_core	174.01	img_2395.jpg	defaultimg_2395.jpg
2521	1	default_camera:same_core	79.42	img_7348.jpg	defaultimg_7348.jpg
2520	1	default_camera:same_core	177.99	img_2398.jpg	defaultimg_2398.jpg
2519	1	default_other:same_core	51.37	1945.jpg	default1945.jpg
2518	1	default_camera:same_core	205.49	img_2390.jpg	defaultimg_2390.jpg
2517	1	default_camera:same_core	169.68	img_2391.jpg	defaultimg_2391.jpg
2516	1	default_camera:same_core	195.85	img_2380.jpg	defaultimg_2380.jpg
2515	1	default_camera:same_core	171.91	img_2387.jpg	defaultimg_2387.jpg
2514	1	default_camera:same_core	175.8	img_2392.jpg	defaultimg_2392.jpg
2513	1	default_camera:same_core	284.79	img_2388.jpg	defaultimg_2388.jpg
2511	1	default_camera:same_core	167.74	img_2382.jpg	defaultimg_2382.jpg
2510	1	default_camera:same_core	172.54	img_2383.jpg	defaultimg_2383.jpg
2509	1	default_camera:same_core	267.22	img_2389.jpg	defaultimg_2389.jpg
2508	1	default_camera:same_core	177.23	img_2385.jpg	defaultimg_2385.jpg
2507	1	default_camera:same_core	163.77	img_2393.jpg	defaultimg_2393.jpg
2506	2	default_camera:same_core	164.86	img_2384.jpg	defaultimg_2386.jpg
2505	1	default_other:same_core	88.83	1204.jpg	default1204.jpg
2503	1	default_camera:same_core	194.9	img_2377.jpg	defaultimg_2377.jpg
2502	1	default_camera:same_core	151.88	img_2372.jpg	defaultimg_2372.jpg
2501	1	default_camera:same_core	278.23	img_2379.jpg	defaultimg_2379.jpg
2500	1	default_camera:same_core	246.73	img_2375.jpg	defaultimg_2375.jpg
2499	1	default_camera:same_core	153.08	img_2373.jpg	defaultimg_2373.jpg
2498	1	default_camera:same_core	211.93	img_2378.jpg	defaultimg_2378.jpg
2497	1	default_camera:same_core	158.83	img_2367.jpg	defaultimg_2367.jpg
2496	1	default_camera:same_core	163.23	img_2370.jpg	defaultimg_2370.jpg
2495	1	default_camera:same_core	157.79	img_2371.jpg	defaultimg_2371.jpg
2494	1	default_camera:same_core	160.91	img_2374.jpg	defaultimg_2374.jpg
2493	1	default_camera:same_core	281.83	img_2360.jpg	defaultimg_2360.jpg
2492	1	default_other:same_core	52.49	2080.jpg	default2080.jpg
2491	1	default_camera:same_core	152.73	img_2366.jpg	defaultimg_2366.jpg
2490	1	default_camera:same_core	170.81	img_2365.jpg	defaultimg_2365.jpg
2489	1	default_camera:same_core	146.74	img_2368.jpg	defaultimg_2368.jpg
2488	1	default_camera:same_core	168.52	img_2364.jpg	defaultimg_2364.jpg
2487	1	default_camera:same_core	152.81	img_2369.jpg	defaultimg_2369.jpg
2486	1	default_camera:same_core	139.16	img_2351.jpg	defaultimg_2351.jpg
2485	1	default_camera:same_core	164.43	img_2363.jpg	defaultimg_2363.jpg
2484	1	default_camera:same_core	179.32	img_2348.jpg	defaultimg_2348.jpg
2483	2	default_camera:same_core	161.27	img_2353.jpg	defaultimg_2352.jpg
2482	1	default_camera:same_core	153.39	img_2354.jpg	defaultimg_2354.jpg
2481	1	default_camera:same_core	190.14	img_2343.jpg	defaultimg_2343.jpg
2480	1	default_camera:same_core	101.32	img_2340.jpg	defaultimg_2340-2.jpg
2479	1	default_camera:same_core	189.23	img_2344.jpg	defaultimg_2344.jpg
2478	1	default_camera:same_core	180.67	img_2347.jpg	defaultimg_2347.jpg
2477	1	default_camera:same_core	85.96	img_2342.jpg	defaultimg_2342-2.jpg
2476	1	default_camera:same_core	180.98	img_2346.jpg	defaultimg_2346.jpg
2475	1	default_camera:same_core	148.77	img_2345.jpg	defaultimg_2345.jpg
2474	1	default_camera:same_core	167.27	img_2349.jpg	defaultimg_2349.jpg
2473	1	default_camera:same_core	100.58	img_2341.jpg	defaultimg_2341-2.jpg
2472	1	default_camera:same_core	169.03	img_2350.jpg	defaultimg_2350.jpg
2471	1	default_camera:same_core	189.74	img_2342.jpg	defaultimg_2342.jpg
2470	1	default_camera:same_core	197.69	img_2341.jpg	defaultimg_2341.jpg
2469	1	default_camera:same_core	181.34	img_2340.jpg	defaultimg_2340.jpg
2468	1	default_camera:same_core	82.4	img_7342.jpg	defaultimg_7342.jpg
2467	1	default_camera:same_core	175.72	img_2336.jpg	defaultimg_2336.jpg
2466	1	default_camera:same_core	152.59	img_2334.jpg	defaultimg_2334.jpg
2465	1	default_camera:same_core	138.51	img_2335.jpg	defaultimg_2335.jpg
2464	1	default_camera:same_core	96.56	img_2338.jpg	defaultimg_2338-2.jpg
2463	1	default_camera:same_core	143.34	img_2332.jpg	defaultimg_2332.jpg
2462	1	default_camera:same_core	112.54	img_2336.jpg	defaultimg_2336-2.jpg
2461	1	default_camera:same_core	88.37	img_2337.jpg	defaultimg_2337-2.jpg
2460	1	default_other:same_core	69.02	1536.jpg	default1536.jpg
2459	1	default_camera:same_core	203.64	img_2337.jpg	defaultimg_2337.jpg
2458	1	default_camera:same_core	90.52	img_2329.jpg	defaultimg_2329-2.jpg
2457	1	default_camera:same_core	163.89	img_2331.jpg	defaultimg_2331.jpg
2456	1	default_camera:same_core	144.81	img_2333.jpg	defaultimg_2333.jpg
2455	1	default_camera:same_core	78.71	img_2334.jpg	defaultimg_2334-2.jpg
2454	1	default_camera:same_core	78.23	img_2333.jpg	defaultimg_2333-2.jpg
2453	2	default_camera:same_core	154.81	img_2328.jpg	defaultimg_2327.jpg
2452	1	default_camera:same_core	156.58	img_2326.jpg	defaultimg_2326.jpg
2450	1	default_camera:same_core	88.29	img_2331.jpg	defaultimg_2331-2.jpg
2449	3	default_camera:same_core	143.75	img_2325.jpg	defaultimg_2324.jpg
2448	1	default_camera:same_core	144.44	img_2322.jpg	defaultimg_2322.jpg
2447	1	default_camera:same_core	169.92	img_2317.jpg	defaultimg_2317.jpg
2446	1	default_camera:same_core	165.75	img_2321.jpg	defaultimg_2321-2.jpg
2445	1	default_camera:same_core	159.08	img_2320.jpg	defaultimg_2320.jpg
2444	1	default_camera:same_core	182.0	img_2319.jpg	defaultimg_2319.jpg
2443	1	default_camera:same_core	161.89	img_2321.jpg	defaultimg_2321.jpg
2442	1	default_camera:same_core	110.42	img_2323.jpg	defaultimg_2323-2.jpg
2441	1	default_camera:same_core	80.33	img_2317.jpg	defaultimg_2317-2.jpg
2440	1	default_camera:same_core	208.96	img_2309.jpg	defaultimg_2309.jpg
2439	1	default_camera:same_core	187.63	img_2308.jpg	defaultimg_2308.jpg
2438	1	default_camera:same_core	233.13	img_2318.jpg	defaultimg_2318.jpg
2437	1	default_camera:same_core	145.72	img_2311_modified.jpg	defaultimg_2311_modified.jpg
2436	1	default_camera:same_core	83.15	img_7347.jpg	defaultimg_7347.jpg
2435	1	default_camera:same_core	149.17	img_2306.jpg	defaultimg_2306.jpg
2434	2	default_camera:same_core	150.72	img_2312.jpg	defaultimg_2311.jpg
2433	1	default_camera:same_core	159.36	img_2307.jpg	defaultimg_2307.jpg
2432	1	default_camera:same_core	90.62	img_2315.jpg	defaultimg_2315-2.jpg
2431	3	default_camera:same_core	156.48	img_2315.jpg	defaultimg_2314.jpg
2430	1	default_camera:same_core	146.26	img_2304.jpg	defaultimg_2304.jpg
2429	1	default_camera:same_core	146.35	img_2305.jpg	defaultimg_2305.jpg
2428	2	default_camera:same_core	210.51	img_2418.jpg	defaultimg_2313.jpg
2427	1	default_camera:same_core	186.57	img_2310.jpg	defaultimg_2310.jpg
2426	1	default_camera:same_core	151.86	img_2302.jpg	defaultimg_2302.jpg
2425	1	default_camera:same_core	83.88	img_2301.jpg	defaultimg_2301-2.jpg
2424	1	default_camera:same_core	171.89	img_2303.jpg	defaultimg_2303.jpg
2423	1	default_camera:same_core	87.58	img_2300.jpg	defaultimg_2300-2.jpg
2422	1	default_camera:same_core	184.32	img_2299.jpg	defaultimg_2299.jpg
2421	2	default_camera:same_core	187.78	img_2301.jpg	defaultimg_2300.jpg
2420	1	default_camera:same_core	185.62	img_2298.jpg	defaultimg_2298.jpg
2419	4	default_camera:same_core	219.72	img_2295.jpg	defaultimg_2294.jpg
2418	1	default_camera:same_core	78.3	img_2288.jpg	defaultimg_2288-2.jpg
2417	1	default_camera:same_core	143.56	img_2293.jpg	defaultimg_2293-2.jpg
2416	2	default_camera:same_core	143.26	img_7339.jpg	defaultimg_7340.jpg
2415	1	default_camera:same_core	82.14	img_2291.jpg	defaultimg_2291-2.jpg
2414	1	default_camera:same_core	112.54	img_2292.jpg	defaultimg_2292-2.jpg
2413	1	default_camera:same_core	186.85	img_2296.jpg	defaultimg_2296.jpg
2412	1	default_camera:same_core	174.94	img_2290.jpg	defaultimg_2290.jpg
2411	1	default_camera:same_core	160.24	img_2292.jpg	defaultimg_2292.jpg
2410	1	default_camera:same_core	172.88	img_2288.jpg	defaultimg_2288.jpg
2409	1	default_camera:same_core	169.7	img_2289.jpg	defaultimg_2289.jpg
2408	1	default_camera:same_core	93.32	img_2284.jpg	defaultimg_2284-2.jpg
2407	1	default_camera:same_core	619.14	img_2278.cr2	1-defaultimg_2278.cr2
2406	1	default_camera:same_core	83.02	img_2285.jpg	defaultimg_2285-2.jpg
2405	3	default_camera:same_core	184.36	img_2285.jpg	defaultimg_2286.jpg
2404	1	default_camera:same_core	77.49	img_2287.jpg	defaultimg_2287-2.jpg
2403	1	default_camera:same_core	181.96	img_2284.jpg	defaultimg_2284.jpg
2402	1	default_camera:same_core	97.64	img_2279.jpg	defaultimg_2279-2.jpg
2401	1	default_other:same_core	53.76	1700.jpg	default1700.jpg
2400	1	default_camera:same_core	75.02	img_7346.jpg	defaultimg_7346.jpg
2399	1	default_camera:same_core	153.32	img_2277.jpg	defaultimg_2277.jpg
2398	6	default_camera:same_core	168.59	img_2339.jpg	defaultimg_2278.jpg
2397	2	default_camera:same_core	157.12	img_2274.jpg	defaultimg_2274.jpg
2396	1	default_camera:same_core	85.26	img_2273.jpg	defaultimg_2273-2.jpg
2395	1	default_camera:same_core	217.14	img_4307.jpg	defaultimg_4307-2.jpg
2394	1	default_camera:same_core	86.19	img_2270.jpg	defaultimg_2270-2.jpg
2393	1	default_camera:same_core	104.07	img_2266.jpg	defaultimg_2266-2.jpg
2392	4	default_camera:same_core	182.13	img_2270.jpg	defaultimg_2265.jpg
2391	1	default_camera:same_core	96.39	img_2271.jpg	defaultimg_2271-2.jpg
2390	4	default_camera:same_core	172.44	img_2271.jpg	defaultimg_2268.jpg
2389	1	default_camera:same_core	315.79	img_2257.jpg	defaultimg_2257.jpg
2388	1	default_camera:same_core	131.58	img_2259.jpg	defaultimg_2259-2.jpg
2387	2	default_camera:same_core	164.28	img_2263.jpg	defaultimg_2264.jpg
2386	1	default_camera:same_core	319.27	img_2258.jpg	defaultimg_2258.jpg
2385	1	default_camera:same_core	155.5	img_2262.jpg	defaultimg_2262.jpg
2384	1	default_camera:same_core	93.81	img_2258.jpg	defaultimg_2258-2.jpg
2383	1	default_camera:same_core	119.17	img_2261.jpg	defaultimg_2261.jpg
2382	1	default_camera:same_core	126.95	img_2260.jpg	defaultimg_2260.jpg
2381	1	default_camera:same_core	130.07	img_2262.jpg	defaultimg_2262-2.jpg
2380	1	default_camera:same_core	175.94	img_2259.jpg	defaultimg_2259.jpg
2379	1	default_camera:same_core	331.03	img_2256.jpg	defaultimg_2256.jpg
2378	1	default_camera:same_core	322.21	img_2255.jpg	defaultimg_2255.jpg
2377	1	default_camera:same_core	82.13	img_2256.jpg	defaultimg_2256-2.jpg
2376	1	default_camera:same_core	164.66	img_2248.jpg	defaultimg_2248.jpg
2375	1	default_camera:same_core	186.74	img_2246.jpg	defaultimg_2246.jpg
2374	1	default_camera:same_core	173.77	img_2247.jpg	defaultimg_2247.jpg
2373	1	default_camera:same_core	223.5	img_2238.jpg	defaultimg_2238.jpg
2372	1	default_camera:same_core	80.07	img_2239.jpg	defaultimg_2239-2.jpg
2371	1	default_camera:same_core	252.44	img_2239.jpg	defaultimg_2239.jpg
2370	1	default_camera:same_core	73.68	img_7337.jpg	defaultimg_7337.jpg
2369	2	default_camera:same_core	80.26	img_2246.jpg	defaultimg_2245-2.jpg
2368	1	default_camera:same_core	81.9	img_2243.jpg	defaultimg_2243-2.jpg
2367	1	default_camera:same_core	79.45	img_2241.jpg	defaultimg_2241.jpg
2366	1	default_camera:same_core	76.84	img_2242.jpg	defaultimg_2242.jpg
2365	1	default_camera:same_core	88.85	img_2240.jpg	defaultimg_2240.jpg
2364	1	default_camera:same_core	87.09	img_2230.jpg	defaultimg_2230-2.jpg
2363	1	default_other:same_core	53.4	1748.jpg	default1748.jpg
2362	1	default_camera:same_core	124.7	img_2233.jpg	defaultimg_2233-2.jpg
2361	6	default_other:same_core	153.02	dpp_0259.jpg	defaultdpp_0258-2.jpg
2360	1	default_camera:same_core	82.2	img_2236.jpg	defaultimg_2236-2.jpg
2359	2	default_camera:same_core	175.85	img_2235.jpg	defaultimg_2234.jpg
2358	1	default_camera:same_core	83.91	img_2231.jpg	defaultimg_2231-2.jpg
2357	2	default_camera:same_core	193.24	img_2230.jpg	defaultimg_2231.jpg
2356	1	default_camera:same_core	77.37	img_7338.jpg	defaultimg_7338.jpg
2355	1	default_camera:same_core	87.94	img_2229.jpg	defaultimg_2229-2.jpg
2354	1	default_camera:same_core	97.31	img_2224.jpg	defaultimg_2224-2.jpg
2353	2	default_camera:same_core	175.76	img_2226.jpg	defaultimg_2226.jpg
2352	2	default_camera:same_core	151.78	img_2223.jpg	defaultimg_2223.jpg
2351	1	default_camera:same_core	102.48	img_2227.jpg	defaultimg_2227-2.jpg
2350	2	default_camera:same_core	205.15	img_2228.jpg	defaultimg_2228.jpg
2349	1	default_camera:same_core	91.85	img_2223.jpg	defaultimg_2223-2.jpg
2348	1	default_camera:same_core	82.74	img_2228.jpg	defaultimg_2228-2.jpg
2347	1	default_camera:same_core	95.25	img_2218.jpg	defaultimg_2218-2.jpg
2346	2	default_camera:same_core	135.04	img_2218.jpg	defaultimg_2219.jpg
2345	3	default_camera:same_core	152.71	img_2222.jpg	defaultimg_2221.jpg
2344	1	default_camera:same_core	90.17	img_2217.jpg	defaultimg_2217-2.jpg
2343	1	default_camera:same_core	93.33	img_2220.jpg	defaultimg_2220-2.jpg
2342	1	default_camera:same_core	96.08	img_2222.jpg	defaultimg_2222-2.jpg
2341	1	default_camera:same_core	91.02	img_2219.jpg	defaultimg_2219-2.jpg
2340	1	default_camera:same_core	91.31	img_7336.jpg	defaultimg_7336.jpg
2339	6	default_camera:same_core	153.48	img_2212.jpg	defaultimg_2217.jpg
2338	1	default_camera:same_core	154.77	img_2211.jpg	defaultimg_2211.jpg
2337	1	default_camera:same_core	84.53	img_2216.jpg	defaultimg_2216-2.jpg
2336	1	default_other:same_core	132.35	dpp_0252.jpg	defaultdpp_0252-2.jpg
2335	1	default_camera:same_core	106.41	img_4301.jpg	defaultimg_4301-2.jpg
2334	1	default_camera:same_core	94.04	img_2210.jpg	defaultimg_2210-2.jpg
2333	1	default_camera:same_core	136.29	img_2208.jpg	defaultimg_2208.jpg
2332	1	default_camera:same_core	261.16	img_2210.jpg	defaultimg_2210.jpg
2331	2	default_camera:same_core	156.07	img_2203.jpg	defaultimg_2204.jpg
2330	1	default_camera:same_core	132.22	img_7335.jpg	defaultimg_7335.jpg
2329	1	default_camera:same_core	78.35	img_2207.jpg	defaultimg_2207-2.jpg
2328	1	default_camera:same_core	106.85	img_2208.jpg	defaultimg_2208-2.jpg
2327	3	default_camera:same_core	159.58	img_2207.jpg	defaultimg_2205.jpg
2326	1	default_camera:same_core	272.38	img_2202.jpg	defaultimg_2202-2.jpg
2325	1	default_camera:same_core	155.35	img_2202.jpg	defaultimg_2202.jpg
2324	1	default_camera:same_core	153.3	img_2201.jpg	defaultimg_2201.jpg
2323	1	default_camera:same_core	132.47	img_2193.jpg	defaultimg_2193.jpg
2322	1	default_other:same_core	130.79	dpp_0244.jpg	defaultdpp_0244-2.jpg
2321	1	default_camera:same_core	77.37	img_2190.jpg	defaultimg_2190-2.jpg
2320	6	default_camera:same_core	162.09	img_2196.jpg	defaultimg_2195.jpg
2319	2	default_camera:same_core	169.8	img_2191.jpg	defaultimg_2191.jpg
2318	1	default_camera:same_core	136.08	img_2194.jpg	defaultimg_2194.jpg
2317	1	default_camera:same_core	82.04	img_2195.jpg	defaultimg_2195-2.jpg
2316	1	default_camera:same_core	161.95	img_2192.jpg	defaultimg_2192.jpg
2315	1	default_camera:same_core	86.29	img_7334.jpg	defaultimg_7334.jpg
2314	1	default_camera:same_core	121.09	img_2191_modified.jpg	defaultimg_2191_modified.jpg
2313	1	default_camera:same_core	87.29	img_2191.jpg	defaultimg_2191-2.jpg
2312	1	default_camera:same_core	83.28	img_2189.jpg	defaultimg_2189-2.jpg
2311	1	default_camera:same_core	161.47	img_2189.jpg	defaultimg_2189.jpg
2310	1	default_camera:same_core	140.5	img_2185_modified.jpg	defaultimg_2185_modified.jpg
2309	1	default_other:same_core	81.25	1751.jpg	default1751.jpg
2308	1	default_camera:same_core	140.14	img_2180.jpg	defaultimg_2180.jpg
2307	1	default_camera:same_core	78.62	img_7332.jpg	defaultimg_7332.jpg
2306	1	default_other:same_core	84.86	1255.jpg	default1255.jpg
2305	1	default_other:same_core	140.62	dpp_0248.jpg	defaultdpp_0248-2.jpg
2304	1	default_camera:same_core	91.88	img_2184.jpg	defaultimg_2184-2.jpg
2303	1	default_camera:same_core	85.68	img_2181.jpg	defaultimg_2181-2.jpg
2302	1	default_camera:same_core	133.62	img_2179.jpg	defaultimg_2179.jpg
2301	8	default_camera:same_core	127.98	img_2188.jpg	defaultimg_2182.jpg
2300	1	default_camera:same_core	137.72	img_2178.jpg	defaultimg_2178.jpg
2299	1	default_camera:same_core	89.03	img_2178.jpg	defaultimg_2178-2.jpg
2298	1	default_camera:same_core	79.87	img_2171.jpg	defaultimg_2171-2.jpg
2297	1	default_other:same_core	108.58	2002.jpg	default2002.jpg
2296	1	default_camera:same_core	141.29	img_2175.jpg	defaultimg_2175.jpg
2295	1	default_camera:same_core	85.83	img_2176.jpg	defaultimg_2176-2.jpg
2294	1	default_camera:same_core	115.52	img_2176.jpg	defaultimg_2176.jpg
2293	1	default_camera:same_core	60.6	img_2175.jpg	defaultimg_2175-2.jpg
2292	1	default_camera:same_core	85.3	img_7333.jpg	defaultimg_7333.jpg
2291	1	default_camera:same_core	137.12	img_2173.jpg	defaultimg_2173.jpg
2290	1	default_camera:same_core	133.69	img_2170.jpg	defaultimg_2170.jpg
2289	1	default_camera:same_core	87.51	img_2168.jpg	defaultimg_2168-2.jpg
2288	1	default_camera:same_core	143.1	img_2168.jpg	defaultimg_2168.jpg
2287	1	default_camera:same_core	137.78	img_2167.jpg	defaultimg_2167.jpg
2286	1	default_camera:same_core	134.9	img_2169.jpg	defaultimg_2169.jpg
2285	1	default_camera:same_core	74.87	img_2170.jpg	defaultimg_2170-2.jpg
2284	1	default_camera:same_core	134.75	img_2174.jpg	defaultimg_2174.jpg
2283	1	default_camera:same_core	142.81	img_2172.jpg	defaultimg_2172.jpg
2282	1	default_camera:same_core	208.92	img_2171.jpg	defaultimg_2171.jpg
2281	1	default_camera:same_core	139.89	img_2166.jpg	defaultimg_2166.jpg
2280	1	default_camera:same_core	85.44	img_2166.jpg	defaultimg_2166-2.jpg
2279	1	default_camera:same_core	136.38	img_2164.jpg	defaultimg_2164.jpg
2278	1	default_camera:same_core	77.15	img_2169.jpg	defaultimg_2169-2.jpg
2277	1	default_camera:same_core	147.71	img_2161.jpg	defaultimg_2161.jpg
2276	1	default_camera:same_core	71.59	img_2164.jpg	defaultimg_2164-2.jpg
2275	1	default_camera:same_core	81.29	img_7331.jpg	defaultimg_7331.jpg
2274	1	default_camera:same_core	136.69	img_2165.jpg	defaultimg_2165.jpg
2273	1	default_other:same_core	50.57	1777.jpg	default1777.jpg
2272	1	default_camera:same_core	99.35	img_2167.jpg	defaultimg_2167-2.jpg
2271	1	default_camera:same_core	131.63	img_2163.jpg	defaultimg_2163.jpg
2270	1	default_camera:same_core	145.17	img_2162.jpg	defaultimg_2162.jpg
2269	1	default_camera:same_core	66.74	img_2163.jpg	defaultimg_2163-2.jpg
2268	1	default_camera:same_core	145.89	img_2160.jpg	defaultimg_2160.jpg
2267	1	default_camera:same_core	149.09	img_2159.jpg	defaultimg_2159.jpg
2266	1	default_camera:same_core	207.42	img_2157.jpg	defaultimg_2157.jpg
2265	1	default_other:same_core	143.69	dpp_0251.jpg	defaultdpp_0251-2.jpg
2264	1	default_camera:same_core	144.62	img_2158.jpg	defaultimg_2158.jpg
2263	2	default_camera:same_core	155.86	img_2155.jpg	defaultimg_2156.jpg
2262	1	default_camera:same_core	81.37	img_2136.jpg	defaultimg_2136.jpg
2261	1	default_other:same_core	55.31	1472.jpg	default1472.jpg
2260	1	default_camera:same_core	90.01	img_2139.jpg	defaultimg_2139.jpg
2259	1	default_camera:same_core	75.31	img_2142.jpg	defaultimg_2142.jpg
2258	1	default_camera:same_core	83.4	img_2131.jpg	defaultimg_2131.jpg
2257	1	default_camera:same_core	89.99	img_7330.jpg	defaultimg_7330.jpg
2256	1	default_camera:same_core	193.18	img_2137.jpg	defaultimg_2137.jpg
2255	1	default_camera:same_core	81.01	img_2133.jpg	defaultimg_2133.jpg
2254	1	default_camera:same_core	74.43	img_2125.jpg	defaultimg_2125.jpg
2253	1	default_camera:same_core	89.75	img_2121.jpg	defaultimg_2121.jpg
2252	1	default_camera:same_core	112.06	img_2116.jpg	defaultimg_2116.jpg
2251	1	default_camera:same_core	103.38	img_2123.jpg	defaultimg_2123.jpg
2250	1	default_camera:same_core	81.39	img_2120.jpg	defaultimg_2120.jpg
2249	1	default_other:same_core	52.89	1504.jpg	default1504.jpg
2248	1	default_camera:same_core	117.18	img_2124.jpg	defaultimg_2124.jpg
2247	1	default_camera:same_core	83.35	img_2110.jpg	defaultimg_2110.jpg
2246	1	default_camera:same_core	78.3	img_2118.jpg	defaultimg_2118.jpg
2245	1	default_other:same_core	132.45	dpp_0245.jpg	defaultdpp_0245-2.jpg
2244	1	default_camera:same_core	92.37	img_2109.jpg	defaultimg_2109.jpg
2243	1	default_camera:same_core	100.12	img_2095.jpg	defaultimg_2095.jpg
2242	1	default_camera:same_core	78.89	img_2105.jpg	defaultimg_2105.jpg
2241	1	default_camera:same_core	80.22	img_2102.jpg	defaultimg_2102.jpg
2240	1	default_camera:same_core	66.19	img_2098.jpg	defaultimg_2098.jpg
2239	1	default_camera:same_core	81.17	img_2101.jpg	defaultimg_2101.jpg
2238	1	default_camera:same_core	93.17	img_2090.jpg	defaultimg_2090.jpg
2237	1	default_other:same_core	53.76	1616.jpg	default1616.jpg
2236	1	default_camera:same_core	77.83	img_2096.jpg	defaultimg_2096.jpg
2235	1	default_camera:same_core	85.74	img_2092.jpg	defaultimg_2092.jpg
2234	1	default_camera:same_core	94.51	img_2100.jpg	defaultimg_2100.jpg
2233	1	default_camera:same_core	71.23	img_2099.jpg	defaultimg_2099.jpg
2232	1	default_camera:same_core	119.26	img_2086.jpg	defaultimg_2086.jpg
2231	1	default_camera:same_core	106.05	img_2087.jpg	defaultimg_2087.jpg
2230	1	default_camera:same_core	121.89	img_2074.jpg	defaultimg_2074.jpg
2229	1	default_camera:same_core	91.53	img_2082.jpg	defaultimg_2082.jpg
2228	1	default_camera:same_core	93.72	img_2077.jpg	defaultimg_2077.jpg
2227	1	default_camera:same_core	93.28	img_2081.jpg	defaultimg_2081.jpg
2226	1	default_camera:same_core	105.94	img_2085.jpg	defaultimg_2085.jpg
2225	1	default_other:same_core	55.33	1656.jpg	default1656.jpg
2224	1	default_camera:same_core	92.15	img_2083.jpg	defaultimg_2083.jpg
2223	1	default_camera:same_core	73.68	img_2080.jpg	defaultimg_2080.jpg
2222	1	default_camera:same_core	86.48	img_2070.jpg	defaultimg_2070.jpg
2221	1	default_camera:same_core	101.13	img_2073.jpg	defaultimg_2073.jpg
2220	1	default_camera:same_core	200.67	img_2061.jpg	defaultimg_2061.jpg
2219	1	default_other:same_core	156.33	dpp_0250.jpg	defaultdpp_0250-2.jpg
2218	1	default_camera:same_core	96.63	img_2066.jpg	defaultimg_2066.jpg
2217	1	default_camera:same_core	96.97	img_2068.jpg	defaultimg_2068.jpg
2216	1	default_camera:same_core	110.8	img_2072.jpg	defaultimg_2072.jpg
2215	1	default_camera:same_core	79.01	img_2057.jpg	defaultimg_2057.jpg
2214	1	default_camera:same_core	94.02	img_2064.jpg	defaultimg_2064.jpg
2213	1	default_camera:same_core	75.54	img_2056.jpg	defaultimg_2056.jpg
2212	1	default_camera:same_core	161.68	img_2050.jpg	defaultimg_2050.jpg
2211	1	default_camera:same_core	79.66	img_2059.jpg	defaultimg_2059.jpg
2210	1	default_camera:same_core	112.34	img_2052.jpg	defaultimg_2052.jpg
2209	1	default_camera:same_core	107.75	img_2054.jpg	defaultimg_2054.jpg
2208	1	default_camera:same_core	85.36	img_2051.jpg	defaultimg_2051.jpg
2207	1	default_camera:same_core	104.78	img_2053.jpg	defaultimg_2053.jpg
2206	1	default_camera:same_core	127.46	img_2040.jpg	defaultimg_2040.jpg
2205	1	default_camera:same_core	120.29	img_2032.jpg	defaultimg_2032-2.jpg
2204	1	default_camera:same_core	139.16	img_2037.jpg	defaultimg_2037.jpg
2203	1	default_other:same_core	56.59	1626.jpg	default1626.jpg
2202	1	default_other:same_core	132.11	dpp_0249.jpg	defaultdpp_0249-2.jpg
2201	1	default_camera:same_core	76.44	img_2021.jpg	defaultimg_2021.jpg
2200	1	default_camera:same_core	77.89	img_2027.jpg	defaultimg_2027-2.jpg
2198	3	default_camera:same_core	89.78	img_2024.jpg	defaultimg_2026.jpg
2197	1	default_camera:same_core	155.3	img_2031.jpg	defaultimg_2031-2.jpg
2196	1	default_camera:same_core	93.69	img_2026.jpg	defaultimg_2026-2.jpg
2195	1	default_camera:same_core	92.01	img_2024.jpg	defaultimg_2024-2.jpg
2194	1	default_camera:same_core	64.39	img_2022.jpg	defaultimg_2022.jpg
2193	1	default_camera:same_core	109.66	img_2018.jpg	defaultimg_2018-2.jpg
2192	1	default_camera:same_core	90.03	img_2025.jpg	defaultimg_2025-2.jpg
2191	2	default_camera:same_core	70.76	img_7326.jpg	defaultimg_7327.jpg
2190	2	default_other:same_core	132.55	dpp_0246.jpg	defaultdpp_0247-2.jpg
2189	1	default_camera:same_core	70.18	img_2023.jpg	defaultimg_2023.jpg
2188	1	default_camera:same_core	57.44	img_2019.jpg	defaultimg_2019.jpg
2187	1	default_camera:same_core	73.88	img_2017.jpg	defaultimg_2017.jpg
2186	1	default_camera:same_core	105.55	img_2016.jpg	defaultimg_2016.jpg
2180	1	default_camera:same_core	143.52	img_2013.jpg	defaultimg_2013.jpg
2176	1	default_camera:same_core	73.1	img_7325.jpg	defaultimg_7325.jpg
2172	1	default_camera:same_core	103.9	img_2012.jpg	defaultimg_2012.jpg
2171	1	default_other:same_core	187.15	dpp_0242.jpg	defaultdpp_0242-2.jpg
2170	1	default_camera:same_core	120.59	img_2011.jpg	defaultimg_2011.jpg
2167	1	default_camera:same_core	131.59	img_2006.jpg	defaultimg_2006.jpg
2160	1	default_camera:same_core	96.17	img_7324.jpg	defaultimg_7324.jpg
2155	1	default_camera:same_core	120.42	img_1989.jpg	defaultimg_1989.jpg
2153	1	default_camera:same_core	131.59	img_2000.jpg	defaultimg_2000.jpg
2152	1	default_camera:same_core	117.25	img_2002.jpg	defaultimg_2002.jpg
2151	1	default_camera:same_core	151.15	img_2001.jpg	defaultimg_2001-2.jpg
2149	1	default_camera:same_core	96.72	img_1991.jpg	defaultimg_1991.jpg
2147	1	default_other:same_core	180.39	dpp_0243.jpg	defaultdpp_0243-2.jpg
2146	1	default_camera:same_core	45.73	img_1987.jpg	defaultimg_1987.jpg
2145	1	default_camera:same_core	214.46	img_1985.jpg	defaultimg_1985.jpg
2143	1	default_camera:same_core	125.77	img_1981.jpg	defaultimg_1981.jpg
2142	2	default_camera:same_core	122.72	img_1992.jpg	defaultimg_1988.jpg
2141	1	default_camera:same_core	174.56	img_1986.jpg	defaultimg_1986.jpg
2140	1	default_camera:same_core	116.73	img_1980.jpg	defaultimg_1980.jpg
2138	1	default_camera:same_core	191.93	img_1973.jpg	defaultimg_1973.jpg
2137	1	default_camera:same_core	148.63	img_1971.jpg	defaultimg_1971.jpg
2135	1	default_camera:same_core	99.03	img_1965.jpg	defaultimg_1965.jpg
2132	1	default_camera:same_core	97.94	img_1978.jpg	defaultimg_1978.jpg
2129	1	default_other:same_core	178.04	dpp_0241.jpg	defaultdpp_0241-2.jpg
2127	1	default_camera:same_core	117.85	img_1977.jpg	defaultimg_1977.jpg
2123	1	default_camera:same_core	372.49	img_1956.cr2	1-defaultimg_1956.cr2
2109	1	default_camera:same_core	120.38	img_1948.jpg	defaultimg_1948.jpg
2107	1	default_camera:same_core	147.46	img_1955.jpg	defaultimg_1955.jpg
2106	1	default_timestamp:same_core	6.22	2013-07-05 19.06.41.jpg	default2013-07-05_19.06.41.jpg
2105	1	default_timestamp:same_core	6.26	2013-07-05 19.06.49.jpg	default2013-07-05_19.06.49.jpg
2103	1	default_timestamp:same_core	6.06	2013-07-05 19.06.45.jpg	default2013-07-05_19.06.45.jpg
2100	1	default_camera:same_core	89.32	img_7320.jpg	defaultimg_7320.jpg
2095	1	default_other:same_core	188.12	dpp_0238.jpg	defaultdpp_0238-2.jpg
2094	2	default_camera:same_core	105.11	img_7318.jpg	defaultimg_7319.jpg
2093	1	default_camera:same_core	89.13	img_1893.jpg	defaultimg_1893.jpg
2091	1	default_camera:same_core	92.15	img_1894.jpg	defaultimg_1894.jpg
2090	1	default_camera:same_core	44.94	img_1885.jpg	defaultimg_1885.jpg
2089	1	default_camera:same_core	46.27	img_1887.jpg	defaultimg_1887.jpg
2088	1	default_camera:same_core	38.27	img_1884.jpg	defaultimg_1884.jpg
2087	1	default_other:same_core	176.64	dpp_0234.jpg	defaultdpp_0234-2.jpg
2086	1	default_camera:same_core	158.28	img_1875.jpg	defaultimg_1875.jpg
2085	1	default_camera:same_core	119.61	img_1872.jpg	defaultimg_1872.jpg
2084	1	default_camera:same_core	92.24	img_1882.jpg	defaultimg_1882.jpg
2083	1	default_camera:same_core	152.1	img_1877.jpg	defaultimg_1877.jpg
2082	1	default_other:same_core	90.6	1712.jpg	default1712.jpg
2081	1	default_camera:same_core	125.81	img_1879.jpg	defaultimg_1879.jpg
2080	1	default_camera:same_core	112.73	img_1876.jpg	defaultimg_1876.jpg
2079	1	default_camera:same_core	110.75	img_1869.jpg	defaultimg_1869.jpg
2078	1	default_camera:same_core	89.06	img_1865.jpg	defaultimg_1865.jpg
2077	1	default_camera:same_core	105.54	img_1866.jpg	defaultimg_1866-2.jpg
2076	1	default_camera:same_core	85.01	img_1873.jpg	defaultimg_1873.jpg
2075	1	default_camera:same_core	81.36	img_1877.jpg	defaultimg_1877-2.jpg
2074	1	default_other:same_core	36.05	2202.jpg	default2202.jpg
2073	1	default_camera:same_core	144.79	img_1871.jpg	defaultimg_1871.jpg
2072	1	default_camera:same_core	63.74	img_1863.jpg	defaultimg_1863.jpg
2071	1	default_camera:same_core	94.96	img_1868.jpg	defaultimg_1868.jpg
2070	1	default_camera:same_core	63.24	img_1866.jpg	defaultimg_1866.jpg
2069	2	default_camera:same_core	114.5	img_7315.jpg	defaultimg_7316.jpg
2068	1	default_other:same_core	36.83	1895.jpg	default1895.jpg
2067	1	default_camera:same_core	66.72	img_1855.jpg	defaultimg_1855.jpg
2066	1	default_camera:same_core	57.31	img_1850.jpg	defaultimg_1850.jpg
2065	1	default_camera:same_core	140.93	img_1858.jpg	defaultimg_1858.jpg
2064	1	default_camera:same_core	64.03	img_1854.jpg	defaultimg_1854.jpg
2063	1	default_other:same_core	35.04	1552.jpg	default1552.jpg
2062	1	default_camera:same_core	48.43	img_1848.jpg	defaultimg_1848.jpg
2061	1	default_camera:same_core	81.95	img_7314.jpg	defaultimg_7314.jpg
2060	1	default_camera:same_core	60.85	img_1842.jpg	defaultimg_1842.jpg
2059	1	default_camera:same_core	40.72	img_1839.jpg	defaultimg_1839.jpg
2058	1	default_other:same_core	181.84	dpp_0236.jpg	defaultdpp_0236-2.jpg
2057	1	default_camera:same_core	63.67	img_1835.jpg	defaultimg_1835.jpg
2056	1	default_camera:same_core	98.78	img_1845.jpg	defaultimg_1845.jpg
2055	1	default_camera:same_core	49.07	img_1836.jpg	defaultimg_1836.jpg
2054	1	default_other:same_core	31.03	2253.jpg	default2253.jpg
2053	1	default_camera:same_core	46.82	img_1838.jpg	defaultimg_1838.jpg
2052	1	default_other:same_core	66.78	1919.jpg	default1919.jpg
2051	1	default_camera:same_core	64.09	img_1834.jpg	defaultimg_1834.jpg
2050	1	default_camera:same_core	54.34	img_1829.jpg	defaultimg_1829.jpg
2049	1	default_shotwell:same_core	798.95	img_1827.cr2	1-defaultimg_1827_cr2_shotwell.jpg
2048	1	default_other:same_core	193.23	dpp_0235.jpg	defaultdpp_0235-2.jpg
2047	1	default_other:same_core	31.57	1541.jpg	default1541.jpg
2046	1	default_camera:same_core	68.28	img_1827.jpg	defaultimg_1827.jpg
2045	1	default_camera:same_core	68.86	img_1824.jpg	defaultimg_1824.jpg
2044	1	default_camera:same_core	112.48	img_7313.jpg	defaultimg_7313.jpg
2042	1	default_shotwell:same_core	2156.05	img_1823.cr2	1-defaultimg_1823_cr2_shotwell.jpg
2041	1	default_camera:same_core	80.38	img_1825.jpg	defaultimg_1825.jpg
2040	1	default_camera:same_core	83.98	img_4277.jpg	defaultimg_4277-2.jpg
2039	1	default_camera:same_core	78.0	img_1822.jpg	defaultimg_1822.jpg
2038	1	default_other:same_core	30.55	2032.jpg	default2032.jpg
2037	1	default_other:same_core	215.07	dpp_0227.jpg	defaultdpp_0227-2.jpg
2036	1	default_camera:same_core	90.91	img_1820.jpg	defaultimg_1820.jpg
2035	1	default_camera:same_core	105.16	img_7307.jpg	defaultimg_7307.jpg
2034	1	default_camera:same_core	54.32	img_1815.jpg	defaultimg_1815.jpg
2033	1	default_camera:same_core	85.39	img_1813.jpg	defaultimg_1813.jpg
2032	1	default_camera:same_core	75.6	img_1804.jpg	defaultimg_1804.jpg
2031	1	default_camera:same_core	85.22	img_1812.jpg	defaultimg_1812.jpg
2030	1	default_camera:same_core	88.78	img_1811.jpg	defaultimg_1811.jpg
2029	1	default_camera:same_core	76.45	img_1808.jpg	defaultimg_1808.jpg
2028	1	default_camera:same_core	71.97	img_1809.jpg	defaultimg_1809.jpg
2027	1	default_other:same_core	29.1	1842.jpg	default1842.jpg
2026	1	default_camera:same_core	115.78	img_7312.jpg	defaultimg_7312.jpg
2025	1	default_camera:same_core	88.12	img_1816.jpg	defaultimg_1816.jpg
2024	1	default_other:same_core	180.57	dpp_0228.jpg	defaultdpp_0228-2.jpg
2023	1	default_camera:same_core	87.6	img_1807.jpg	defaultimg_1807.jpg
2022	1	default_camera:same_core	83.85	img_1806.jpg	defaultimg_1806-2.jpg
2021	1	default_camera:same_core	93.46	img_1806.jpg	defaultimg_1806.jpg
2020	1	default_camera:same_core	73.19	img_1805.jpg	defaultimg_1805.jpg
2019	1	default_camera:same_core	85.96	img_1803.jpg	defaultimg_1803.jpg
2018	1	default_other:same_core	26.87	2144.jpg	default2144.jpg
2017	1	default_camera:same_core	59.55	img_1797.jpg	defaultimg_1797.jpg
2016	1	default_camera:same_core	48.98	img_1799.jpg	defaultimg_1799.jpg
2015	1	default_camera:same_core	140.76	img_1800.jpg	defaultimg_1800-2.jpg
2014	1	default_camera:same_core	76.44	img_7311.jpg	defaultimg_7311.jpg
2013	1	default_other:same_core	31.73	1898.jpg	default1898.jpg
2012	1	default_camera:same_core	115.62	img_1795.jpg	defaultimg_1795.jpg
2011	1	default_camera:same_core	67.55	img_1796.jpg	defaultimg_1796.jpg
2010	1	default_camera:same_core	103.95	img_1793.jpg	defaultimg_1793.jpg
2009	1	default_other:same_core	173.01	dpp_0230.jpg	defaultdpp_0230-2.jpg
2008	1	default_other:same_core	30.03	1342.jpg	default1342.jpg
2007	1	default_camera:same_core	186.81	img_1799.jpg	defaultimg_1799-2.jpg
2006	1	default_camera:same_core	83.11	img_1787.jpg	defaultimg_1787-2.jpg
2005	1	default_camera:same_core	76.75	img_1786.jpg	defaultimg_1786-2.jpg
2004	1	default_camera:same_core	136.92	img_1785.jpg	defaultimg_1785-2.jpg
2003	1	default_camera:same_core	73.46	img_1784.jpg	defaultimg_1784-2.jpg
2002	1	default_camera:same_core	84.57	img_1786.jpg	defaultimg_1786.jpg
2001	1	default_other:same_core	173.02	dpp_0233.jpg	defaultdpp_0233-2.jpg
1999	1	default_other:same_core	54.89	1327.jpg	default1327.jpg
1998	1	default_camera:same_core	117.72	img_1781.jpg	defaultimg_1781.jpg
1997	1	default_camera:same_core	81.45	img_1780.jpg	defaultimg_1780-2.jpg
1996	1	default_camera:same_core	138.78	img_1778.jpg	defaultimg_1778-2.jpg
1995	1	default_camera:same_core	79.41	img_1782.jpg	defaultimg_1782-2.jpg
1994	1	default_camera:same_core	112.25	img_1780.jpg	defaultimg_1780.jpg
1993	1	default_camera:same_core	108.58	img_1777.jpg	defaultimg_1777.jpg
1992	1	default_camera:same_core	82.43	img_1772.jpg	defaultimg_1772-2.jpg
1991	1	default_camera:same_core	93.99	img_7308.jpg	defaultimg_7308.jpg
1990	1	default_camera:same_core	142.01	img_1766.jpg	defaultimg_1766-2.jpg
1989	1	default_camera:same_core	76.39	img_1771.jpg	defaultimg_1771-2.jpg
1988	1	default_other:same_core	40.8	1937.jpg	default1937.jpg
1987	1	default_camera:same_core	56.67	img_1766.jpg	defaultimg_1766.jpg
1986	1	default_other:same_core	180.8	dpp_0232.jpg	defaultdpp_0232-2.jpg
1985	1	default_camera:same_core	57.03	img_1767.jpg	defaultimg_1767.jpg
1984	1	default_camera:same_core	103.91	img_1768.jpg	defaultimg_1768-2.jpg
1983	1	default_camera:same_core	74.44	img_1769.jpg	defaultimg_1769.jpg
1982	1	default_other:same_core	42.49	2206.jpg	default2206.jpg
1981	1	default_camera:same_core	98.88	img_7306.jpg	defaultimg_7306.jpg
1980	1	default_camera:same_core	93.02	img_1698.jpg	defaultimg_1698.jpg
1979	1	default_camera:same_core	51.28	img_1690.jpg	defaultimg_1690.jpg
1978	1	default_camera:same_core	46.93	img_1672.jpg	defaultimg_1672.jpg
1977	1	default_camera:same_core	86.83	img_1675.jpg	defaultimg_1675.jpg
1976	1	default_camera:same_core	50.2	img_1671.jpg	defaultimg_1671.jpg
1975	2	default_camera:same_core	97.86	img_1696.jpg	defaultimg_1697.jpg
1974	1	default_other:same_core	206.49	dpp_0226.jpg	defaultdpp_0226-2.jpg
1973	1	default_camera:same_core	55.71	img_1692.jpg	defaultimg_1692.jpg
1972	1	default_camera:same_core	52.46	img_1691.jpg	defaultimg_1691.jpg
1971	1	default_camera:same_core	104.55	img_1699.jpg	defaultimg_1699.jpg
1970	1	default_camera:same_core	66.63	img_1667.jpg	defaultimg_1667.jpg
1969	1	default_camera:same_core	85.63	img_1674.jpg	defaultimg_1674.jpg
1968	1	default_other:same_core	29.76	1845.jpg	default1845.jpg
1967	1	default_camera:same_core	53.92	img_1644.jpg	defaultimg_1644.jpg
1966	2	default_camera:same_core	70.37	img_1666.jpg	defaultimg_1665.jpg
1965	1	default_camera:same_core	51.64	img_1647.jpg	defaultimg_1647.jpg
1964	1	default_camera:same_core	49.83	img_1645.jpg	defaultimg_1645.jpg
1963	1	default_camera:same_core	42.72	img_1633.jpg	defaultimg_1633.jpg
1962	1	default_camera:same_core	56.52	img_1640.jpg	defaultimg_1640.jpg
1961	1	default_camera:same_core	54.4	img_1643.jpg	defaultimg_1643.jpg
1960	1	default_camera:same_core	63.75	img_1636.jpg	defaultimg_1636.jpg
1959	2	default_camera:same_core	63.78	img_1648.jpg	defaultimg_1649.jpg
1958	2	default_camera:same_core	66.17	img_1642.jpg	defaultimg_1641.jpg
1957	1	default_other:same_core	29.18	1920.jpg	default1920.jpg
1956	1	default_camera:same_core	41.34	img_1634.jpg	defaultimg_1634.jpg
1955	1	default_camera:same_core	51.76	img_1635.jpg	defaultimg_1635.jpg
1954	1	default_camera:same_core	42.97	img_1631.jpg	defaultimg_1631.jpg
1953	1	default_camera:same_core	62.21	img_1632.jpg	defaultimg_1632.jpg
1952	1	default_camera:same_core	100.02	img_1629.jpg	defaultimg_1629.jpg
1951	1	default_camera:same_core	52.76	img_1630.jpg	defaultimg_1630.jpg
1950	1	default_other:same_core	163.73	dpp_0231.jpg	defaultdpp_0231-2.jpg
1949	1	default_camera:same_core	89.76	img_1616.jpg	defaultimg_1616.jpg
1948	1	default_camera:same_core	113.28	img_1626.jpg	defaultimg_1626.jpg
1947	1	default_camera:same_core	97.73	img_1628.jpg	defaultimg_1628.jpg
1946	1	default_camera:same_core	117.77	img_1625.jpg	defaultimg_1625.jpg
1945	1	default_camera:same_core	88.5	img_1624.jpg	defaultimg_1624.jpg
1944	1	default_other:same_core	35.74	1438.jpg	default1438.jpg
1943	1	default_camera:same_core	79.85	img_1627.jpg	defaultimg_1627.jpg
1942	1	default_camera:same_core	99.93	img_1618.jpg	defaultimg_1618.jpg
1941	1	default_camera:same_core	83.84	img_1615.jpg	defaultimg_1615.jpg
1940	1	default_camera:same_core	81.37	img_1621.jpg	defaultimg_1621.jpg
1939	1	default_camera:same_core	98.8	img_1620.jpg	defaultimg_1620.jpg
1938	1	default_camera:same_core	139.09	img_1599.jpg	defaultimg_1599.jpg
1937	1	default_camera:same_core	128.16	img_1622.jpg	defaultimg_1622.jpg
1936	1	default_camera:same_core	101.71	img_1619.jpg	defaultimg_1619.jpg
1935	1	default_camera:same_core	86.55	img_1617.jpg	defaultimg_1617.jpg
1934	1	default_camera:same_core	103.59	img_1607.jpg	defaultimg_1607.jpg
1933	1	default_camera:same_core	88.11	img_1611.jpg	defaultimg_1611.jpg
1932	1	default_other:same_core	30.07	1954.jpg	default1954.jpg
1931	1	default_camera:same_core	122.53	img_1600.jpg	defaultimg_1600.jpg
1930	1	default_camera:same_core	110.82	img_1606.jpg	defaultimg_1606.jpg
1929	1	default_camera:same_core	158.76	img_1605.jpg	defaultimg_1605.jpg
1928	1	default_camera:same_core	119.64	img_1612.jpg	defaultimg_1612.jpg
1927	1	default_camera:same_core	101.76	img_1596.jpg	defaultimg_1596.jpg
1926	2	default_camera:same_core	137.02	img_1614.jpg	defaultimg_1613.jpg
1925	1	default_camera:same_core	77.14	img_1608.jpg	defaultimg_1608.jpg
1924	1	default_camera:same_core	101.35	img_1594.jpg	defaultimg_1594.jpg
1923	1	default_camera:same_core	71.52	img_1587.jpg	defaultimg_1587.jpg
1922	1	default_camera:same_core	72.8	img_1586.jpg	defaultimg_1586.jpg
1921	1	default_camera:same_core	87.91	img_1580.jpg	defaultimg_1580.jpg
1920	1	default_camera:same_core	87.87	img_1597.jpg	defaultimg_1597.jpg
1919	1	default_other:same_core	30.58	2034.jpg	default2034.jpg
1917	1	default_camera:same_core	69.09	img_1585.jpg	defaultimg_1585.jpg
1916	1	default_camera:same_core	76.93	img_1582.jpg	defaultimg_1582.jpg
1915	1	default_other:same_core	233.76	dpp_0229.jpg	defaultdpp_0229-2.jpg
1914	1	default_camera:same_core	87.72	img_1583.jpg	defaultimg_1583.jpg
1913	1	default_camera:same_core	75.38	img_1578.jpg	defaultimg_1578.jpg
1912	1	default_camera:same_core	77.11	img_1579.jpg	defaultimg_1579.jpg
1911	1	default_camera:same_core	71.68	img_1570.jpg	defaultimg_1570.jpg
1910	2	default_camera:same_core	82.89	img_1577.jpg	defaultimg_1576.jpg
1909	1	default_camera:same_core	73.43	img_1571.jpg	defaultimg_1571.jpg
1908	2	default_camera:same_core	67.41	img_1572.jpg	defaultimg_1573.jpg
1907	1	default_other:same_core	29.85	1913.jpg	default1913.jpg
1906	1	default_camera:same_core	94.19	img_1568.jpg	defaultimg_1568.jpg
1905	1	default_camera:same_core	91.22	img_1569.jpg	defaultimg_1569.jpg
1904	1	default_camera:same_core	127.01	img_1444.jpg	defaultimg_1444.jpg
1903	1	default_camera:same_core	85.08	img_1562.jpg	defaultimg_1562.jpg
1902	2	default_camera:same_core	128.44	img_7300.jpg	defaultimg_7299.jpg
1901	1	default_camera:same_core	126.63	img_1453.jpg	defaultimg_1453.jpg
1900	1	default_camera:same_core	83.76	img_1567.jpg	defaultimg_1567.jpg
1899	1	default_camera:same_core	97.72	img_1560.jpg	defaultimg_1560.jpg
1898	1	default_camera:same_core	92.99	img_1564.jpg	defaultimg_1564.jpg
1897	1	default_camera:same_core	139.88	img_1454.jpg	defaultimg_1454.jpg
1896	1	default_camera:same_core	133.26	img_1452.jpg	defaultimg_1452.jpg
1895	1	default_camera:same_core	119.7	img_1445.jpg	defaultimg_1445.jpg
1894	2	default_camera:same_core	127.04	img_1447.jpg	defaultimg_1447.jpg
1893	1	default_other:same_core	161.33	dpp_0225.jpg	defaultdpp_0225-2.jpg
1892	1	default_camera:same_core	120.22	img_1443.jpg	defaultimg_1443.jpg
1891	1	default_camera:same_core	111.75	img_1442.jpg	defaultimg_1442.jpg
1890	1	default_camera:same_core	84.13	img_1438.jpg	defaultimg_1438.jpg
1889	1	default_camera:same_core	100.22	img_1432.jpg	defaultimg_1432.jpg
1888	1	default_other:same_core	43.18	1599.jpg	default1599.jpg
1886	1	default_camera:same_core	84.81	img_1427.jpg	defaultimg_1427.jpg
1884	3	default_camera:same_core	114.11	img_7303.jpg	defaultimg_7304.jpg
1883	1	default_other:same_core	36.77	1226.jpg	default1226.jpg
1882	1	default_camera:same_core	126.74	img_1419.jpg	defaultimg_1419.jpg
1881	1	default_camera:same_core	131.86	img_1418.jpg	defaultimg_1418.jpg
1878	1	default_other:same_core	50.71	1828.jpg	default1828.jpg
1877	1	default_camera:same_core	46.7	img_1387.jpg	defaultimg_1387.jpg
1875	2	default_camera:same_core	50.21	img_1385.jpg	defaultimg_1386.jpg
1874	1	default_camera:same_core	52.12	img_1401.jpg	defaultimg_1401.jpg
1873	1	default_camera:same_core	125.72	img_7301.jpg	defaultimg_7301.jpg
1872	1	default_camera:same_core	55.49	img_1362.jpg	defaultimg_1362.jpg
1871	1	default_camera:same_core	6.86	img_1370.jpg	defaultimg_1370.jpg
1870	1	default_camera:same_core	52.49	img_1361.jpg	defaultimg_1361.jpg
1869	1	default_camera:same_core	57.17	img_1356.jpg	defaultimg_1356.jpg
1868	1	default_camera:same_core	65.5	img_1355.jpg	defaultimg_1355.jpg
1867	1	default_camera:same_core	155.23	img_1357.jpg	defaultimg_1357.jpg
1866	1	default_camera:same_core	39.13	img_1346.jpg	defaultimg_1346.jpg
1865	1	default_camera:same_core	58.02	img_1354.jpg	defaultimg_1354.jpg
1864	2	default_camera:same_core	59.51	img_1352.jpg	defaultimg_1353.jpg
1863	1	default_camera:same_core	40.39	img_1349.jpg	defaultimg_1349.jpg
1862	1	default_other:same_core	39.44	1213.jpg	default1213.jpg
1861	1	default_camera:same_core	28.49	img_1350.jpg	defaultimg_1350.jpg
1860	1	default_camera:same_core	53.91	img_1347.jpg	defaultimg_1347.jpg
1859	2	default_camera:same_core	49.97	img_1341.jpg	defaultimg_1340.jpg
1858	1	default_camera:same_core	53.56	img_1322.jpg	defaultimg_1322.jpg
1857	1	default_camera:same_core	51.77	img_1339.jpg	defaultimg_1339.jpg
1856	1	default_other:same_core	164.0	dpp_0224.jpg	defaultdpp_0224-2.jpg
1855	1	default_camera:same_core	51.89	img_1337.jpg	defaultimg_1337.jpg
1854	1	default_other:same_core	38.46	2003.jpg	default2003.jpg
1853	1	default_camera:same_core	6.59	img_1323.jpg	defaultimg_1323.jpg
1852	1	default_camera:same_core	128.41	img_7298.jpg	defaultimg_7298.jpg
1851	1	default_camera:same_core	21.37	img_1318.jpg	defaultimg_1318.jpg
1849	1	default_camera:same_core	45.24	img_1317.jpg	defaultimg_1317.jpg
1848	1	default_camera:same_core	7.32	img_1315.jpg	defaultimg_1315.jpg
1847	1	default_camera:same_core	6.66	img_1315.jpg	defaultimg_1315-2.jpg
1845	1	default_camera:same_core	7.48	img_1308.jpg	defaultimg_1308-2.jpg
1844	1	default_other:same_core	40.85	2016.jpg	default2016.jpg
1842	1	default_camera:same_core	5.95	img_1307.jpg	defaultimg_1307.jpg
1841	1	default_camera:same_core	6.55	img_1308.jpg	defaultimg_1308.jpg
1839	1	default_other:same_core	206.65	dpp_0220.jpg	defaultdpp_0220-2.jpg
1838	1	default_camera:same_core	6.67	img_1302.jpg	defaultimg_1302-2.jpg
1837	1	default_camera:same_core	8.26	img_1295.jpg	defaultimg_1295.jpg
1836	1	default_camera:same_core	35.5	img_1279.jpg	defaultimg_1279.jpg
1835	1	default_other:same_core	43.31	1569.jpg	default1569.jpg
1834	1	default_camera:same_core	6.38	img_1290.jpg	defaultimg_1290.jpg
1833	2	default_camera:same_core	48.23	img_1293.jpg	defaultimg_1292.jpg
1831	1	default_other:same_core	36.11	1474.jpg	default1474.jpg
1829	1	default_camera:same_core	56.76	img_1272.jpg	defaultimg_1272.jpg
1828	1	default_camera:same_core	188.69	img_1269.jpg	defaultimg_1269.jpg
1827	1	default_other:same_core	154.49	dpp_0221.jpg	defaultdpp_0221-2.jpg
1824	1	default_camera:same_core	8.68	img_1257.jpg	defaultimg_1257.jpg
1823	1	default_other:same_core	32.82	2084.jpg	default2084.jpg
1818	1	default_camera:same_core	9.74	img_1256.jpg	defaultimg_1256.jpg
1817	1	default_camera:same_core	8.23	img_1255.jpg	defaultimg_1255.jpg
1816	1	default_camera:same_core	57.25	img_1247.jpg	defaultimg_1247-2.jpg
1814	1	default_other:same_core	154.92	dpp_0216.jpg	defaultdpp_0216-2.jpg
1813	1	default_camera:same_core	77.04	img_7296.jpg	defaultimg_7296.jpg
1807	1	default_camera:same_core	9.03	img_1232.jpg	defaultimg_1232.jpg
1806	1	default_other:same_core	35.41	1568.jpg	default1568.jpg
1804	2	default_camera:same_core	76.35	img_7295.jpg	defaultimg_7294.jpg
1802	1	default_camera:same_core	7.73	img_1225.jpg	defaultimg_1225-2.jpg
1801	1	default_camera:same_core	5.84	img_1223.jpg	defaultimg_1223-2.jpg
1798	1	default_camera:same_core	8.33	img_1216.jpg	defaultimg_1216.jpg
1797	1	default_camera:same_core	8.69	img_1214.jpg	defaultimg_1214-2.jpg
1795	1	default_camera:same_core	32.84	img_1212.jpg	defaultimg_1212.jpg
1794	2	default_camera:same_core	39.08	img_1210.jpg	defaultimg_1209.jpg
1793	1	default_camera:same_core	37.21	img_1207.jpg	defaultimg_1207.jpg
1792	1	default_camera:same_core	40.72	img_1208.jpg	defaultimg_1208.jpg
1791	2	default_other:same_core	166.0	dpp_0223.jpg	defaultdpp_0222-2.jpg
1790	1	default_camera:same_core	61.42	img_1206.jpg	defaultimg_1206.jpg
1788	1	default_camera:same_core	78.37	img_1194.jpg	defaultimg_1194.jpg
1787	1	default_other:same_core	43.98	1730.jpg	default1730.jpg
1786	1	default_camera:same_core	94.45	img_1198.jpg	defaultimg_1198.jpg
1785	1	default_camera:same_core	6.59	img_1204.jpg	defaultimg_1204.jpg
1784	1	default_camera:same_core	93.26	img_1199.jpg	defaultimg_1199.jpg
1783	1	default_camera:same_core	32.01	img_1195.jpg	defaultimg_1195.jpg
1782	2	default_camera:same_core	99.91	img_1197.jpg	defaultimg_1196.jpg
1780	1	default_other:same_core	38.46	1332.jpg	default1332.jpg
1779	1	default_camera:same_core	173.32	img_1181.jpg	defaultimg_1181-3.jpg
1778	1	default_camera:same_core	172.86	img_1181.jpg	defaultimg_1181.jpg
1777	1	default_camera:same_core	106.83	img_1185.jpg	defaultimg_1185.jpg
1776	1	default_camera:same_core	38.3	img_1187.jpg	defaultimg_1187-2.jpg
1775	1	default_camera:same_core	5.89	img_1192.jpg	defaultimg_1192.jpg
1774	1	default_camera:same_core	26.14	img_1188.jpg	defaultimg_1188.jpg
1773	1	default_camera:same_core	6.27	img_1190.jpg	defaultimg_1190.jpg
1772	1	default_camera:same_core	23.97	img_1185.jpg	defaultimg_1185-2.jpg
1771	1	default_camera:same_core	120.1	img_1186.jpg	defaultimg_1186.jpg
1770	1	default_camera:same_core	172.12	img_1183.jpg	defaultimg_1183-3.jpg
1769	1	default_other:same_core	45.78	1403.jpg	default1403.jpg
1768	1	default_camera:same_core	121.87	img_1184.jpg	defaultimg_1184.jpg
1767	1	default_camera:same_core	124.32	img_1183.jpg	defaultimg_1183.jpg
1766	1	default_other:same_core	230.29	dpp_0219.jpg	defaultdpp_0219-2.jpg
1765	1	default_camera:same_core	28.35	img_1186.jpg	defaultimg_1186-2.jpg
1764	1	default_camera:same_core	183.26	img_1182.jpg	defaultimg_1182-2.jpg
1763	1	default_camera:same_core	163.72	img_1180.jpg	defaultimg_1180-3.jpg
1762	1	default_camera:same_core	173.51	img_1179.jpg	defaultimg_1179.jpg
1761	1	default_camera:same_core	170.81	img_1179.jpg	defaultimg_1179-3.jpg
1760	1	default_camera:same_core	213.15	img_1177.jpg	defaultimg_1177.jpg
1759	1	default_camera:same_core	177.23	img_1176.jpg	defaultimg_1176-3.jpg
1758	1	default_camera:same_core	173.26	img_1177.jpg	defaultimg_1177-3.jpg
1757	1	default_camera:same_core	204.18	img_1174.jpg	defaultimg_1174-2.jpg
1756	1	default_camera:same_core	38.38	img_1174.jpg	defaultimg_1174.jpg
1755	1	default_camera:same_core	8.1	img_1173.jpg	defaultimg_1173.jpg
1754	1	default_camera:same_core	204.7	img_1171.jpg	defaultimg_1171-2.jpg
1752	1	default_camera:same_core	17.41	img_1175.jpg	defaultimg_1175.jpg
1751	1	default_camera:same_core	349.76	img_1176.jpg	defaultimg_1176.jpg
1750	1	default_camera:same_core	208.92	img_1173.jpg	defaultimg_1173-2.jpg
1749	1	default_camera:same_core	180.54	img_1166.jpg	defaultimg_1166-2.jpg
1748	1	default_camera:same_core	86.99	img_4256.jpg	defaultimg_4256.jpg
1747	1	default_camera:same_core	207.51	img_1170.jpg	defaultimg_1170-2.jpg
1746	1	default_camera:same_core	116.63	img_1166.jpg	defaultimg_1166.jpg
1745	1	default_camera:same_core	108.39	img_1167.jpg	defaultimg_1167.jpg
1744	1	default_camera:same_core	139.02	img_1164.jpg	defaultimg_1164.jpg
1743	1	default_camera:same_core	150.15	img_1168.jpg	defaultimg_1168.jpg
1742	1	default_other:same_core	38.53	1790.jpg	default1790.jpg
1740	1	default_camera:same_core	177.72	img_1167.jpg	defaultimg_1167-2.jpg
1739	1	default_camera:same_core	121.57	img_1165.jpg	defaultimg_1165.jpg
1738	1	default_camera:same_core	128.25	img_1160.jpg	defaultimg_1160.jpg
1737	1	default_camera:same_core	288.17	img_1163.jpg	defaultimg_1163.jpg
1735	1	default_camera:same_core	74.08	img_1161.jpg	defaultimg_1161-2.jpg
1734	1	default_camera:same_core	161.59	img_1159.jpg	defaultimg_1159.jpg
1733	1	default_camera:same_core	181.6	img_1165.jpg	defaultimg_1165-2.jpg
1732	1	default_camera:same_core	292.31	img_1164.jpg	defaultimg_1164-3.jpg
1731	1	default_camera:same_core	271.3	img_1157.jpg	defaultimg_1157-3.jpg
1730	1	default_camera:same_core	309.76	img_1158.jpg	defaultimg_1158-3.jpg
1729	1	default_camera:same_core	315.44	img_1154.jpg	defaultimg_1154-2.jpg
1728	1	default_camera:same_core	265.94	img_1159.jpg	defaultimg_1159-3.jpg
1727	1	default_camera:same_core	8.35	img_1162.jpg	defaultimg_1162.jpg
1726	2	default_other:same_core	235.6	dpp_0217.jpg	defaultdpp_0218-2.jpg
1725	1	default_camera:same_core	116.83	img_1161.jpg	defaultimg_1161.jpg
1724	2	default_camera:same_core	266.02	img_1161.jpg	defaultimg_1161-3.jpg
1723	1	default_camera:same_core	13.06	img_1160.jpg	defaultimg_1160-2.jpg
1722	1	default_camera:same_core	147.98	img_1155.jpg	defaultimg_1155.jpg
1721	1	default_camera:same_core	322.79	img_1155.jpg	defaultimg_1155-2.jpg
1720	1	default_camera:same_core	281.47	img_1153.jpg	defaultimg_1153.jpg
1719	1	default_camera:same_core	115.69	img_1147.jpg	defaultimg_1147.jpg
1718	1	default_camera:same_core	39.6	img_1157.jpg	defaultimg_1157-2.jpg
1717	1	default_camera:same_core	122.31	img_1150.jpg	defaultimg_1150.jpg
1716	1	default_camera:same_core	322.51	img_1148.jpg	defaultimg_1148.jpg
1715	1	default_camera:same_core	271.82	img_1147.jpg	defaultimg_1147-2.jpg
1714	1	default_camera:same_core	356.09	img_1150.jpg	defaultimg_1150-2.jpg
1713	1	default_camera:same_core	151.65	img_1143.jpg	defaultimg_1143.jpg
1712	1	default_camera:same_core	325.81	img_1151.jpg	defaultimg_1151.jpg
1711	1	default_camera:same_core	291.85	img_1141.jpg	defaultimg_1141-2.jpg
1710	1	default_camera:same_core	186.28	img_1146.jpg	defaultimg_1146.jpg
1709	1	default_camera:same_core	303.69	img_1149.jpg	defaultimg_1149.jpg
1708	1	default_camera:same_core	269.86	img_1146.jpg	defaultimg_1146-2.jpg
1707	1	default_camera:same_core	364.0	img_1145.jpg	defaultimg_1145.jpg
1706	1	default_camera:same_core	298.43	img_1145.jpg	defaultimg_1145-3.jpg
1705	1	default_camera:same_core	116.06	img_1142.jpg	defaultimg_1142.jpg
1704	3	default_camera:same_core	72.51	img_7292.jpg	defaultimg_7291.jpg
1702	1	default_camera:same_core	199.3	img_1139.jpg	defaultimg_1139.jpg
1701	1	default_other:same_core	17.05	1749.jpg	default1749.jpg
1700	1	default_camera:same_core	229.15	img_1135.jpg	defaultimg_1135.jpg
1699	1	default_camera:same_core	308.85	img_1134.jpg	defaultimg_1134.jpg
1697	1	default_timestamp:same_core	26.96	2013-04-12 11.54.27.jpg	default2013-04-12_11.54.27.jpg
1696	1	default_camera:same_core	323.01	img_1132.jpg	defaultimg_1132.jpg
1695	1	default_camera:same_core	125.0	img_1133.jpg	defaultimg_1133.jpg
1693	1	default_camera:same_core	192.07	img_1130.jpg	defaultimg_1130.jpg
1691	1	default_other:same_core	170.89	dpp_0212.jpg	defaultdpp_0212-2.jpg
1690	1	default_camera:same_core	288.88	img_1133.jpg	defaultimg_1133-2.jpg
1689	1	default_camera:same_core	204.24	img_1126.jpg	defaultimg_1126.jpg
1688	1	default_camera:same_core	133.37	img_1124.jpg	defaultimg_1124.jpg
1687	1	default_camera:same_core	83.81	img_1114.jpg	defaultimg_1114-2.jpg
1686	1	default_camera:same_core	130.89	img_1123.jpg	defaultimg_1123.jpg
1685	1	default_camera:same_core	134.88	img_1122.jpg	defaultimg_1122.jpg
1684	1	default_timestamp:same_core	17.98	2013-02-25 20.45.14.jpg	default2013-02-25_20.45.14.jpg
1683	1	default_camera:same_core	255.73	img_1118.jpg	defaultimg_1118.jpg
1682	1	default_camera:same_core	82.15	img_1109.jpg	defaultimg_1109-2.jpg
1681	1	default_camera:same_core	78.48	img_1115.jpg	defaultimg_1115.jpg
1680	1	default_other:same_core	12.21	1444.jpg	default1444.jpg
1679	1	default_camera:same_core	209.69	img_1114.jpg	defaultimg_1114.jpg
1677	1	default_timestamp:same_core	22.3	2012-07-25 19.19.18.jpg	default2012-07-25_19.19.18.jpg
1676	3	default_camera:same_core	92.2	img_7286.jpg	defaultimg_7284.jpg
1675	1	default_camera:same_core	182.64	img_1108.jpg	defaultimg_1108.jpg
1674	1	default_camera:same_core	82.0	img_1108.jpg	defaultimg_1108-2.jpg
1673	1	default_camera:same_core	87.25	img_1107.jpg	defaultimg_1107-3.jpg
1672	1	default_timestamp:same_core	17.75	2012-03-13 22.14.08.jpg	default2012-03-13_22.14.08.jpg
1671	1	default_camera:same_core	23.79	img_1105.jpg	defaultimg_1105.jpg
1669	1	default_camera:same_core	129.81	img_1099.jpg	defaultimg_1099.jpg
1668	1	default_camera:same_core	69.04	img_7287.jpg	defaultimg_7287.jpg
1666	1	default_timestamp:same_core	11.48	2013-02-21 12.43.49.jpg	default2013-02-21_12.43.49.jpg
1665	1	default_camera:same_core	96.18	img_1096.jpg	defaultimg_1096.jpg
1660	3	default_camera:same_core	74.48	img_7288.jpg	defaultimg_7290.jpg
1658	1	default_camera:same_core	105.76	img_1092.jpg	defaultimg_1092.jpg
1657	1	default_camera:same_core	104.35	img_1093.jpg	defaultimg_1093.jpg
1655	1	default_camera:same_core	72.64	img_1084.jpg	defaultimg_1084.jpg
1654	1	default_camera:same_core	122.7	img_1087.jpg	defaultimg_1087.jpg
1653	1	default_other:same_core	176.05	dpp_0210.jpg	defaultdpp_0210-2.jpg
1652	1	default_camera:same_core	70.52	img_1086.jpg	defaultimg_1086-3.jpg
1651	1	default_camera:same_core	111.79	img_7282.jpg	defaultimg_7282.jpg
1649	1	default_camera:same_core	210.13	img_1086.jpg	defaultimg_1086.jpg
1648	1	default_camera:same_core	350.07	img_1083.jpg	defaultimg_1083.jpg
1645	2	default_camera:same_core	266.47	img_1082.jpg	defaultimg_1082-2.jpg
1644	1	default_camera:same_core	132.77	img_1080.jpg	defaultimg_1080.jpg
1642	1	default_timestamp:same_core	19.72	2012-10-15 09.37.29.jpg	default2012-10-15_09.37.29.jpg
1640	1	default_camera:same_core	89.4	img_1074.jpg	defaultimg_1074.jpg
1639	1	default_camera:same_core	90.11	img_1073.jpg	defaultimg_1073.jpg
1638	1	default_other:same_core	165.18	dpp_0207.jpg	defaultdpp_0207-2.jpg
1637	1	default_camera:same_core	92.81	img_1071.jpg	defaultimg_1071.jpg
1635	1	default_camera:same_core	116.45	img_7283.jpg	defaultimg_7283.jpg
1634	1	default_camera:same_core	98.44	img_1072.jpg	defaultimg_1072.jpg
1633	1	default_camera:same_core	83.13	img_1068.jpg	defaultimg_1068.jpg
1630	1	default_camera:same_core	84.64	img_1069.jpg	defaultimg_1069.jpg
1629	1	default_timestamp:same_core	23.55	2013-01-29 18.52.29.jpg	default2013-01-29_18.52.29.jpg
1627	1	default_camera:same_core	82.81	img_1067.jpg	defaultimg_1067.jpg
1623	1	default_camera:same_core	86.17	img_1066.jpg	defaultimg_1066.jpg
1622	1	default_camera:same_core	80.06	img_1064.jpg	defaultimg_1064.jpg
1619	1	default_other:same_core	12.5	2234.jpg	default2234.jpg
1618	1	default_camera:same_core	96.53	img_1063.jpg	defaultimg_1063.jpg
1617	1	default_other:same_core	148.63	dpp_0209.jpg	defaultdpp_0209-2.jpg
1616	1	default_camera:same_core	104.27	img_7281.jpg	defaultimg_7281.jpg
1615	1	default_camera:same_core	113.0	img_1060.jpg	defaultimg_1060.jpg
1614	1	default_other:same_core	14.68	1762.jpg	default1762.jpg
1613	1	default_camera:same_core	79.78	img_1061.jpg	defaultimg_1061.jpg
1611	1	default_camera:same_core	86.92	img_1062.jpg	defaultimg_1062.jpg
1609	1	default_camera:same_core	88.23	img_1058.jpg	defaultimg_1058.jpg
1608	1	default_camera:same_core	83.71	img_1054.jpg	defaultimg_1054.jpg
1607	1	default_camera:same_core	105.61	img_1057.jpg	defaultimg_1057.jpg
1606	1	default_camera:same_core	101.79	img_1055.jpg	defaultimg_1055.jpg
1605	1	default_camera:same_core	102.55	img_1056.jpg	defaultimg_1056.jpg
1602	1	default_camera:same_core	90.48	img_1049.jpg	defaultimg_1049.jpg
1601	1	default_camera:same_core	83.44	img_7275.jpg	defaultimg_7275.jpg
1600	1	default_other:same_core	157.78	dpp_0208.jpg	defaultdpp_0208-2.jpg
1599	1	default_camera:same_core	85.37	img_1053.jpg	defaultimg_1053.jpg
1598	1	default_timestamp:same_core	43.98	2013-01-13 16.45.44.jpg	default2013-01-13_16.45.44.jpg
1596	1	default_camera:same_core	87.93	img_1052.jpg	defaultimg_1052.jpg
1595	1	default_camera:same_core	87.36	img_1050.jpg	defaultimg_1050.jpg
1594	1	default_camera:same_core	91.83	img_1046.jpg	defaultimg_1046.jpg
1593	1	default_camera:same_core	88.41	img_1048.jpg	defaultimg_1048.jpg
1592	1	default_camera:same_core	7.81	img_1049.jpg	defaultimg_1049-3.jpg
1590	1	default_other:same_core	14.47	1214.jpg	default1214.jpg
1589	1	default_camera:same_core	85.72	img_1047.jpg	defaultimg_1047.jpg
1588	1	default_camera:same_core	91.3	img_1051.jpg	defaultimg_1051.jpg
1587	1	default_camera:same_core	104.13	img_1037.jpg	defaultimg_1037.jpg
1582	1	default_camera:same_core	100.34	img_7272.jpg	defaultimg_7272.jpg
1579	1	default_camera:same_core	79.0	img_1041.jpg	defaultimg_1041.jpg
1578	1	default_camera:same_core	103.8	img_1040.jpg	defaultimg_1040.jpg
1577	1	default_camera:same_core	93.48	img_1035.jpg	defaultimg_1035.jpg
1576	1	default_other:same_core	155.43	dpp_0206.jpg	defaultdpp_0206-2.jpg
1575	1	default_other:same_core	17.79	1866.jpg	default1866.jpg
1574	1	default_camera:same_core	75.4	img_1033.jpg	defaultimg_1033.jpg
1571	1	default_camera:same_core	8.97	img_1025.jpg	defaultimg_1025-3.jpg
1570	1	default_camera:same_core	99.48	img_1024.jpg	defaultimg_1024.jpg
1569	2	default_camera:same_core	93.22	img_1029.jpg	defaultimg_1029.jpg
1568	1	default_other:same_core	16.81	1345.jpg	default1345.jpg
1567	1	default_camera:same_core	99.79	img_7274.jpg	defaultimg_7274.jpg
1566	1	default_camera:same_core	99.59	img_1027.jpg	defaultimg_1027.jpg
1561	2	default_camera:same_core	102.09	img_1021.jpg	defaultimg_1021.jpg
1559	1	default_camera:same_core	99.99	img_1023.jpg	defaultimg_1023.jpg
1557	1	default_camera:same_core	6.85	img_1017.jpg	defaultimg_1017-2.jpg
1554	1	default_other:same_core	163.23	dpp_0205.jpg	defaultdpp_0205-2.jpg
1552	1	default_camera:same_core	108.14	img_1016.jpg	defaultimg_1016.jpg
1551	1	default_other:same_core	17.73	2133.jpg	default2133.jpg
1550	1	default_camera:same_core	106.38	img_1015.jpg	defaultimg_1015.jpg
1549	1	default_camera:same_core	7.13	img_1013.jpg	defaultimg_1013-2.jpg
1547	1	default_camera:same_core	82.73	img_7277.jpg	defaultimg_7277.jpg
1546	1	default_other:same_core	10.91	1396.jpg	default1396.jpg
1545	1	default_camera:same_core	105.19	img_1014.jpg	defaultimg_1014.jpg
1543	1	default_camera:same_core	89.51	img_1013.jpg	defaultimg_1013.jpg
1541	1	default_camera:same_core	6.77	img_1008.jpg	defaultimg_1008-3.jpg
1540	1	default_other:same_core	17.0	1253.jpg	default1253.jpg
1539	1	default_camera:same_core	5.97	img_1007.jpg	defaultimg_1007-3.jpg
1536	1	default_camera:same_core	76.01	img_1005.jpg	defaultimg_1005.jpg
1533	1	default_timestamp:same_core	11.27	2013-02-21 12.22.06.jpg	default2013-02-21_12.22.06.jpg
1532	1	default_camera:same_core	5.75	img_1004.jpg	defaultimg_1004-2.jpg
1531	1	default_camera:same_core	94.16	img_1001.jpg	defaultimg_1001.jpg
1530	1	default_camera:same_core	6.5	img_1003.jpg	defaultimg_1003-2.jpg
1528	1	default_camera:same_core	107.17	img_7273.jpg	defaultimg_7273.jpg
1527	1	default_other:same_core	164.7	dpp_0204.jpg	defaultdpp_0204-2.jpg
1525	1	default_camera:same_core	7.4	img_0997.jpg	defaultimg_0997-2.jpg
1523	1	default_camera:same_core	7.01	img_0999.jpg	defaultimg_0999-3.jpg
1522	1	default_camera:same_core	8.99	img_0996.jpg	defaultimg_0996-2.jpg
1520	1	default_camera:same_core	17.98	img_0992.jpg	defaultimg_0992-3.jpg
1516	1	default_other:same_core	12.84	1795.jpg	default1795.jpg
1513	1	default_camera:same_core	118.08	img_7280.jpg	defaultimg_7280.jpg
1512	1	default_timestamp:same_core	42.52	2013-01-13 16.46.22.jpg	default2013-01-13_16.46.22.jpg
1510	1	default_camera:same_core	9.88	img_0990.jpg	defaultimg_0990-2.jpg
1508	1	default_camera:same_core	7.76	img_0983.jpg	defaultimg_0983-3.jpg
1503	1	default_camera:same_core	111.74	img_0979.jpg	defaultimg_0979.jpg
1501	1	default_camera:same_core	5.96	img_0981.jpg	defaultimg_0981-3.jpg
1500	1	default_camera:same_core	103.08	img_0982.jpg	defaultimg_0982.jpg
1499	1	default_camera:same_core	7.43	img_0980.jpg	defaultimg_0980-3.jpg
1497	1	default_other:same_core	13.51	1667.jpg	default1667.jpg
1496	1	default_camera:same_core	5.4	img_0977.jpg	defaultimg_0977-3.jpg
1495	1	default_camera:same_core	6.35	img_0975.jpg	defaultimg_0975-2.jpg
1492	1	default_camera:same_core	87.69	img_7278.jpg	defaultimg_7278.jpg
1491	1	default_camera:same_core	5.25	img_0974.jpg	defaultimg_0974.jpg
1490	1	default_camera:same_core	128.96	img_0971.jpg	defaultimg_0971.jpg
1488	1	default_camera:same_core	120.87	img_0973.jpg	defaultimg_0973.jpg
1487	1	default_other:same_core	15.95	1603.jpg	default1603.jpg
1486	1	default_other:same_core	234.99	dpp_0200.jpg	defaultdpp_0200-2.jpg
1483	1	default_camera:same_core	98.25	img_0966.jpg	defaultimg_0966.jpg
1482	1	default_camera:same_core	97.86	img_0964.jpg	defaultimg_0964.jpg
1480	1	default_camera:same_core	5.21	img_0962.jpg	defaultimg_0962-2.jpg
1479	1	default_camera:same_core	131.12	img_7279.jpg	defaultimg_7279.jpg
1477	1	default_camera:same_core	101.99	img_0960.jpg	defaultimg_0960.jpg
1476	1	default_camera:same_core	83.23	img_0958.jpg	defaultimg_0958.jpg
1475	1	default_camera:same_core	110.24	img_0961.jpg	defaultimg_0961.jpg
1474	1	default_camera:same_core	69.52	img_0959.jpg	defaultimg_0959.jpg
1471	1	default_timestamp:same_core	74.57	2013-01-12 13.22.49.jpg	default2013-01-12_13.22.49.jpg
1469	1	default_camera:same_core	116.35	img_0957.jpg	defaultimg_0957.jpg
1467	1	default_camera:same_core	107.91	img_0956.jpg	defaultimg_0956.jpg
1466	1	default_camera:same_core	94.83	img_0954.jpg	defaultimg_0954.jpg
1464	1	default_other:same_core	207.57	dpp_0194.jpg	defaultdpp_0194-2.jpg
1463	1	default_timestamp:same_core	37.83	2013-01-13 16.45.34.jpg	default2013-01-13_16.45.34.jpg
1462	1	default_camera:same_core	86.15	img_7276.jpg	defaultimg_7276.jpg
1458	1	default_camera:same_core	95.11	img_0950.jpg	defaultimg_0950.jpg
1457	1	default_timestamp:same_core	16.68	2013-03-12 09.10.20.jpg	default2013-03-12_09.10.20.jpg
1456	1	default_camera:same_core	8.42	img_0948.jpg	defaultimg_0948-2.jpg
1455	1	default_camera:same_core	92.34	img_0945.jpg	defaultimg_0945.jpg
1454	1	default_camera:same_core	100.0	img_0946.jpg	defaultimg_0946.jpg
1450	1	default_camera:same_core	86.09	img_0944.jpg	defaultimg_0944.jpg
1449	2	default_camera:same_core	96.02	img_0943.jpg	defaultimg_0942.jpg
1448	1	default_camera:same_core	97.31	img_7271.jpg	defaultimg_7271.jpg
1447	1	default_camera:same_core	94.43	img_0941.jpg	defaultimg_0941.jpg
1446	1	default_camera:same_core	13.15	img_0937.jpg	defaultimg_0937-3.jpg
1445	1	default_other:same_core	304.29	dpp_0202.jpg	defaultdpp_0202-2.jpg
1443	1	default_camera:same_core	6.91	img_0938.jpg	defaultimg_0938-3.jpg
1441	1	default_other:same_core	13.25	2013.jpg	default2013.jpg
1440	1	default_camera:same_core	9.46	img_0936.jpg	defaultimg_0936-3.jpg
1439	1	default_camera:same_core	7.05	img_0933.jpg	defaultimg_0933-2.jpg
1438	1	default_camera:same_core	99.89	img_7265.jpg	defaultimg_7265.jpg
1437	1	default_camera:same_core	100.75	img_0934.jpg	defaultimg_0934.jpg
1436	1	default_camera:same_core	89.73	img_0930.jpg	defaultimg_0930.jpg
1434	1	default_camera:same_core	96.34	img_0932.jpg	defaultimg_0932.jpg
1433	1	default_timestamp:same_core	19.69	2013-03-04 10.21.38.jpg	default2013-03-04_10.21.38.jpg
1432	1	default_camera:same_core	12.32	img_0931.jpg	defaultimg_0931-2.jpg
1431	1	default_other:same_core	307.38	dpp_0196.jpg	defaultdpp_0196-2.jpg
1430	1	default_camera:same_core	79.9	img_0928.jpg	defaultimg_0928.jpg
1429	1	default_camera:same_core	81.48	img_0929.jpg	defaultimg_0929.jpg
1425	1	default_camera:same_core	86.69	img_0922.jpg	defaultimg_0922.jpg
1424	1	default_other:same_core	15.96	1511.jpg	default1511.jpg
1423	1	default_camera:same_core	94.01	img_0927.jpg	defaultimg_0927.jpg
1422	2	default_camera:same_core	95.99	img_0925.jpg	defaultimg_0924.jpg
1419	2	default_camera:same_core	92.07	img_0921.jpg	defaultimg_0920.jpg
1418	1	default_other:same_core	14.66	2131.jpg	default2131.jpg
1416	1	default_camera:same_core	98.34	img_7268.jpg	defaultimg_7268.jpg
1415	1	default_other:same_core	259.12	dpp_0203.jpg	defaultdpp_0203-2.jpg
1414	1	default_camera:same_core	115.23	img_0916.jpg	defaultimg_0916.jpg
1413	1	default_camera:same_core	85.5	img_0916.jpg	defaultimg_0916-3.jpg
1411	1	default_camera:same_core	129.36	img_0915.jpg	defaultimg_0915.jpg
1410	1	default_camera:same_core	62.51	img_0917.jpg	defaultimg_0917-3.jpg
1409	1	default_timestamp:same_core	21.29	2012-10-15 12.30.22.jpg	default2012-10-15_12.30.22.jpg
1408	1	default_camera:same_core	115.22	img_0917.jpg	defaultimg_0917.jpg
1406	1	default_camera:same_core	74.62	img_0913.jpg	defaultimg_0913.jpg
1403	1	default_camera:same_core	7.76	img_0908.jpg	defaultimg_0908-3.jpg
1402	1	default_camera:same_core	84.42	img_0908.jpg	defaultimg_0908.jpg
1401	1	default_camera:same_core	79.93	img_0904.jpg	defaultimg_0904-3.jpg
1400	1	default_other:same_core	394.2	dpp_0197.jpg	defaultdpp_0197-2.jpg
1399	1	default_camera:same_core	90.18	img_0906.jpg	defaultimg_0906.jpg
1397	1	default_camera:same_core	66.59	img_0905.jpg	defaultimg_0905-3.jpg
1396	1	default_camera:same_core	108.01	img_4227.jpg	defaultimg_4227-2.jpg
1395	1	default_camera:same_core	61.06	img_0906.jpg	defaultimg_0906-3.jpg
1392	1	default_other:same_core	15.0	1222.jpg	default1222.jpg
1391	2	default_camera:same_core	204.94	img_0905.jpg	defaultimg_0904.jpg
1389	1	default_camera:same_core	99.21	img_7261.jpg	defaultimg_7261.jpg
1388	1	default_camera:same_core	34.97	img_0902.jpg	defaultimg_0902-3.jpg
1387	1	default_camera:same_core	85.69	img_0902.jpg	defaultimg_0902.jpg
1386	1	default_camera:same_core	77.61	img_0901.jpg	defaultimg_0901.jpg
1384	1	default_camera:same_core	97.34	img_0896.jpg	defaultimg_0896.jpg
1383	1	default_camera:same_core	94.1	img_0899.jpg	defaultimg_0899.jpg
1378	1	default_other:same_core	185.64	dpp_0201.jpg	defaultdpp_0201-2.jpg
1376	1	default_timestamp:same_core	10.97	2013-02-12 12.27.40.jpg	default2013-02-12_12.27.40.jpg
1375	2	default_camera:same_core	95.58	img_0895.jpg	defaultimg_0894.jpg
1372	1	default_camera:same_core	100.72	img_0891.jpg	defaultimg_0891.jpg
1368	2	default_camera:same_core	83.28	img_0892.jpg	defaultimg_0893.jpg
1367	1	default_camera:same_core	100.86	img_0890.jpg	defaultimg_0890.jpg
1363	1	default_timestamp:same_core	20.17	2012-03-13 16.42.22.jpg	default2012-03-13_16.42.22.jpg
1360	1	default_timestamp:same_core	11.49	2013-03-20 08.13.58.jpg	default2013-03-20_08.13.58.jpg
1358	1	default_camera:same_core	102.44	img_4225.jpg	defaultimg_4225-2.jpg
1357	1	default_camera:same_core	95.28	img_0884.jpg	defaultimg_0884.jpg
1356	2	default_camera:same_core	99.18	img_0880.jpg	defaultimg_0881.jpg
1355	1	default_timestamp:same_core	16.9	2012-09-23 10.10.42.jpg	default2012-09-23_10.10.42.jpg
1354	1	default_camera:same_core	97.68	img_0878.jpg	defaultimg_0878.jpg
1353	1	default_camera:same_core	99.5	img_7269.jpg	defaultimg_7269.jpg
1350	1	default_timestamp:same_core	11.13	2013-02-21 12.59.50.jpg	default2013-02-21_12.59.50.jpg
1349	1	default_camera:same_core	80.86	img_0877.jpg	defaultimg_0877.jpg
1347	1	default_camera:same_core	80.55	img_0874.jpg	defaultimg_0874.jpg
1346	1	default_other:same_core	14.64	1466.jpg	default1466.jpg
1345	1	default_camera:same_core	100.14	img_0875.jpg	defaultimg_0875.jpg
1343	1	default_camera:same_core	94.32	img_0872.jpg	defaultimg_0872-3.jpg
1342	1	default_camera:same_core	97.92	img_0871.jpg	defaultimg_0871.jpg
1341	1	default_camera:same_core	99.99	img_0873.jpg	defaultimg_0873-3.jpg
1340	1	default_camera:same_core	94.77	img_0872.jpg	defaultimg_0872.jpg
1339	1	default_other:same_core	11.96	1791.jpg	default1791.jpg
1338	1	default_camera:same_core	80.27	img_0873.jpg	defaultimg_0873.jpg
1337	1	default_camera:same_core	86.28	img_0869.jpg	defaultimg_0869-3.jpg
1336	1	default_camera:same_core	133.12	img_0868.jpg	defaultimg_0868-3.jpg
1335	1	default_camera:same_core	94.56	img_0866.jpg	defaultimg_0866.jpg
1334	1	default_camera:same_core	89.78	img_0868.jpg	defaultimg_0868.jpg
1332	1	default_camera:same_core	81.67	img_0867.jpg	defaultimg_0867.jpg
1331	1	default_camera:same_core	124.64	img_0869.jpg	defaultimg_0869.jpg
1330	1	default_camera:same_core	94.24	img_7267.jpg	defaultimg_7267.jpg
1329	1	default_camera:same_core	78.98	img_0866.jpg	defaultimg_0866-3.jpg
1328	1	default_other:same_core	468.16	dpp_0195.jpg	defaultdpp_0195-2.jpg
1327	1	default_camera:same_core	84.85	img_0864.jpg	defaultimg_0864.jpg
1324	1	default_camera:same_core	92.18	img_0865.jpg	defaultimg_0865.jpg
1323	1	default_timestamp:same_core	17.86	2013-02-06 21.57.14.jpg	default2013-02-06_21.57.14.jpg
1322	1	default_camera:same_core	83.32	img_0863.jpg	defaultimg_0863.jpg
1319	1	default_camera:same_core	118.16	img_0859.jpg	defaultimg_0859.jpg
1318	1	default_camera:same_core	116.74	img_0858.jpg	defaultimg_0858.jpg
1317	1	default_other:same_core	18.73	1798.jpg	default1798.jpg
1312	1	default_camera:same_core	97.83	img_7266.jpg	defaultimg_7266.jpg
1309	1	default_other:same_core	11.48	1840.jpg	default1840.jpg
1305	1	default_camera:same_core	96.75	img_0851.jpg	defaultimg_0851.jpg
1304	1	default_other:same_core	14.33	2015.jpg	default2015.jpg
1303	1	default_other:same_core	235.13	dpp_0193.jpg	defaultdpp_0193-2.jpg
1301	1	default_camera:same_core	105.8	img_0847.jpg	defaultimg_0847.jpg
1300	2	default_camera:same_core	97.02	img_0849.jpg	defaultimg_0850.jpg
1299	1	default_other:same_core	15.15	2050.jpg	default2050.jpg
1295	1	default_camera:same_core	105.16	img_0846.jpg	defaultimg_0846.jpg
1293	1	default_camera:same_core	98.21	img_7270.jpg	defaultimg_7270.jpg
1292	1	default_camera:same_core	108.66	img_0839.jpg	defaultimg_0839.jpg
1291	1	default_camera:same_core	93.64	img_0840.jpg	defaultimg_0840.jpg
1290	1	default_timestamp:same_core	11.39	2013-03-20 08.03.22.jpg	default2013-03-20_08.03.22.jpg
1286	1	default_camera:same_core	70.86	img_0843.jpg	defaultimg_0843-3.jpg
1284	1	default_camera:same_core	98.67	img_0842.jpg	defaultimg_0842.jpg
1283	1	default_camera:same_core	93.82	img_0841.jpg	defaultimg_0841.jpg
1282	1	default_other:same_core	12.5	1853.jpg	default1853.jpg
1280	1	default_other:same_core	194.26	dpp_0188.jpg	defaultdpp_0188-2.jpg
1277	2	default_camera:same_core	96.16	img_0838.jpg	defaultimg_0837.jpg
1275	1	default_camera:same_core	82.59	img_0835.jpg	defaultimg_0835.jpg
1274	1	default_other:same_core	10.22	1276.jpg	default1276.jpg
1273	2	default_camera:same_core	92.52	img_0836.jpg	defaultimg_0836.jpg
1270	1	default_camera:same_core	95.78	img_0832.jpg	defaultimg_0832.jpg
1269	1	default_camera:same_core	96.9	img_0830.jpg	defaultimg_0830.jpg
1268	1	default_camera:same_core	93.62	img_0831.jpg	defaultimg_0831.jpg
1267	1	default_camera:same_core	95.77	img_0833.jpg	defaultimg_0833.jpg
1264	1	default_camera:same_core	82.02	img_0829.jpg	defaultimg_0829.jpg
1263	1	default_camera:same_core	78.88	img_0828.jpg	defaultimg_0828.jpg
1262	1	default_camera:same_core	7.91	img_0829.jpg	defaultimg_0829-3.jpg
1261	1	default_camera:same_core	89.04	img_0827.jpg	defaultimg_0827.jpg
1258	1	default_timestamp:same_core	23.98	2012-04-26 09.36.10.jpg	default2012-04-26_09.36.10.jpg
1257	1	default_camera:same_core	103.1	img_0826.jpg	defaultimg_0826.jpg
1256	1	default_camera:same_core	82.71	img_0825.jpg	defaultimg_0825.jpg
1253	1	default_other:same_core	20.5	2178.jpg	default2178.jpg
1251	1	default_camera:same_core	82.45	img_0820.jpg	defaultimg_0820.jpg
1250	1	default_camera:same_core	90.56	img_0816.jpg	defaultimg_0816.jpg
1249	1	default_camera:same_core	78.15	img_0817.jpg	defaultimg_0817.jpg
1247	1	default_timestamp:same_core	8.55	2013-02-07 23.44.32.jpg	default2013-02-07_23.44.32.jpg
1243	1	default_timestamp:same_core	10.65	2013-03-20 08.19.27.jpg	default2013-03-20_08.19.27.jpg
1242	1	default_camera:same_core	91.57	img_0813.jpg	defaultimg_0813.jpg
1239	1	default_timestamp:same_core	11.35	2013-02-21 12.43.26.jpg	default2013-02-21_12.43.26.jpg
1238	1	default_camera:same_core	62.28	img_0811.jpg	defaultimg_0811-3.jpg
1237	1	default_other:same_core	192.45	dpp_0189.jpg	defaultdpp_0189-2.jpg
1236	1	default_timestamp:same_core	11.19	2013-02-12 12.28.53.jpg	default2013-02-12_12.28.53.jpg
1232	1	default_timestamp:same_core	10.52	2013-02-21 12.22.23.jpg	default2013-02-21_12.22.23.jpg
1227	1	default_camera:same_core	100.73	img_4224.jpg	defaultimg_4224.jpg
1226	1	default_camera:same_core	64.35	img_0802.jpg	defaultimg_0802.jpg
1225	1	default_camera:same_core	82.53	img_0805.jpg	defaultimg_0805-2.jpg
1224	1	default_camera:same_core	69.72	img_0803.jpg	defaultimg_0803.jpg
1221	1	default_timestamp:same_core	10.44	2013-02-21 12.44.04.jpg	default2013-02-21_12.44.04.jpg
1220	1	default_camera:same_core	77.83	img_0795.jpg	defaultimg_0795.jpg
1219	1	default_other:same_core	262.11	dpp_0192.jpg	defaultdpp_0192-2.jpg
1216	1	default_camera:same_core	63.77	img_0800.jpg	defaultimg_0800.jpg
1215	1	default_camera:same_core	7.38	img_0794.jpg	defaultimg_0794-3.jpg
1212	1	default_camera:same_core	76.46	img_0790.jpg	defaultimg_0790.jpg
1211	1	default_camera:same_core	6.23	img_0793.jpg	defaultimg_0793-3.jpg
1210	1	default_camera:same_core	80.74	img_0789.jpg	defaultimg_0789.jpg
1209	1	default_other:same_core	11.48	1678.jpg	default1678.jpg
1208	1	default_camera:same_core	69.68	img_0789.jpg	defaultimg_0789-3.jpg
1207	1	default_camera:same_core	7.84	img_0791.jpg	defaultimg_0791-3.jpg
1206	2	default_other:same_core	310.74	dpp_0191.jpg	defaultdpp_0190-2.jpg
1205	1	default_camera:same_core	137.56	img_4216.jpg	defaultimg_4216-2.jpg
1204	1	default_camera:same_core	62.45	img_0788.jpg	defaultimg_0788.jpg
1203	1	default_timestamp:same_core	10.83	2013-02-21 12.59.17.jpg	default2013-02-21_12.59.17.jpg
1202	1	default_camera:same_core	65.83	img_0785.jpg	defaultimg_0785.jpg
1201	1	default_camera:same_core	75.26	img_0783.jpg	defaultimg_0783.jpg
1200	1	default_timestamp:same_core	12.16	2013-02-21 12.23.52.jpg	default2013-02-21_12.23.52.jpg
1199	1	default_camera:same_core	78.24	img_0784.jpg	defaultimg_0784.jpg
1195	1	default_camera:same_core	71.27	img_0781.jpg	defaultimg_0781.jpg
1194	1	default_camera:same_core	6.19	img_0781.jpg	defaultimg_0781-3.jpg
1191	1	default_camera:same_core	77.59	img_0780.jpg	defaultimg_0780.jpg
1190	1	default_camera:same_core	49.01	img_0778.jpg	defaultimg_0778-3.jpg
1189	1	default_camera:same_core	8.04	img_0780.jpg	defaultimg_0780-3.jpg
1188	1	default_camera:same_core	69.9	img_0777.jpg	defaultimg_0777.jpg
1187	1	default_camera:same_core	62.07	img_0775.jpg	defaultimg_0775.jpg
1184	1	default_camera:same_core	84.39	img_0774.jpg	defaultimg_0774-3.jpg
1183	1	default_camera:same_core	79.6	img_0775.jpg	defaultimg_0775-3.jpg
1182	1	default_camera:same_core	70.58	img_0776.jpg	defaultimg_0776.jpg
1181	1	default_camera:same_core	80.0	img_0774.jpg	defaultimg_0774.jpg
1180	1	default_camera:same_core	87.03	img_0773.jpg	defaultimg_0773.jpg
1179	1	default_camera:same_core	107.44	img_0772.jpg	defaultimg_0772.jpg
1176	1	default_camera:same_core	148.11	img_0771.jpg	defaultimg_0771.jpg
1175	1	default_other:same_core	11.75	2179.jpg	default2179.jpg
1174	1	default_camera:same_core	102.72	img_0770.jpg	defaultimg_0770.jpg
1171	1	default_camera:same_core	58.5	img_0766.jpg	defaultimg_0766.jpg
1170	1	default_camera:same_core	109.81	img_0769.jpg	defaultimg_0769-3.jpg
1169	1	default_camera:same_core	108.64	img_4222.jpg	defaultimg_4222-2.jpg
1168	1	default_camera:same_core	64.52	img_0767.jpg	defaultimg_0767.jpg
1167	1	default_other:same_core	15.5	2094.jpg	default2094.jpg
1166	1	default_camera:same_core	94.55	img_0761.jpg	defaultimg_0761.jpg
1165	1	default_camera:same_core	75.52	img_0768.jpg	defaultimg_0768.jpg
1164	1	default_camera:same_core	64.99	img_0769.jpg	defaultimg_0769.jpg
1163	1	default_camera:same_core	66.82	img_0763.jpg	defaultimg_0763.jpg
1162	1	default_camera:same_core	71.07	img_0762.jpg	defaultimg_0762.jpg
1160	1	default_camera:same_core	42.57	img_0764.jpg	defaultimg_0764-2.jpg
1159	1	default_camera:same_core	69.85	img_0759.jpg	defaultimg_0759.jpg
1157	1	default_camera:same_core	50.07	img_0759.jpg	defaultimg_0759-2.jpg
1156	1	default_camera:same_core	87.07	img_0756.jpg	defaultimg_0756.jpg
1155	1	default_camera:same_core	51.38	img_0756.jpg	defaultimg_0756-2.jpg
1154	1	default_camera:same_core	74.15	img_0757.jpg	defaultimg_0757.jpg
1152	1	default_camera:same_core	87.49	img_0755.jpg	defaultimg_0755.jpg
1151	1	default_camera:same_core	103.35	img_0752.jpg	defaultimg_0752.jpg
1149	1	default_camera:same_core	5.19	img_0751.jpg	defaultimg_0751.jpg
1148	1	default_camera:same_core	5.74	img_0747.jpg	defaultimg_0747-3.jpg
1147	1	default_camera:same_core	105.06	img_0745.jpg	defaultimg_0745.jpg
1146	1	default_camera:same_core	5.95	img_0746.jpg	defaultimg_0746-2.jpg
1145	1	default_camera:same_core	99.25	img_0744.jpg	defaultimg_0744.jpg
1144	1	default_camera:same_core	5.41	img_0745.jpg	defaultimg_0745-2.jpg
1143	1	default_camera:same_core	122.58	img_0742.jpg	defaultimg_0742.jpg
1142	1	default_camera:same_core	50.71	img_0743.jpg	defaultimg_0743-2.jpg
1141	1	default_camera:same_core	196.08	img_0738.jpg	defaultimg_0738.jpg
1140	1	default_camera:same_core	94.91	img_0743.jpg	defaultimg_0743.jpg
1138	1	default_camera:same_core	7.46	img_0742.jpg	defaultimg_0742-2.jpg
1136	1	default_other:same_core	190.1	dpp_0185.jpg	defaultdpp_0185-2.jpg
1135	1	default_camera:same_core	7.11	img_0744.jpg	defaultimg_0744-2.jpg
1134	1	default_camera:same_core	6.41	img_0740.jpg	defaultimg_0740-3.jpg
1133	1	default_camera:same_core	109.61	img_4223.jpg	defaultimg_4223-2.jpg
1129	1	default_camera:same_core	7.56	img_0736.jpg	defaultimg_0736-2.jpg
1127	1	default_camera:same_core	107.87	img_0734.jpg	defaultimg_0734.jpg
1126	1	default_camera:same_core	64.07	img_0731.jpg	defaultimg_0731-2.jpg
1124	1	default_camera:same_core	77.19	img_0731.jpg	defaultimg_0731.jpg
1123	1	default_camera:same_core	81.03	img_0732.jpg	defaultimg_0732.jpg
1121	1	default_camera:same_core	60.47	img_0727.jpg	defaultimg_0727-2.jpg
1120	1	default_camera:same_core	44.33	img_0728.jpg	defaultimg_0728.jpg
1119	1	default_camera:same_core	8.11	img_0730.jpg	defaultimg_0730.jpg
1117	1	default_camera:same_core	294.13	img_0727.jpg	defaultimg_0727.jpg
1116	1	default_camera:same_core	60.0	img_0730.jpg	defaultimg_0730-2.jpg
1114	1	default_timestamp:same_core	17.9	2013-02-12 13.01.40.jpg	default2013-02-12_13.01.40.jpg
1113	1	default_camera:same_core	132.67	img_0718.jpg	defaultimg_0718.jpg
1112	1	default_camera:same_core	222.2	img_0723.jpg	defaultimg_0723.jpg
1110	1	default_camera:same_core	173.25	img_0724.jpg	defaultimg_0724.jpg
1109	1	default_timestamp:same_core	43.72	2013-01-04 13.30.17.jpg	default2013-01-04_13.30.17.jpg
1108	1	default_camera:same_core	127.61	img_0725.jpg	defaultimg_0725.jpg
1107	1	default_camera:same_core	113.3	img_0721.jpg	defaultimg_0721.jpg
1106	1	default_camera:same_core	50.49	img_0719.jpg	defaultimg_0719-2.jpg
1105	1	default_other:same_core	24.65	2247.jpg	default2247.jpg
1104	1	default_camera:same_core	149.07	img_0722.jpg	defaultimg_0722.jpg
1103	2	default_camera:same_core	143.44	img_0720.jpg	defaultimg_0719.jpg
1101	1	default_camera:same_core	69.06	img_0718.jpg	defaultimg_0718-2.jpg
1100	3	default_camera:same_core	79.51	img_7253.jpg	defaultimg_7254.jpg
1099	1	default_camera:same_core	178.76	img_4213.jpg	defaultimg_4213-2.jpg
1098	1	default_camera:same_core	64.69	img_0718.jpg	defaultimg_0718-4.jpg
1097	1	default_camera:same_core	77.91	img_0717.jpg	defaultimg_0717.jpg
1096	1	default_timestamp:same_core	10.31	2013-02-21 12.44.16.jpg	default2013-02-21_12.44.16.jpg
1094	1	default_camera:same_core	126.73	img_0715.jpg	defaultimg_0715.jpg
1091	1	default_camera:same_core	128.57	img_0716.jpg	defaultimg_0716.jpg
1090	1	default_camera:same_core	83.45	img_0716.jpg	defaultimg_0716-2.jpg
1089	1	default_camera:same_core	130.13	img_0714.jpg	defaultimg_0714.jpg
1088	1	default_camera:same_core	145.21	img_0713.jpg	defaultimg_0713.jpg
1087	1	default_camera:same_core	75.2	img_0714.jpg	defaultimg_0714-2.jpg
1086	1	default_camera:same_core	172.55	img_0712.jpg	defaultimg_0712.jpg
1084	1	default_camera:same_core	82.47	img_0710.jpg	defaultimg_0710.jpg
1082	1	default_timestamp:same_core	11.23	2013-02-21 12.51.10.jpg	default2013-02-21_12.51.10.jpg
1081	2	default_camera:same_core	81.57	img_7250.jpg	defaultimg_7251.jpg
1080	1	default_camera:same_core	105.84	img_0709.jpg	defaultimg_0709.jpg
1078	1	default_camera:same_core	66.15	img_0709.jpg	defaultimg_0709-2.jpg
1077	1	default_timestamp:same_core	34.88	2012-12-15 14.17.17.jpg	default2012-12-15_14.17.17.jpg
1075	1	default_camera:same_core	5.19	img_0709.jpg	defaultimg_0709-4.jpg
1073	1	default_camera:same_core	58.7	img_0707.jpg	defaultimg_0707-2.jpg
1071	1	default_camera:same_core	84.05	img_0706.jpg	defaultimg_0706.jpg
1070	1	default_camera:same_core	68.62	img_0708.jpg	defaultimg_0708-2.jpg
1068	1	default_camera:same_core	65.92	img_0706.jpg	defaultimg_0706-2.jpg
1065	1	default_camera:same_core	88.47	img_0703.jpg	defaultimg_0703.jpg
1064	1	timestamp_rendition:same_id	40.31	img_20130828_180646.jpg	20130828-180646.jpg
1063	1	default_camera:same_core	63.4	img_0705.jpg	defaultimg_0705-2.jpg
1061	1	default_camera:same_core	7.13	img_0703.jpg	defaultimg_0703-3.jpg
1060	1	default_other:same_core	13.26	1775.jpg	default1775.jpg
1058	1	default_timestamp:same_core	24.77	2012-11-22 15.50.43.jpg	default2012-11-22_15.50.43.jpg
1057	1	default_other:same_core	45.41	6441099475959153166.jpeg	default6441099475959153166.jpeg
1053	1	default_camera:same_core	75.87	img_7249.jpg	defaultimg_7249.jpg
1052	1	default_timestamp:same_core	15.42	2013-02-19 20.39.27.jpg	default2013-02-19_20.39.27.jpg
1051	4	default_other:same_core	165.17	dpp_0183.jpg	defaultdpp_0182-2.jpg
1044	1	default_camera:other	22.45	20170710-22000022.jpg	defaultimg_4157-1.jpg
1043	1	default_camera:same_core	10.92	img_0692.jpg	defaultimg_0692-2.jpg
1042	1	default_camera:same_core	77.75	img_0691.jpg	defaultimg_0691.jpg
1041	1	default_camera:same_core	36.22	img_0686.jpg	defaultimg_0686-2.jpg
1039	1	default_timestamp:same_core	18.67	2013-03-16 20.50.06.jpg	default2013-03-16_20.50.06.jpg
1037	1	default_camera:same_core	75.21	img_7248.jpg	defaultimg_7248.jpg
1035	1	default_timestamp:same_core	10.87	2013-02-21 12.44.52.jpg	default2013-02-21_12.44.52.jpg
1033	1	default_camera:same_core	102.6	img_4205.jpg	defaultimg_4205-2.jpg
1032	1	default_camera:same_core	133.48	img_0688.jpg	defaultimg_0688.jpg
1031	1	default_camera:same_core	408.16	img_0686.jpg	defaultimg_0686.jpg
1028	1	default_timestamp:same_core	17.42	2012-04-16 17.22.18.jpg	default2012-04-16_17.22.18.jpg
1026	1	default_other:same_core	134.47	dpp_0178.jpg	defaultdpp_0178-2.jpg
1025	1	default_camera:same_core	355.89	img_0685.jpg	defaultimg_0685.jpg
1023	1	default_other:same_core	17.73	1267.jpg	default1267.jpg
1021	1	default_camera:same_core	63.67	img_0679.jpg	defaultimg_0679.jpg
1020	1	default_timestamp:same_core	14.25	2013-01-29 21.32.02.jpg	default2013-01-29_21.32.02.jpg
1018	1	default_camera:same_core	45.22	img_0677.jpg	defaultimg_0677-3.jpg
1017	1	default_camera:same_core	80.31	img_4201.jpg	defaultimg_4201-2.jpg
1016	1	default_timestamp:same_core	21.75	2012-08-14 10.17.16.jpg	default2012-08-14_10.17.16.jpg
1014	1	default_camera:same_core	89.58	img_0677.jpg	defaultimg_0677.jpg
1011	1	default_other:same_core	12.26	1701.jpg	default1701.jpg
1010	2	default_camera:same_core	83.82	img_7246.jpg	defaultimg_7247.jpg
1009	1	default_other:same_core	212.25	dpp_0177.jpg	defaultdpp_0177-2.jpg
1008	1	default_camera:same_core	210.03	img_0673.jpg	defaultimg_0673.jpg
1007	1	default_camera:same_core	86.58	img_0672.jpg	defaultimg_0672-3.jpg
1004	1	default_camera:same_core	106.84	img_0665.jpg	defaultimg_0665.jpg
1002	1	default_camera:same_core	118.57	img_0670.jpg	defaultimg_0670.jpg
1001	1	default_camera:same_core	97.33	img_0669.jpg	defaultimg_0669.jpg
999	1	default_camera:same_core	58.01	img_0669.jpg	defaultimg_0669-3.jpg
998	1	default_camera:same_core	80.97	img_4202.jpg	defaultimg_4202-2.jpg
997	1	default_camera:same_core	109.0	img_0670.jpg	defaultimg_0670-3.jpg
996	1	default_other:same_core	14.8	1465.jpg	default1465.jpg
995	1	default_camera:same_core	82.76	img_0668.jpg	defaultimg_0668-3.jpg
992	1	default_other:same_core	15.53	1839.jpg	default1839.jpg
990	2	default_camera:same_core	86.36	img_7244.jpg	defaultimg_7245.jpg
989	1	default_camera:same_core	55.39	img_0658.jpg	defaultimg_0658-2.jpg
987	1	default_camera:same_core	112.62	img_0661.jpg	defaultimg_0661.jpg
983	1	default_camera:same_core	89.2	img_0655.jpg	defaultimg_0655.jpg
982	1	default_other:same_core	15.38	1286.jpg	default1286.jpg
981	1	default_camera:same_core	90.57	img_0656.jpg	defaultimg_0656.jpg
980	1	default_camera:same_core	71.63	img_0654.jpg	defaultimg_0654-3.jpg
979	1	default_camera:same_core	80.57	img_4210.jpg	defaultimg_4210-2.jpg
976	2	default_camera:same_core	84.89	img_0653.jpg	defaultimg_0654.jpg
975	1	default_camera:same_core	82.95	img_7242.jpg	defaultimg_7242.jpg
973	1	default_timestamp:same_core	14.47	2012-11-02 12.09.15.jpg	default2012-11-02_12.09.15.jpg
972	1	default_camera:same_core	9.13	img_0653.jpg	defaultimg_0653-2.jpg
971	1	default_camera:same_core	8.48	img_0652.jpg	defaultimg_0652-2.jpg
969	1	default_camera:same_core	135.54	img_0647.jpg	defaultimg_0647.jpg
968	1	default_camera:same_core	161.07	img_0646.jpg	defaultimg_0646.jpg
967	1	default_timestamp:same_core	29.46	2013-02-04 22.05.49.jpg	default2013-02-04_22.05.49.jpg
964	1	default_timestamp:same_core	18.07	2013-02-06 21.57.36.jpg	default2013-02-06_21.57.36.jpg
963	2	default_other:same_core	177.71	dpp_0179.jpg	defaultdpp_0180-2.jpg
962	1	default_camera:same_core	92.41	img_4206.jpg	defaultimg_4206-2.jpg
960	1	default_camera:same_core	79.35	img_7243.jpg	defaultimg_7243.jpg
959	1	default_camera:same_core	69.68	img_0642.jpg	defaultimg_0642-3.jpg
958	1	default_camera:same_core	108.53	img_0640.jpg	defaultimg_0640.jpg
955	1	default_camera:same_core	69.37	img_0640.jpg	defaultimg_0640-2.jpg
954	1	default_camera:same_core	113.51	img_0639.jpg	defaultimg_0639.jpg
953	1	default_camera:same_core	88.47	img_0638.jpg	defaultimg_0638-3.jpg
952	1	default_camera:same_core	225.82	img_0634.jpg	defaultimg_0634.jpg
951	1	default_camera:same_core	135.1	img_0636.jpg	defaultimg_0636.jpg
950	1	default_timestamp:same_core	10.45	2013-03-23 16.03.33.jpg	default2013-03-23_16.03.33.jpg
949	1	default_camera:same_core	91.93	img_0639.jpg	defaultimg_0639-2.jpg
948	1	default_camera:same_core	118.97	img_0638.jpg	defaultimg_0638.jpg
947	1	default_camera:same_core	116.66	img_0637.jpg	defaultimg_0637.jpg
946	1	default_camera:same_core	251.15	img_0635.jpg	defaultimg_0635.jpg
943	1	default_camera:same_core	109.34	img_7240.jpg	defaultimg_7240.jpg
941	1	default_camera:same_core	83.72	img_4211.jpg	defaultimg_4211-2.jpg
940	1	default_camera:same_core	7.66	img_0635.jpg	defaultimg_0635-2.jpg
939	1	default_camera:same_core	10.01	img_0630.jpg	defaultimg_0630-2.jpg
938	1	default_camera:same_core	9.99	img_0629.jpg	defaultimg_0629.jpg
937	1	default_other:same_core	423.31	dpp_0175.jpg	defaultdpp_0175-2.jpg
935	1	default_timestamp:same_core	16.64	2013-02-10 20.42.06.jpg	default2013-02-10_20.42.06.jpg
933	1	default_camera:same_core	129.88	img_0628.jpg	defaultimg_0628.jpg
932	1	default_camera:same_core	5.55	img_0627.jpg	defaultimg_0627-4.jpg
931	1	default_camera:same_core	102.41	img_7241.jpg	defaultimg_7241.jpg
930	1	default_other:same_core	18.28	1367.jpg	default1367.jpg
929	1	default_camera:same_core	176.78	img_0627.jpg	defaultimg_0627.jpg
926	1	default_camera:same_core	107.43	img_0623.jpg	defaultimg_0623.jpg
925	1	default_camera:same_core	79.42	img_4197.jpg	defaultimg_4197-2.jpg
921	1	default_camera:same_core	115.51	img_0622.jpg	defaultimg_0622.jpg
918	1	default_camera:same_core	44.82	img_0620.jpg	defaultimg_0620-4.jpg
917	1	default_other:same_core	16.62	1713.jpg	default1713.jpg
916	1	default_camera:same_core	111.77	img_7239.jpg	defaultimg_7239.jpg
914	1	default_camera:same_core	155.45	img_0618.jpg	defaultimg_0618.jpg
913	1	default_camera:same_core	87.54	img_0615.jpg	defaultimg_0615.jpg
912	1	default_timestamp:same_core	14.94	2013-03-12 09.10.41.jpg	default2013-03-12_09.10.41.jpg
911	1	default_camera:same_core	6.37	img_0616.jpg	defaultimg_0616-2.jpg
906	1	default_camera:same_core	5.28	img_0615.jpg	defaultimg_0615-2.jpg
905	1	default_camera:same_core	72.9	img_4194.jpg	defaultimg_4194-2.jpg
902	1	default_camera:same_core	99.89	img_0616.jpg	defaultimg_0616.jpg
900	1	default_camera:same_core	135.92	img_0614.jpg	defaultimg_0614.jpg
898	1	default_camera:same_core	86.63	img_0613.jpg	defaultimg_0613.jpg
895	1	default_camera:same_core	86.53	img_0611.jpg	defaultimg_0611.jpg
892	1	default_camera:same_core	87.03	img_0610.jpg	defaultimg_0610.jpg
890	1	default_camera:same_core	84.17	img_0609.jpg	defaultimg_0609.jpg
889	1	default_camera:same_core	70.88	img_0606.jpg	defaultimg_0606-3.jpg
888	1	default_camera:same_core	101.56	img_0607.jpg	defaultimg_0607.jpg
886	1	default_camera:same_core	93.67	img_0608.jpg	defaultimg_0608-3.jpg
885	1	default_camera:same_core	74.6	img_0607.jpg	defaultimg_0607-4.jpg
884	1	default_other:same_core	37.89	2117.jpg	default2117.jpg
883	1	default_camera:same_core	65.57	img_0605.jpg	defaultimg_0605-4.jpg
881	1	default_camera:same_core	82.82	img_0605.jpg	defaultimg_0605.jpg
880	1	default_camera:same_core	10.14	img_0605.jpg	defaultimg_0605-2.jpg
879	1	default_camera:same_core	77.38	img_0603.jpg	defaultimg_0603-4.jpg
878	1	default_camera:same_core	47.86	img_0604.jpg	defaultimg_0604-4.jpg
877	1	default_other:same_core	16.36	2227.jpg	default2227.jpg
875	1	default_camera:same_core	75.18	img_0602.jpg	defaultimg_0602.jpg
871	1	default_camera:same_core	76.45	img_0603.jpg	defaultimg_0603.jpg
870	1	default_camera:same_core	11.16	img_0604.jpg	defaultimg_0604-2.jpg
869	1	default_timestamp:same_core	6.69	2013-07-03 12.12.57.jpg	default2013-07-03_12.12.57.jpg
866	1	default_camera:same_core	73.32	img_0601.jpg	defaultimg_0601-4.jpg
864	1	default_camera:same_core	77.7	img_0601.jpg	defaultimg_0601.jpg
863	1	default_camera:same_core	72.73	img_0600.jpg	defaultimg_0600-4.jpg
862	1	default_other:same_core	143.89	dpp_0631.jpg	defaultdpp_0631.jpg
860	1	default_camera:same_core	88.46	img_0598.jpg	defaultimg_0598-2.jpg
859	1	default_camera:same_core	104.34	img_7230.jpg	defaultimg_7230.jpg
858	1	default_camera:same_core	84.61	img_0598.jpg	defaultimg_0598.jpg
857	2	default_camera:same_core	81.0	img_0599.jpg	defaultimg_0600.jpg
853	1	default_other:same_core	14.99	1855.jpg	default1855.jpg
849	1	default_camera:same_core	121.18	img_4184.jpg	defaultimg_4184.jpg
847	2	default_camera:same_core	105.75	img_7233.jpg	defaultimg_7234.jpg
845	1	default_other:same_core	166.85	dpp_0630.jpg	defaultdpp_0630.jpg
839	1	default_camera:same_core	104.12	img_0590.jpg	defaultimg_0590.jpg
838	1	default_camera:same_core	5.42	img_0586.jpg	defaultimg_0586.jpg
837	1	default_camera:same_core	50.52	img_0585.jpg	defaultimg_0585-4.jpg
836	1	default_other:same_core	14.1	1468.jpg	default1468.jpg
835	1	default_camera:same_core	49.74	img_0584.jpg	defaultimg_0584-3.jpg
834	1	default_camera:same_core	87.11	img_4188.jpg	defaultimg_4188-2.jpg
833	1	default_camera:same_core	108.06	img_7237.jpg	defaultimg_7237.jpg
831	1	default_camera:same_core	82.55	img_0584.jpg	defaultimg_0584.jpg
830	1	default_camera:same_core	84.47	img_0581.jpg	defaultimg_0581-3.jpg
829	1	default_camera:same_core	45.32	img_0581.jpg	defaultimg_0581.jpg
827	1	default_camera:same_core	92.26	img_0580.jpg	defaultimg_0580.jpg
826	1	default_camera:same_core	109.36	img_7238.jpg	defaultimg_7238.jpg
825	1	default_camera:same_core	77.22	img_0582.jpg	defaultimg_0582-3.jpg
823	1	default_camera:same_core	94.29	img_4187.jpg	defaultimg_4187.jpg
821	1	default_camera:same_core	84.99	img_0583.jpg	defaultimg_0583-4.jpg
820	1	default_camera:same_core	40.19	img_0579.jpg	defaultimg_0579.jpg
819	1	default_camera:same_core	63.42	img_0578.jpg	defaultimg_0578-4.jpg
818	2	default_camera:same_core	110.36	img_7236.jpg	defaultimg_7235.jpg
817	1	default_camera:same_core	46.99	img_0580.jpg	defaultimg_0580-2.jpg
815	1	default_timestamp:same_core	11.5	2013-02-21 12.51.06.jpg	default2013-02-21_12.51.06.jpg
813	1	default_other:same_core	152.09	dpp_0622.jpg	defaultdpp_0622.jpg
812	1	default_camera:same_core	71.71	img_0580.jpg	defaultimg_0580-4.jpg
811	1	default_other:same_core	15.51	1981.jpg	default1981.jpg
810	1	default_camera:same_core	71.1	img_0577.jpg	defaultimg_0577-3.jpg
808	1	default_camera:same_core	28.41	img_0578.jpg	defaultimg_0578-2.jpg
806	1	default_camera:same_core	42.45	img_0575.jpg	defaultimg_0575-2.jpg
805	1	default_camera:same_core	92.43	img_0575.jpg	defaultimg_0575.jpg
804	1	default_camera:same_core	67.25	img_0576.jpg	defaultimg_0576-3.jpg
802	1	default_camera:same_core	45.8	img_0576.jpg	defaultimg_0576.jpg
800	1	default_camera:same_core	47.83	img_0573.jpg	defaultimg_0573-4.jpg
799	1	default_camera:same_core	118.64	img_4181.jpg	defaultimg_4181.jpg
798	1	default_camera:same_core	43.02	img_0574.jpg	defaultimg_0574.jpg
797	1	default_camera:same_core	103.88	img_7232.jpg	defaultimg_7232.jpg
795	1	default_camera:same_core	71.57	img_0572.jpg	defaultimg_0572.jpg
793	1	default_camera:same_core	40.62	img_0572.jpg	defaultimg_0572-2.jpg
792	1	default_other:same_core	13.87	1582.jpg	default1582.jpg
789	1	default_other:same_core	151.38	dpp_0626.jpg	defaultdpp_0626.jpg
788	1	default_camera:same_core	70.2	img_0571.jpg	defaultimg_0571.jpg
787	1	default_camera:same_core	45.47	img_0570.jpg	defaultimg_0570-3.jpg
786	1	default_camera:same_core	85.13	img_0570.jpg	defaultimg_0570.jpg
785	1	default_camera:same_core	100.34	img_0567.jpg	defaultimg_0567.jpg
783	1	default_camera:same_core	130.02	img_4176.jpg	defaultimg_4176.jpg
782	1	default_other:same_core	18.19	2125.jpg	default2125.jpg
781	1	default_camera:same_core	85.92	img_0568.jpg	defaultimg_0568.jpg
780	1	default_camera:same_core	102.84	img_7231.jpg	defaultimg_7231.jpg
779	1	default_other:same_core	14.11	1888.jpg	default1888.jpg
778	1	default_camera:same_core	10.54	img_0567.jpg	defaultimg_0567-2.jpg
777	1	default_timestamp:same_core	10.39	2013-03-12 09.04.43.jpg	default2013-03-12_09.04.43.jpg
775	1	default_other:same_core	185.55	dpp_0628.jpg	defaultdpp_0628.jpg
774	1	default_camera:same_core	66.8	img_0563.jpg	defaultimg_0563.jpg
773	1	default_camera:same_core	62.6	img_0564.jpg	defaultimg_0564-3.jpg
772	1	default_timestamp:same_core	21.82	2013-04-29 12.04.52.jpg	default2013-04-29_12.04.52.jpg
771	1	default_camera:same_core	96.06	img_4182.jpg	defaultimg_4182.jpg
770	1	default_camera:same_core	71.54	img_0564.jpg	defaultimg_0564.jpg
769	1	default_camera:same_core	67.66	img_0565.jpg	defaultimg_0565-3.jpg
768	1	default_camera:same_core	102.16	img_7229.jpg	defaultimg_7229.jpg
767	1	default_camera:same_core	82.31	img_0561.jpg	defaultimg_0561.jpg
766	1	default_camera:same_core	88.09	img_0562.jpg	defaultimg_0562-3.jpg
764	1	default_camera:same_core	80.57	img_0560.jpg	defaultimg_0560.jpg
763	1	default_other:same_core	13.93	1404.jpg	default1404.jpg
761	1	default_camera:same_core	68.01	img_0559.jpg	defaultimg_0559-3.jpg
760	2	default_camera:same_core	109.98	img_0559.jpg	defaultimg_0558.jpg
759	1	default_camera:same_core	85.27	img_0557.jpg	defaultimg_0557.jpg
758	1	default_other:same_core	16.92	1380.jpg	default1380.jpg
757	1	default_other:same_core	158.32	dpp_0623.jpg	defaultdpp_0623.jpg
754	1	default_other:same_core	13.8	1432.jpg	default1432.jpg
753	1	default_camera:same_core	115.91	img_4185.jpg	defaultimg_4185-2.jpg
752	1	default_camera:same_core	113.81	img_7228.jpg	defaultimg_7228.jpg
751	1	default_other:same_core	14.35	1831.jpg	default1831.jpg
750	1	default_camera:same_core	84.35	img_0554.jpg	defaultimg_0554.jpg
749	1	default_camera:same_core	77.87	img_0553.jpg	defaultimg_0553.jpg
748	1	default_camera:same_core	79.46	img_0552.jpg	defaultimg_0552.jpg
747	1	default_timestamp:same_core	10.89	2013-02-21 12.59.20.jpg	default2013-02-21_12.59.20.jpg
746	1	default_camera:same_core	53.4	img_0551.jpg	defaultimg_0551-2.jpg
742	1	default_camera:same_core	80.79	img_0549.jpg	defaultimg_0549.jpg
741	1	default_timestamp:same_core	11.65	2013-02-21 13.00.00.jpg	default2013-02-21_13.00.00.jpg
739	1	default_camera:same_core	74.62	img_0548.jpg	defaultimg_0548.jpg
738	1	default_other:same_core	149.77	dpp_0627.jpg	defaultdpp_0627.jpg
737	1	default_camera:same_core	77.49	img_0547.jpg	defaultimg_0547.jpg
735	1	default_camera:same_core	84.77	img_0546.jpg	defaultimg_0546.jpg
734	1	default_camera:same_core	8.11	img_0545.jpg	defaultimg_0545-2.jpg
733	1	default_camera:same_core	65.04	img_0544.jpg	defaultimg_0544-3.jpg
731	1	default_other:same_core	13.65	1675.jpg	default1675.jpg
728	2	default_camera:same_core	96.86	img_0543.jpg	defaultimg_0542.jpg
726	1	default_camera:same_core	101.49	img_0540.jpg	defaultimg_0540.jpg
725	1	default_camera:same_core	82.54	img_0541.jpg	defaultimg_0541.jpg
724	1	default_camera:same_core	87.68	img_0539.jpg	defaultimg_0539.jpg
723	1	default_camera:same_core	89.01	img_0536.jpg	defaultimg_0536.jpg
722	2	default_camera:same_core	88.07	img_0537.jpg	defaultimg_0538.jpg
720	1	default_camera:same_core	130.37	img_4183.jpg	defaultimg_4183.jpg
719	1	default_timestamp:same_core	26.36	2013-02-03 20.25.04.jpg	default2013-02-03_20.25.04.jpg
718	1	default_camera:same_core	82.37	img_0532.jpg	defaultimg_0532.jpg
717	1	default_camera:same_core	86.06	img_0532.jpg	defaultimg_0532-4.jpg
715	1	timestamp_rendition:same_id	24.45	img_20130914_101423.jpg	20130914-101423.jpg
712	1	default_camera:same_core	104.75	img_0530.jpg	defaultimg_0530.jpg
711	2	default_other:same_core	156.13	dpp_0624.jpg	defaultdpp_0625.jpg
710	1	default_camera:same_core	150.23	img_4173.jpg	defaultimg_4173.jpg
709	1	default_other:same_core	15.48	1172.jpg	default1172.jpg
708	1	default_camera:same_core	107.53	img_7224.jpg	defaultimg_7224.jpg
705	1	default_camera:same_core	93.86	img_0528.jpg	defaultimg_0528.jpg
703	1	default_camera:same_core	88.35	img_0527.jpg	defaultimg_0527-3.jpg
702	1	default_camera:same_core	72.63	img_0527.jpg	defaultimg_0527.jpg
700	1	default_camera:same_core	73.14	img_0526.jpg	defaultimg_0526.jpg
698	1	default_camera:same_core	85.99	img_0524.jpg	defaultimg_0524.jpg
697	1	default_other:same_core	22.96	1303.jpg	default1303.jpg
695	1	default_camera:same_core	155.54	img_0522.jpg	defaultimg_0522-3.jpg
694	1	default_camera:same_core	116.24	img_7225.jpg	defaultimg_7225.jpg
693	1	default_other:same_core	13.21	1600.jpg	default1600.jpg
692	1	default_camera:same_core	111.5	img_4171.jpg	defaultimg_4171.jpg
691	2	default_other:same_core	156.52	dpp_0621.jpg	defaultdpp_0620.jpg
690	1	default_camera:same_core	86.3	img_0522.jpg	defaultimg_0522.jpg
689	1	default_timestamp:same_core	19.54	2012-04-25 15.21.36.jpg	default2012-04-25_15.21.36.jpg
688	1	default_camera:same_core	88.66	img_0523.jpg	defaultimg_0523.jpg
687	1	default_camera:same_core	114.67	img_7221.jpg	defaultimg_7221.jpg
686	1	default_camera:same_core	76.6	img_0521.jpg	defaultimg_0521.jpg
683	1	default_camera:same_core	82.3	img_4169.jpg	defaultimg_4169.jpg
682	1	default_camera:same_core	82.6	img_0516.jpg	defaultimg_0516.jpg
681	2	default_camera:same_core	88.05	img_0517.jpg	defaultimg_0518.jpg
680	1	default_timestamp:same_core	45.67	2013-01-13 16.45.23.jpg	default2013-01-13_16.45.23.jpg
679	1	default_other:same_core	14.04	1852.jpg	default1852.jpg
678	1	default_timestamp:same_core	10.33	2013-02-11 14.03.38.jpg	default2013-02-11_14.03.38.jpg
676	1	default_camera:same_core	85.97	img_0515.jpg	defaultimg_0515.jpg
675	1	default_camera:same_core	94.44	img_0513.jpg	defaultimg_0513-2.jpg
674	1	default_other:same_core	152.3	dpp_0617.jpg	defaultdpp_0617.jpg
673	1	default_camera:same_core	85.19	img_0514.jpg	defaultimg_0514.jpg
670	1	default_camera:same_core	100.09	img_0512.jpg	defaultimg_0512.jpg
668	2	default_camera:same_core	117.25	img_7222.jpg	defaultimg_7222.jpg
667	1	default_camera:same_core	102.05	img_0510.jpg	defaultimg_0510.jpg
665	1	default_camera:same_core	104.19	img_0509.jpg	defaultimg_0509.jpg
664	1	default_other:same_core	15.02	1884.jpg	default1884.jpg
663	1	default_camera:same_core	103.63	img_0506.jpg	defaultimg_0506.jpg
662	1	default_camera:same_core	101.71	img_0507.jpg	defaultimg_0507.jpg
661	1	default_camera:same_core	111.08	img_7220.jpg	defaultimg_7220.jpg
660	1	default_camera:same_core	92.03	img_0501.jpg	defaultimg_0501.jpg
657	1	default_other:same_core	141.97	dpp_0619.jpg	defaultdpp_0619.jpg
655	1	default_camera:same_core	102.18	img_0504.jpg	defaultimg_0504.jpg
654	1	default_camera:same_core	101.56	img_0503.jpg	defaultimg_0503.jpg
651	1	default_camera:same_core	7.38	img_0500.jpg	defaultimg_0500-2.jpg
649	1	default_timestamp:same_core	15.64	2013-02-07 23.45.28.jpg	default2013-02-07_23.45.28.jpg
648	1	default_camera:same_core	83.31	img_0500.jpg	defaultimg_0500.jpg
646	1	default_camera:same_core	87.44	img_0497.jpg	defaultimg_0497.jpg
644	1	default_camera:same_core	107.66	img_0494.jpg	defaultimg_0494-4.jpg
643	1	default_camera:same_core	85.37	img_0494.jpg	defaultimg_0494.jpg
641	1	default_camera:same_core	30.16	img_0493.jpg	defaultimg_0493-3.jpg
640	1	default_other:same_core	15.64	1770.jpg	default1770.jpg
638	1	default_camera:same_core	102.21	img_0492.jpg	defaultimg_0492.jpg
637	1	default_camera:same_core	130.19	img_7219.jpg	defaultimg_7219.jpg
636	1	default_camera:same_core	105.08	img_0492.jpg	defaultimg_0492-3.jpg
635	1	default_camera:same_core	94.77	img_0490.jpg	defaultimg_0490.jpg
633	1	default_camera:same_core	105.63	img_0491.jpg	defaultimg_0491.jpg
628	1	default_camera:same_core	90.49	img_7218.jpg	defaultimg_7218.jpg
623	1	default_camera:same_core	105.12	img_0483.jpg	defaultimg_0483.jpg
619	1	default_camera:same_core	92.62	img_0482.jpg	defaultimg_0482.jpg
617	1	default_camera:same_core	78.4	img_0477.jpg	defaultimg_0477.jpg
616	1	default_timestamp:same_core	9.55	2013-02-21 12.45.43.jpg	default2013-02-21_12.45.43.jpg
614	1	default_camera:same_core	81.29	img_0479.jpg	defaultimg_0479.jpg
612	1	default_camera:same_core	70.38	img_0476.jpg	defaultimg_0476.jpg
611	1	default_camera:same_core	75.35	img_0474.jpg	defaultimg_0474.jpg
609	1	default_camera:same_core	58.77	img_0474.jpg	defaultimg_0474-2.jpg
608	2	default_camera:same_core	80.15	img_0473.jpg	defaultimg_0472.jpg
606	1	default_camera:same_core	79.64	img_0475.jpg	defaultimg_0475.jpg
605	1	default_timestamp:same_core	20.25	2012-12-14 13.08.11.jpg	default2012-12-14_13.08.11.jpg
601	1	default_other:same_core	10.8	1486.jpg	default1486.jpg
600	1	default_other:same_core	154.98	dpp_0618.jpg	defaultdpp_0618.jpg
599	1	default_camera:same_core	83.37	img_0470.jpg	defaultimg_0470.jpg
596	1	default_camera:same_core	85.63	img_0471.jpg	defaultimg_0471.jpg
591	1	default_camera:same_core	68.24	img_0465.jpg	defaultimg_0465-4.jpg
590	1	default_camera:same_core	94.65	img_0464.jpg	defaultimg_0464.jpg
589	1	default_other:same_core	19.21	1184.jpg	default1184.jpg
588	1	default_camera:same_core	80.96	img_0462.jpg	defaultimg_0462.jpg
587	1	default_camera:same_core	108.49	img_0460.jpg	defaultimg_0460.jpg
586	1	default_timestamp:same_core	17.0	2012-04-16 17.22.22.jpg	default2012-04-16_17.22.22.jpg
584	2	default_camera:same_core	125.75	img_7216.jpg	defaultimg_7217.jpg
582	1	default_camera:same_core	97.47	img_0463.jpg	defaultimg_0463.jpg
580	1	default_camera:same_core	148.44	img_0456.jpg	defaultimg_0456.jpg
577	2	default_camera:same_core	105.84	img_0459.jpg	defaultimg_0458.jpg
576	1	default_timestamp:same_core	18.85	2012-11-20 15.02.27.jpg	default2012-11-20_15.02.27.jpg
574	1	default_camera:same_core	132.27	img_0454.jpg	defaultimg_0454.jpg
573	1	default_camera:same_core	151.54	img_0455.jpg	defaultimg_0455.jpg
570	1	default_camera:same_core	171.38	img_0453.jpg	defaultimg_0453.jpg
566	1	default_camera:same_core	172.28	img_0452.jpg	defaultimg_0452.jpg
565	1	default_other:same_core	13.47	2098.jpg	default2098.jpg
563	1	default_camera:same_core	87.74	img_7214.jpg	defaultimg_7214.jpg
562	2	default_camera:same_core	150.54	img_0451.jpg	defaultimg_0450.jpg
561	1	default_other:same_core	150.06	dpp_0611.jpg	defaultdpp_0611.jpg
558	1	default_camera:same_core	110.2	img_0442.jpg	defaultimg_0442.jpg
557	1	default_camera:same_core	140.04	img_0444.jpg	defaultimg_0444.jpg
555	1	default_camera:same_core	135.29	img_0443.jpg	defaultimg_0443.jpg
554	1	default_camera:same_core	84.44	img_7213.jpg	defaultimg_7213.jpg
552	1	default_camera:same_core	90.06	img_0439.jpg	defaultimg_0439.jpg
551	1	default_camera:same_core	103.07	img_0439.jpg	defaultimg_0439-3.jpg
550	1	default_camera:same_core	107.34	img_0441.jpg	defaultimg_0441.jpg
549	1	default_other:same_core	17.21	1203.jpg	default1203.jpg
548	1	default_camera:same_core	93.64	img_0440.jpg	defaultimg_0440.jpg
545	1	default_camera:same_core	101.53	img_0435.jpg	defaultimg_0435.jpg
544	1	default_camera:same_core	106.64	img_0436.jpg	defaultimg_0436.jpg
543	1	default_other:same_core	326.97	dpp_0615.jpg	defaultdpp_0615.jpg
541	1	default_camera:same_core	109.94	img_0437.jpg	defaultimg_0437-3.jpg
539	1	default_camera:same_core	103.73	img_0434.jpg	defaultimg_0434.jpg
538	1	default_camera:same_core	95.73	img_0433.jpg	defaultimg_0433.jpg
535	1	default_other:same_core	14.27	2237.jpg	default2237.jpg
534	1	default_camera:same_core	85.06	img_7212.jpg	defaultimg_7212.jpg
532	1	default_timestamp:same_core	12.18	2013-02-21 12.59.57.jpg	default2013-02-21_12.59.57.jpg
531	1	default_camera:same_core	101.73	img_4157.jpg	defaultimg_4157.jpg
529	1	default_timestamp:same_core	11.82	2013-02-21 12.44.36.jpg	default2013-02-21_12.44.36.jpg
525	1	default_camera:same_core	36.78	img_0419.jpg	defaultimg_0419-3.jpg
523	1	default_timestamp:same_core	7.35	2013-07-01 12.23.18.jpg	default2013-07-01_12.23.18.jpg
521	1	default_camera:same_core	39.82	img_0422.jpg	defaultimg_0422-3.jpg
520	1	default_camera:same_core	70.68	img_0421.jpg	defaultimg_0421-3.jpg
518	1	default_camera:same_core	72.94	img_0420.jpg	defaultimg_0420-2.jpg
517	1	default_timestamp:same_core	21.12	2012-03-13 22.13.48.jpg	default2012-03-13_22.13.48.jpg
516	1	default_camera:same_core	87.11	img_7211.jpg	defaultimg_7211.jpg
515	1	default_camera:same_core	83.64	img_0416.jpg	defaultimg_0416.jpg
514	1	default_camera:same_core	96.78	img_0417.jpg	defaultimg_0417.jpg
513	1	default_camera:same_core	101.88	img_0418.jpg	defaultimg_0418.jpg
512	1	default_camera:same_core	7.1	img_0418.jpg	defaultimg_0418-2.jpg
511	1	default_timestamp:same_core	7.0	2013-07-01 07.24.39.jpg	default2013-07-01_07.24.39.jpg
510	1	default_timestamp:same_core	22.52	2012-08-14 18.41.30.jpg	default2012-08-14_18.41.30.jpg
508	1	default_camera:same_core	96.2	img_0414.jpg	defaultimg_0414.jpg
507	1	default_timestamp:same_core	6.87	2013-07-01 07.24.42.jpg	default2013-07-01_07.24.42.jpg
505	1	default_camera:same_core	140.15	img_0410.jpg	defaultimg_0410.jpg
504	1	default_timestamp:same_core	19.57	2012-09-23 10.21.13.jpg	default2012-09-23_10.21.13.jpg
502	1	default_other:same_core	16.62	2119.jpg	default2119.jpg
500	2	default_camera:same_core	107.72	img_0412.jpg	defaultimg_0411.jpg
499	1	default_timestamp:same_core	20.63	2013-02-07 13.13.52.jpg	default2013-02-07_13.13.52.jpg
498	1	default_camera:same_core	5.92	img_0409.jpg	defaultimg_0409-3.jpg
497	1	default_camera:same_core	97.09	img_0408.jpg	defaultimg_0408.jpg
494	1	default_camera:same_core	92.29	img_0406.jpg	defaultimg_0406.jpg
493	1	default_camera:same_core	88.44	img_0404.jpg	defaultimg_0404.jpg
492	1	default_camera:same_core	99.14	img_4153.jpg	defaultimg_4153-2.jpg
491	1	default_camera:same_core	278.33	img_0407.jpg	defaultimg_0407.jpg
489	1	default_camera:same_core	90.65	img_0403.jpg	defaultimg_0403.jpg
488	1	default_other:same_core	195.25	dpp_0605.jpg	defaultdpp_0605.jpg
487	1	default_camera:same_core	48.96	img_0401.jpg	defaultimg_0401-2.jpg
485	1	default_camera:same_core	90.62	img_0400.jpg	defaultimg_0400.jpg
484	1	default_camera:same_core	8.85	img_0399.jpg	defaultimg_0399-3.jpg
483	1	default_camera:same_core	89.17	img_7210.jpg	defaultimg_7210.jpg
482	1	default_camera:same_core	96.25	img_0402.jpg	defaultimg_0402.jpg
481	1	default_camera:same_core	92.9	img_0399.jpg	defaultimg_0399.jpg
479	1	default_camera:same_core	7.31	img_0395.jpg	defaultimg_0395-4.jpg
477	1	default_other:same_core	13.06	1513.jpg	default1513.jpg
476	1	default_camera:same_core	88.5	img_0396.jpg	defaultimg_0396.jpg
475	1	default_camera:same_core	87.64	img_0394.jpg	defaultimg_0394.jpg
473	1	default_camera:same_core	48.27	img_0400.jpg	defaultimg_0400-3.jpg
472	1	default_other:same_core	13.21	1157.jpg	default1157.jpg
471	1	default_camera:same_core	55.98	img_0391.jpg	defaultimg_0391-3.jpg
470	1	default_camera:same_core	124.43	img_0388.jpg	defaultimg_0388.jpg
469	1	default_other:same_core	10.48	1868.jpg	default1868.jpg
468	1	default_other:same_core	19.67	1368.jpg	default1368.jpg
467	1	default_camera:same_core	154.9	img_0387.jpg	defaultimg_0387.jpg
466	1	default_camera:same_core	83.06	img_0386.jpg	defaultimg_0386.jpg
465	1	default_camera:same_core	5.51	img_0384.jpg	defaultimg_0384-2.jpg
464	3	default_camera:same_core	91.24	img_7207.jpg	defaultimg_7208.jpg
463	1	default_timestamp:same_core	20.45	2013-02-12 12.31.52.jpg	default2013-02-12_12.31.52.jpg
462	1	default_camera:same_core	80.55	img_0382.jpg	defaultimg_0382.jpg
460	1	default_camera:same_core	84.07	img_4152.jpg	defaultimg_4152-2.jpg
459	1	default_camera:same_core	84.61	img_0377.jpg	defaultimg_0377.jpg
458	1	default_camera:same_core	8.99	img_0383.jpg	defaultimg_0383-2.jpg
457	1	default_camera:same_core	91.44	img_0383.jpg	defaultimg_0383.jpg
456	4	default_camera:same_core	107.18	img_0385.jpg	defaultimg_0380.jpg
455	1	default_camera:same_core	91.46	img_0379.jpg	defaultimg_0379.jpg
454	1	default_camera:same_core	80.52	img_0375.jpg	defaultimg_0375.jpg
453	1	default_camera:same_core	96.56	img_0376.jpg	defaultimg_0376.jpg
452	1	default_other:same_core	13.25	1815.jpg	default1815.jpg
451	1	default_camera:same_core	93.43	img_0373.jpg	defaultimg_0373.jpg
450	1	default_camera:same_core	99.0	img_0374.jpg	defaultimg_0374.jpg
447	1	default_other:same_core	23.31	1957.jpg	default1957.jpg
446	1	default_camera:same_core	90.08	img_0372.jpg	defaultimg_0372.jpg
445	1	default_camera:same_core	100.97	img_0370.jpg	defaultimg_0370.jpg
444	1	default_other:same_core	127.8	dpp_0608.jpg	defaultdpp_0608.jpg
443	1	default_camera:same_core	52.99	img_0362.jpg	defaultimg_0362-2.jpg
442	1	default_camera:same_core	6.11	img_0369.jpg	defaultimg_0369-2.jpg
441	1	default_camera:same_core	87.88	img_4150.jpg	defaultimg_4150-2.jpg
440	1	default_timestamp:same_core	47.16	2013-01-13 10.08.02.jpg	default2013-01-13_10.08.02.jpg
439	1	default_camera:same_core	101.56	img_0369.jpg	defaultimg_0369.jpg
438	1	default_camera:same_core	61.6	img_0363.jpg	defaultimg_0363-2.jpg
437	1	default_camera:same_core	78.35	img_0361.jpg	defaultimg_0361.jpg
435	1	default_other:same_core	12.98	1355.jpg	default1355.jpg
434	1	default_camera:same_core	92.66	img_0364.jpg	defaultimg_0364.jpg
433	1	default_camera:same_core	129.27	img_0358.jpg	defaultimg_0358.jpg
432	1	default_camera:same_core	56.78	img_0365.jpg	defaultimg_0365-2.jpg
431	1	default_camera:same_core	90.63	img_0359.jpg	defaultimg_0359.jpg
430	1	default_timestamp:same_core	51.07	2013-01-13 10.08.36.jpg	default2013-01-13_10.08.36.jpg
429	1	default_camera:same_core	57.13	img_0358.jpg	defaultimg_0358-4.jpg
428	1	default_camera:same_core	87.31	img_0357.jpg	defaultimg_0357.jpg
427	1	default_camera:same_core	53.79	img_0357.jpg	defaultimg_0357-4.jpg
426	1	default_camera:same_core	80.01	img_0352.jpg	defaultimg_0352.jpg
425	2	default_camera:same_core	89.57	img_7206.jpg	defaultimg_7206.jpg
424	1	default_timestamp:same_core	14.19	2013-02-12 10.40.44.jpg	default2013-02-12_10.40.44.jpg
423	1	default_camera:same_core	6.13	img_0354.jpg	defaultimg_0354-2.jpg
421	1	default_other:same_core	185.22	dpp_0604.jpg	defaultdpp_0604.jpg
420	1	default_camera:same_core	95.47	img_0354.jpg	defaultimg_0354.jpg
416	1	default_timestamp:same_core	19.21	2013-02-12 12.07.46.jpg	default2013-02-12_12.07.46.jpg
415	1	default_timestamp:same_core	16.49	2013-03-23 16.03.27.jpg	default2013-03-23_16.03.27.jpg
414	1	default_camera:same_core	93.36	img_7203.jpg	defaultimg_7203.jpg
413	1	default_other:same_core	22.14	1337.jpg	default1337.jpg
412	1	default_other:same_core	181.58	dpp_0603.jpg	defaultdpp_0603.jpg
411	1	default_camera:same_core	93.46	img_4147.jpg	defaultimg_4147.jpg
409	1	default_camera:same_core	78.64	img_0342.jpg	defaultimg_0342-2.jpg
407	1	default_camera:same_core	84.2	img_0337.jpg	defaultimg_0337.jpg
406	1	default_camera:same_core	73.46	img_0341.jpg	defaultimg_0341.jpg
401	1	default_camera:same_core	88.51	img_7204.jpg	defaultimg_7204.jpg
400	1	default_camera:same_core	89.63	img_0335.jpg	defaultimg_0335.jpg
398	1	default_other:same_core	12.63	1822.jpg	default1822.jpg
395	1	default_other:same_core	182.72	dpp_0601.jpg	defaultdpp_0601.jpg
394	1	default_camera:same_core	72.28	img_0334.jpg	defaultimg_0334.jpg
393	1	default_other:same_core	31.47	1593.jpg	default1593.jpg
391	1	default_camera:same_core	70.91	img_0329.jpg	defaultimg_0329-3.jpg
390	1	default_camera:same_core	66.16	img_0333.jpg	defaultimg_0333.jpg
386	1	default_camera:same_core	75.74	img_0332.jpg	defaultimg_0332.jpg
385	1	default_camera:same_core	506.24	img_0331.jpg	defaultimg_0331-3.jpg
384	1	default_camera:same_core	80.23	img_7202.jpg	defaultimg_7202.jpg
383	1	default_other:same_core	25.07	1766.jpg	default1766.jpg
382	1	default_camera:same_core	67.79	img_0329.jpg	defaultimg_0329.jpg
381	1	default_camera:same_core	84.18	img_4146.jpg	defaultimg_4146-2.jpg
380	1	default_other:same_core	17.96	1726.jpg	default1726.jpg
378	1	default_camera:same_core	120.86	img_0330.jpg	defaultimg_0330-3.jpg
377	1	default_camera:same_core	66.3	img_0327.jpg	defaultimg_0327.jpg
376	1	default_camera:same_core	67.3	img_0328.jpg	defaultimg_0328.jpg
373	1	default_camera:same_core	133.34	img_0323.jpg	defaultimg_0323.jpg
372	1	default_timestamp:same_core	13.28	2013-02-11 14.03.08.jpg	default2013-02-11_14.03.08.jpg
369	1	default_timestamp:same_core	24.69	2012-08-15 12.41.00.jpg	default2012-08-15_12.41.00.jpg
368	1	default_camera:same_core	83.08	img_4144.jpg	defaultimg_4144-2.jpg
367	1	default_timestamp:same_core	11.18	2013-02-21 12.51.13.jpg	default2013-02-21_12.51.13.jpg
366	1	default_camera:same_core	44.57	img_0320.jpg	defaultimg_0320-2.jpg
365	1	default_camera:same_core	40.62	img_0321.jpg	defaultimg_0321-2.jpg
361	1	default_timestamp:same_core	30.58	2013-02-03 20.25.11.jpg	default2013-02-03_20.25.11.jpg
360	1	default_camera:same_core	10.06	img_0317.jpg	defaultimg_0317-3.jpg
358	1	default_camera:same_core	103.62	img_7195.jpg	defaultimg_7195.jpg
356	1	default_other:same_core	201.95	dpp_0602.jpg	defaultdpp_0602.jpg
354	1	default_camera:same_core	99.28	img_0310.jpg	defaultimg_0310.jpg
349	1	default_camera:same_core	84.39	img_0303.jpg	defaultimg_0303.jpg
346	1	default_other:same_core	168.25	dpp_0600.jpg	defaultdpp_0600.jpg
336	3	default_camera:same_core	100.83	img_7200.jpg	defaultimg_7199.jpg
334	1	default_camera:same_core	64.85	img_0289.jpg	defaultimg_0289-3.jpg
332	1	default_timestamp:same_core	12.84	2013-02-23 14.51.18.jpg	default2013-02-23_14.51.18.jpg
326	1	default_camera:same_core	181.91	img_0288.jpg	defaultimg_0288.jpg
323	1	default_camera:same_core	187.38	img_0287.jpg	defaultimg_0287.jpg
322	1	default_timestamp:same_core	24.73	2012-10-28 08.30.29.jpg	default2012-10-28_08.30.29.jpg
318	1	default_camera:same_core	94.85	img_7197.jpg	defaultimg_7197.jpg
316	1	default_other:same_core	196.6	dpp_0598.jpg	defaultdpp_0598.jpg
315	1	default_camera:same_core	6.17	img_0282.jpg	defaultimg_0282-2.jpg
314	1	default_camera:same_core	99.17	img_0273.jpg	defaultimg_0273.jpg
313	1	default_camera:same_core	88.19	img_7194.jpg	defaultimg_7194.jpg
312	1	default_camera:same_core	147.62	img_0270.jpg	defaultimg_0270.jpg
311	1	default_camera:same_core	49.71	img_0265.jpg	defaultimg_0265-2.jpg
309	1	default_camera:same_core	101.3	img_0266.jpg	defaultimg_0266.jpg
308	1	default_camera:same_core	117.27	img_0268.jpg	defaultimg_0268.jpg
306	1	default_camera:same_core	91.32	img_0267.jpg	defaultimg_0267.jpg
305	1	default_camera:same_core	118.85	img_0269.jpg	defaultimg_0269.jpg
299	1	default_camera:same_core	80.56	img_0265.jpg	defaultimg_0265.jpg
297	1	default_camera:same_core	90.42	img_0263.jpg	defaultimg_0263.jpg
295	1	default_other:same_core	11.95	1344.jpg	default1344.jpg
293	1	default_other:same_core	17.75	1735.jpg	default1735.jpg
292	1	default_camera:same_core	85.27	img_0258.jpg	defaultimg_0258.jpg
288	1	default_timestamp:same_core	28.91	2002-12-08 12.00.00.jpg	default2002-12-08_12.00.00.jpg
287	1	default_other:same_core	19.54	2002-12-08 12.00.00-1.jpg	default2002-12-08_12.00.00-1.jpg
285	1	default_other:same_core	14.02	1263.jpg	default1263.jpg
283	1	default_camera:same_core	90.08	img_7192.jpg	defaultimg_7192.jpg
282	1	default_camera:same_core	122.45	img_0259.jpg	defaultimg_0259.jpg
281	1	default_camera:same_core	200.23	img_0260.jpg	defaultimg_0260.jpg
280	1	default_timestamp:same_core	30.1	2012-12-15 14.14.08.jpg	default2012-12-15_14.14.08.jpg
278	1	default_camera:same_core	183.87	img_0256.jpg	defaultimg_0256.jpg
276	1	default_camera:same_core	227.8	img_0255.jpg	defaultimg_0255.jpg
273	1	default_other:same_core	5.72	1543.jpg	default1543.jpg
272	1	default_shotwell:same_core	104.49	img_0253_dng_shotwell.jpg	defaultimg_0253_dng_shotwell.jpg
270	1	default_shotwell:same_core	97.61	img_0251_dng_shotwell.jpg	defaultimg_0251_dng_shotwell.jpg
269	1	default_camera:same_core	90.55	img_7190.jpg	defaultimg_7190.jpg
268	1	default_camera:same_core	192.7	img_0250.jpg	defaultimg_0250.jpg
263	1	default_camera:same_core	171.92	img_0249.jpg	defaultimg_0249.jpg
261	1	default_other:same_core	5.51	1544.jpg	default1544.jpg
258	1	default_camera:same_core	110.53	img_0246.jpg	defaultimg_0246.jpg
257	1	default_other:same_core	5.79	1722.jpg	default1722.jpg
256	1	default_camera:same_core	126.21	img_0244.jpg	defaultimg_0244.jpg
254	1	default_camera:same_core	91.07	img_0247.jpg	defaultimg_0247.jpg
252	1	default_camera:same_core	99.51	img_0245.jpg	defaultimg_0245.jpg
247	1	default_camera:same_core	87.85	img_7193.jpg	defaultimg_7193.jpg
246	1	default_camera:same_core	98.54	img_0242.jpg	defaultimg_0242.jpg
245	1	default_camera:same_core	100.07	img_0239.jpg	defaultimg_0239.jpg
242	1	default_other:same_core	5.06	1666.jpg	default1666.jpg
241	1	default_other:same_core	168.39	dpp_0599.jpg	defaultdpp_0599.jpg
240	1	default_camera:same_core	5.07	img_0242.jpg	defaultimg_0242-2.jpg
238	1	default_other:same_core	5.51	1217.jpg	default1217.jpg
235	1	default_camera:same_core	73.22	img_0241.jpg	defaultimg_0241-2.jpg
233	1	default_camera:same_core	90.71	img_7191.jpg	defaultimg_7191.jpg
228	1	default_other:same_core	5.52	2243.jpg	default2243.jpg
225	1	default_camera:same_core	51.51	img_0240.jpg	defaultimg_0240.jpg
224	1	default_camera:same_core	102.06	img_0237.jpg	defaultimg_0237.jpg
221	1	default_camera:same_core	46.54	img_0239.jpg	defaultimg_0239-2.jpg
219	2	default_camera:same_core	101.3	img_0236.jpg	defaultimg_0236.jpg
218	1	default_camera:same_core	9.4	img_0237.jpg	defaultimg_0237-3.jpg
214	1	default_camera:same_core	78.14	img_0234.jpg	defaultimg_0234.jpg
213	1	default_camera:same_core	153.23	img_0232.jpg	defaultimg_0232.jpg
210	1	default_camera:same_core	90.83	img_7189.jpg	defaultimg_7189.jpg
209	1	default_camera:same_core	22.85	img_0236.jpg	defaultimg_0236-3.jpg
207	1	default_camera:same_core	63.31	img_0235.jpg	defaultimg_0235-3.jpg
206	1	default_camera:same_core	58.4	img_0234.jpg	defaultimg_0234-2.jpg
202	1	default_camera:same_core	93.56	img_0231.jpg	defaultimg_0231.jpg
201	1	default_camera:same_core	97.02	img_0230.jpg	defaultimg_0230.jpg
196	1	default_camera:same_core	66.06	img_0233.jpg	defaultimg_0233-2.jpg
193	1	default_camera:same_core	82.46	img_7188.jpg	defaultimg_7188.jpg
189	1	default_camera:same_core	82.57	img_0230.jpg	defaultimg_0230-3.jpg
188	1	default_camera:same_core	98.88	img_0229.jpg	defaultimg_0229.jpg
175	1	default_camera:same_core	65.43	img_0225.jpg	defaultimg_0225.jpg
174	1	default_camera:same_core	92.02	img_7187.jpg	defaultimg_7187.jpg
170	1	default_camera:same_core	106.01	img_0222.jpg	defaultimg_0222.jpg
164	1	default_camera:same_core	37.61	img_0217.jpg	defaultimg_0217.jpg
162	1	default_camera:same_core	110.48	img_0218.jpg	defaultimg_0218.jpg
161	3	timestamp_rendition	436.42	img_5883.jpg	20240928-152655-2.jpg
160	1	default_other:same_core	7.28	1525.jpg	default1525.jpg
157	1	default_camera:same_core	94.69	img_7186.jpg	defaultimg_7186.jpg
156	1	default_camera:same_core	75.07	img_0214.jpg	defaultimg_0214.jpg
155	1	default_camera:same_core	93.37	img_0215.jpg	defaultimg_0215.jpg
150	1	default_camera:same_core	52.84	img_0215.jpg	defaultimg_0215-3.jpg
149	1	default_camera:same_core	52.75	img_0211.jpg	defaultimg_0210-2.jpg
146	1	default_camera:same_core	97.0	img_0212.jpg	defaultimg_0212.jpg
145	1	default_camera:same_core	52.11	img_0213.jpg	defaultimg_0213-2.jpg
144	1	default_camera:same_core	87.6	img_0213.jpg	defaultimg_0213.jpg
143	1	default_camera:same_core	95.44	img_7185.jpg	defaultimg_7185.jpg
140	1	default_camera:same_core	90.09	img_0211.jpg	defaultimg_0211.jpg
139	1	default_camera:same_core	41.1	img_0212.jpg	defaultimg_0212-2.jpg
136	1	default_camera:same_core	105.65	img_0210.jpg	defaultimg_0210.jpg
128	1	default_camera:same_core	32.66	img_0209.jpg	defaultimg_0209-2.jpg
127	1	default_camera:same_core	24.68	img_0208.jpg	defaultimg_0208-2.jpg
126	1	default_camera:same_core	33.1	img_0207.jpg	defaultimg_0207.jpg
124	2	default_camera:same_core	32.19	img_0205.jpg	defaultimg_0206.jpg
122	1	default_camera:same_core	43.57	img_0206.jpg	defaultimg_0206-2.jpg
121	1	default_camera:same_core	40.07	img_0204.jpg	defaultimg_0204-2.jpg
118	1	default_camera:same_core	67.4	img_0200.jpg	defaultimg_0200-2.jpg
117	1	default_camera:same_core	105.13	img_0198.jpg	defaultimg_0198.jpg
116	1	default_camera:same_core	38.9	img_0203.jpg	defaultimg_0203-2.jpg
113	1	default_camera:same_core	40.3	img_0201.jpg	defaultimg_0201.jpg
112	1	default_camera:same_core	67.13	img_0202.jpg	defaultimg_0202-2.jpg
110	1	default_camera:same_core	71.17	img_0198.jpg	defaultimg_0198-2.jpg
109	1	default_camera:same_core	30.99	img_0197.jpg	defaultimg_0197.jpg
107	1	default_camera:same_core	34.51	img_0195.jpg	defaultimg_0195-2.jpg
106	1	default_camera:same_core	95.02	img_0195.jpg	defaultimg_0195.jpg
105	1	default_other:same_core	9.53	2107.jpg	default2107.jpg
104	1	default_camera:same_core	26.48	img_0193.jpg	defaultimg_0193.jpg
103	1	default_camera:same_core	31.91	img_0196.jpg	defaultimg_0196-2.jpg
102	1	default_camera:same_core	93.17	img_0196.jpg	defaultimg_0196.jpg
98	1	default_camera:same_core	56.63	img_0196.jpg	defaultimg_0196-3.jpg
95	1	default_other:same_core	9.44	1302.jpg	default1302.jpg
94	2	default_camera:same_core	91.14	img_7183.jpg	defaultimg_7184.jpg
93	1	default_other:same_core	9.63	1824.jpg	default1824.jpg
92	1	default_camera:same_core	114.87	img_0190.jpg	defaultimg_0190.jpg
91	1	default_camera:same_core	85.13	img_0192.jpg	defaultimg_0192.jpg
90	1	default_camera:same_core	22.2	img_0192.jpg	defaultimg_0192-2.jpg
86	1	default_camera:same_core	35.65	img_0189.jpg	defaultimg_0189.jpg
85	1	default_camera:same_core	33.78	img_0190.jpg	defaultimg_0190-2.jpg
84	1	default_other:same_core	9.66	1147.jpg	default1147.jpg
83	1	default_camera:same_core	153.75	img_0188.jpg	defaultimg_0188.jpg
82	1	default_camera:same_core	46.25	img_0186.jpg	defaultimg_0186-2.jpg
81	1	default_camera:same_core	32.17	img_0188.jpg	defaultimg_0188-2.jpg
78	1	default_other:same_core	10.18	1814.jpg	default1814.jpg
77	1	default_camera:same_core	36.46	img_0186.jpg	defaultimg_0186.jpg
76	1	default_camera:same_core	10.93	img_e0406.jpg	defaultimg_e0406.jpg
73	1	default_camera:same_core	73.28	img_0184.jpg	defaultimg_0184.jpg
72	1	default_camera:same_core	86.07	img_7182.jpg	defaultimg_7182.jpg
71	1	default_camera:same_core	67.83	img_0180.jpg	defaultimg_0180-3.jpg
68	2	default_camera:same_core	42.46	img_0184.jpg	defaultimg_0185.jpg
67	1	default_camera:same_core	37.8	img_0182.jpg	defaultimg_0182.jpg
66	1	default_timestamp:same_core	29.31	1980-01-06 09.06.19.jpg	default1980-01-06_09.06.19.jpg
64	1	default_other:same_core	249.14	dpp_0586.jpg	defaultdpp_0586.jpg
63	1	default_camera:same_core	67.78	img_0183.jpg	defaultimg_0183.jpg
61	1	default_camera:same_core	7.13	img_1318.jpg	defaultimg_1318-2.jpg
60	1	default_camera:same_core	45.4	img_0177.jpg	defaultimg_0177-3.jpg
59	1	default_camera:same_core	41.59	img_0179.jpg	defaultimg_0179-4.jpg
58	1	default_timestamp:same_core	30.67	1980-01-06 09.06.36.jpg	default1980-01-06_09.06.36.jpg
57	1	default_timestamp:same_core	38.75	1980-01-06 09.06.29.jpg	default1980-01-06_09.06.29.jpg
56	1	default_camera:same_core	84.89	img_0179.jpg	defaultimg_0179.jpg
54	1	default_camera:same_core	81.64	img_0178.jpg	defaultimg_0178.jpg
53	1	default_camera:same_core	161.04	img_1184.jpg	defaultimg_1184-2.jpg
52	1	default_camera:same_core	90.37	img_7181.jpg	defaultimg_7181.jpg
49	2	default_camera:same_core	44.0	img_0181.jpg	defaultimg_0181-2.jpg
48	1	default_camera:same_core	38.85	img_0179.jpg	defaultimg_0179-2.jpg
47	1	default_other:same_core	202.13	dpp_0585.jpg	defaultdpp_0585.jpg
46	1	default_camera:same_core	76.05	img_0176.jpg	defaultimg_0176.jpg
44	1	default_camera:same_core	34.72	img_0175.jpg	defaultimg_0175-2.jpg
43	1	default_camera:same_core	96.28	img_0176.jpg	defaultimg_0176-3.jpg
41	1	default_camera:same_core	89.45	img_0175.jpg	defaultimg_0175-3.jpg
39	1	default_camera:same_core	40.09	img_0177.jpg	defaultimg_0177-2.jpg
37	1	default_camera:same_core	18.1	img_0176.jpg	defaultimg_0176-2.jpg
36	1	default_camera:same_core	114.84	img_0173.jpg	defaultimg_0173-2.jpg
35	1	default_camera:same_core	8.74	img_0913.jpg	defaultimg_0913-2.jpg
33	1	default_camera:same_core	96.52	img_0172.jpg	defaultimg_0172.jpg
31	1	default_camera:same_core	8.77	img_1244.jpg	defaultimg_1244.jpg
29	1	default_camera:same_core	37.38	img_0169.jpg	defaultimg_0169.jpg
28	1	default_camera:same_core	27.77	img_0402.png	defaultimg_e0402.jpg
26	1	default_camera:same_core	39.12	img_0173.jpg	defaultimg_0173.jpg
25	1	default_camera:same_core	35.45	img_0171.jpg	defaultimg_0171-2.jpg
22	2	default_camera:same_core	84.4	img_7180.jpg	defaultimg_7180.jpg
17	2	default_camera:same_core	179.81	img_1168.jpg	defaultimg_1169.jpg
14	1	default_camera:same_core	36.11	img_0170.jpg	defaultimg_0170-2.jpg
13	1	default_camera:same_core	33.29	img_0168.jpg	defaultimg_0168.jpg
12	1	default_camera:same_core	38.39	img_0166.jpg	defaultimg_0166-2.jpg
10	1	default_camera:same_core	38.61	img_0167.jpg	defaultimg_0167-2.jpg
9	1	default_camera:same_core	79.89	img_0167.jpg	defaultimg_0167.jpg
8	1	default_camera:same_core	58.37	img_0165.jpg	defaultimg_0165.jpg
7	1	default_camera:same_core	73.72	img_0166.jpg	defaultimg_0166.jpg
6	1	default_camera:same_core	43.13	img_0165.jpg	defaultimg_0165-2.jpg
5	1	default_camera:same_core	5.69	img_0163.jpg	defaultimg_0163-3.jpg
